question,context,answer
What wildlife corridor or habitat connectivity policies are described for Palm Beach County?,"Palm Beach County Comprehensive Plan 
Wildlife Corridors: 
• Mentioned first by name as a definition: “Wildlife corridor- widespread, continuous or 
near-continuous system of wildlife habitat that is established by linking wildlife 
preserves, sanctuaries, refuges, parks or open space areas to provide a pathway for 
wildlife movement.” 
• Policy 1.8-b: “[For West of the L-7 Canal] Specific Uses: Existing uses; Mining, 
excavation and other related uses consistent with the Overlay, and for Everglades 
restoration and water management purposes; Conservation, including wildlife corridors; 
Florida Power and Light (FPL) Power Plant and related cooling areas; and Employment 
Center 
• Objective 5.6 Greenways and the Linked Open Space System (GLOSS) 
o Three types of open space links or greenways are included in the Greenways 
andLinked Open Space Program. These are: ""Ecological/Conservation 
Greenways"" or ""Wildlife Corridors"", which connect conservation areas to allow 
animal migration (and primitive hiking where feasible); ""Small Ecological 
Greenways"" which allow connection of upland areas to preserve high quality 
native vegetation within urban areas; ""Passive Recreational Greenways ""which 
connect residential areas to parks, beaches, urban preserves and other open space 
features and which may use drainage canal maintenance areas and/or right-of-
way, and road rights-of-way for these connection.” 
• Policy 2.1-b: “The County shall continue to protect native plant and animal populations 
through all available methods including the mapped inventory and the requirements 
within the Unified Land Development Code by establishing preserves, buffers, 
greenways, wildlife corridors, and open spaces.” 
• Mentioned several more times in “Goal 5: Linked Open Space Network – Conservation 
Greenways/ Wildlife Corridors.” 
Land Acquisition: 
• Objective 1.5 (Three possible development scenarios). ""At the completion of Phase I, the 
BCC selected the Bond Alternative with direction for a bond referendum on land 
acquisition and for the Consultants to prepare Phase II.” 
• Policy 1.5-c:” The Board of County Commissioners shall develop and implement a land 
acquisition and/or development rights acquisition program, utilizing the Conservation 
Land Acquisition Selection Committee with staffing from County departments.” 
• Policy 5.6-e: “The County shall continue to implement the strategies contained within the 
Comprehensive Plan to achieve a GLOSS components and identify possible funding 

sources for land acquisition to link conservation areas, and to encourage the creation of 
environmental systems, and recreational areas.” 
Wildlife crossing: 
• There were several mentioning's of “railway crossings” for pedestrians, but none for the 
purpose of wildlife. 
Wildlife Surveys: 
• Policy 2.4-d: “The County shall continue to require listed species surveys for all sites 
known to or likely to contain listed species. The surveys shall be required prior to 
development approval or commencement of agricultural activities and shall include, but 
not be limited to, species type, location, and quantity.” 
• All other types of surveys mentioned were employer, health, or other user surveys that 
were not related to wildlife. 
Open Space Planning: 
• As mentioned earlier, the “Linked Open Space Program” specifically addresses open 
space planning. 
• From before: Policy 2.1-b: “The County shall continue to protect native plant and animal 
populations through all available methods including the mapped inventory and the 
requirements within the Unified Land Development Code by establishing preserves, 
buffers, greenways, wildlife corridors, and open spaces.” 
• Policy 1.1-c: “The recommendations of Citizen Advisory Groups and/or Review 
Committees as may be established or sanctioned from time to time by the Board of 
County Commissioners will be considered in the appropriate stages of the recreation and 
open space planning process.”

ources and Systems 
 
Palm Beach County shall ensure the protection of natural resources and systems by enforcing 
and monitoring existing environmentally related ordinances and developing ordinances, as 
needed, pursuant to the goals and policies of the Conservation Element. 
 
 
Policy 5.1-a:  Palm Beach County shall ensure the protection and stewardship of natural 
resources and systems, including quality uplands and wetlands, environmentally sensitive 
lands, wildlife habitats and regional water management areas. The County shall request 
review and comments from the South Florida Water Management District, Department of 
Environmental Protection, Florida Fish and Wildlife Conservation Commission, and other 
governmental/ environmental agencies, during the Plan amendment process. 
 
 
Policy 5.1-b:  The impact of development on natural resources and systems, including 
high quality coastal and inland wetlands and future potable water supply wellfield areas, 
as identified in the Future Land Use, Coastal Management, and Conservation Elements, 
shall be evaluated during the development review process to protect these resources from 
the adverse impacts associated with incompatible future land uses on or near such sites 
in accordance with ULDC Article 14.C. Vegetation Preservation and Protection. 
 
 
Policy 5.1-c:  During the development review process, the County shall determine the 
consistency of developments with any future resource planning and management plan 
prepared pursuant to Chapter 380, Florida Statutes and in accordance with ULDC Article 
7.D.9. Incompatibility Buffer. 
 
 
Policy 5.1-d:  The Planning and Zoning Divisions, in cooperation with the Department of 
Environmental Resource Management, shall continue to develop regulations and 
incentives providing for the use of buffering, or other land management techniques, to 
ensure compatibility with the function and purpose of conservation lands, and 
development of those properties adjacent to conservation lands. 
 
Policy 5.1-e: The County shall adopt site specific management plans for all natural areas 
within the County's Natural Areas Program designed to implement the Program goal of 
preserving their wilderness values to reflect the subtropical biological diversity 
characteristic of Palm Beach County in pre-development times. The plans will include 
facilities for passive public use, but such use shall not take precedence over ecosystem 
protection. 
 
 

 
Palm Beach County 
Page 123 - FLUE 
1989 Comprehensive Plan 
Revised 8/28/25 
 
Ordinance 2025-022 
OBJECTIVE 5.2 
Native Ecosystem Overlay 
 
Palm Beach County shall protect high quality native ecosystems within the unincorporated area 
of the County through establishment and maintenance of a Native Ecosystem Overlay. 
 
 
Policy 5.2-a: The Department of Environmental Resources Management shall provide for 
the preservation and protection of native vegetation and environmental systems by 
applying the Native Ecosystem Overlay through implementation of the Vegetation 
Preservation and Protection Ordinance. Areas identified shall require preparation of a 
written environmental assessment, as part of the environmental review process. This 
review will result in specific recommendations regarding purchase or development, subject 
to conditions such as reduced density or intensity of future land use, and increased set-
aside requirements. 
 
 
Policy 5.2-b:  Areas identified and designated as a Native Ecosystem Overlay shall be 
reviewed and may be re-designated to an appropriate future land use designation that 
furthers the protection of the native ecosystem.

It is the GOAL of Palm Beach County to preserve, protect, and enhance the County's natural 
resources, encouraging the highest possible environmental quality and best long-term 
management of natural resources.  
 
 
OBJECTIVE 1.1   
Codes, Ordinances, and Regulations 
 
The County shall continue to implement, revise, maintain and adopt new codes, ordinances and 
regulations as necessary, to protect and conserve the County's natural resources including:   
 
1. 
Air; 
 
 
 
 
2. 
Beaches, shores; 
3. 
Fisheries; 
4. 
Minerals; 
5. 
Other sensitive lands; 
6. 
Rivers; 
7. 
Soils; 
8. 
Water; and 
9. 
Wildlife and wildlife habitats. 
 
 
Policy 1.1-a: The County shall continue to implement and maintain the Goals, 
Objectives and Policies of this Plan through the following Ordinances:   
 
1. 
Biological Waste Incineration Facility Ordinance; 
2. 
Conservation Lands Protection Ordinance; 
3. 
Excavation Ordinance; 
4. 
Environmental Control Rule I; 
5. 
Environmental Control Rule II; 
6. 
Irrigation and Water Conservation Ordinance; 
7. 
Landscaping and Buffering Ordinance; 
8. 
Lot-Clearing Ordinance; 
9. 
Natural Areas Ordinance; 
10. 
Natural Areas Stewardship and Endowment Fund Ordinance; 
11. 
Petroleum Storage Systems Ordinance; 
12. 
Petroleum Cleanup Ordinance; 
13. 
Sea Turtle Protection/Sand Preservation Ordinance; 
14. 
Stormwater Pollution Prevention Ordinance; 
15. 
Unified Land Development Code; 
16. 
Vegetation Protection and Preservation Ordinance; 
17. 
Wellfield Protection Ordinance; and 
18. 
Wetlands Protection Ordinance. 
 
Policy 1.1-b: The County shall require that a written assessment of environmental and 
ecological impacts be performed by a qualified professional and reviewed by the 
Environmental Resources Management Department for all land use amendments to the 
Comprehensive Plan and Development Orders that are issued pursuant to the Plan. 

 
Palm Beach County 
Page 6 - C 
1989 Comprehensive Plan 
Revised 6/29/20 
 
 
Ordinance 2020-010 
OBJECTIVE 1.2 
Informational and Educational Activities  
 
The County shall provide information and educational activities for the citizens of the County to 
assist them in understanding the needs and issues related to the conservation and sustainable 
use of the County's natural resources.  
 
Policy 1.2-a: The County shall implement public information programs concerning 
natural resource issues including, but not limited to: 
 
1. 
Air quality; 
2. 
Beaches and dunes; 
3. 
Clean fill; 
4. 
Drinking water; 
5. 
Endangered and threatened species; 
6. 
Exotic species control; 
7. 
Hazardous waste; 
8. 
Illegal dumping; 
9. 
Natural and artificial reefs; 
10. 
Natural areas protection and stewardship; 
11. 
Prescribed burning; 
12. 
Septic tanks and wastewater use; 
13. 
Vegetation surplus; 
14. 
Volunteer opportunities; 
15. 
Water conservation; 
16. 
Waste management; 
17. 
Wellfield protection; and  
18. 
Wetlands. 
 
 
OBJECTIVE 1.3 
Wildfire Prevention 
 
The County shall implement the following policies applicable to Palm Beach County Natural 
Areas and those lands set-aside that are governed by a County approved management plan. 
 
Policy 1.3-a: The County shall continue to coordinate fire management on Palm Beach 
County Natural Areas with the Florida Division of Forestry and the appropriate County or 
municipal Fire-Rescue Department to mitigate the potential of wildfires.  The County’s 
Department of Environmental Resources Management (ERM) shall assist with 
Community Wildfire Protection Plans and Firewise Communities, and shall promote 
educational awareness of prescribed burning.

n and 
management of lands with significant native vegetation in the County.   
 
Policy 2.1-f: The County shall continue to coordinate with all applicable public and 
private entities to protect and conserve environmentally sensitive lands and native 
ecosystems through the environmental review process, joint acquisition and 
management processes, interlocal agreements, and through other available means.    
 
Policy 2.1-g: The County shall ensure that management plans are developed for 
County-owned or County-managed natural areas (Environmentally Sensitive Lands) and 
that the uses allowed on these lands are limited to those uses that are compatible with 
and preserve the natural character of the natural area (e.g., passive recreation, 
environmental education, scientific research). 
 
Policy 2.1-h: The County has purchased, and shall continue to purchase, lands with 
significant native vegetation for the long-term protection of these high-quality native 
ecosystems utilizing the remainder of the $100 million bond passed in 1991 by the 
citizens of Palm Beach County for the acquisition of lands with significant native 
vegetation in the County and the 1999  Conservation Bond providing $150 million for the 
acquisition of lands with significant native vegetation, land for water resources, 
greenways, agricultural lands and open space.  $100 million is designated for land 
purchases in the Agricultural Reserve for the above purposes and $50 million is 
designated for the purchase of lands with significant native vegetation and greenways 
throughout the County.  The County also has applied for and shall continue to apply for, 
State and/or Federal matching funds for the acquisition and management of these lands. 
 
 
OBJECTIVE 2.2 
Wetlands 
 
 
The County shall maintain the functions and values provided by freshwater and marine wetlands 
so there will be no net loss of wetland functions and values due to development or other 
activities.   Cross Reference:  See Coastal Management Element Policy 1.1-c. 
 
Policy 2.2-a: The County shall continue to implement the Wetlands Protection Section 
of the Unified Land Development Code and shall continue to review and comment on 
wetland alteration applications being reviewed by other agencies to ensure that no 
activity results in the net loss of wetland values and functions. The County shall ensure 
that the following steps are taken, in order, when assessing proposed activities that may 
result in wetland impacts:   
 
 
1. 
Avoidance of wetland impacts  
 
2. 
Minimization of unavoidable wetland impacts  
 
3. 
Compensation for wetland impacts through mitigation 

 
Palm Beach County 
Page 9 - C 
1989 Comprehensive Plan 
Revised 6/29/20 
 
 
Ordinance 2020-010 
 
 
Policy 2.2-b: The County shall require, for any wetland that is degraded or destroyed, 
that mitigation be provided through the creation of new wetland habitat, through the 
restoration of degraded habitat, or through the enhancement of functions and values 
provided by existing habitat.  Mitigation efforts that include creating new wetland habitats 
shall be designed, constructed, and maintained in a manner which will reflect the habitat 
being altered, degraded or destroyed.

fuel costs and less maintenance, and reducing reliance on foreign oil 
imports are the main objectives of the program.  The County's participation will involve 
performing vehicle conversions, assisting in the establishment of a refueling station, 
vehicle maintenance, record keeping and ""technology transfer"" with other interested 
public or private fleet operators.  Participation will be contingent on the availability of a 
dedicated funding source approved by the Board of County Commissioners.  The 
County's Fleet Management Division, in close coordination with the Palm Beach County 
Health Department's Air Pollution Control Section, will be primarily responsible for this 
program. 
 
 

 
Palm Beach County 
Page 16 - C 
1989 Comprehensive Plan 
Revised 6/29/20 
 
 
Ordinance 2020-010 
GOAL 5: 
LINKED OPEN SPACE NETWORK - CONSERVATION GREENWAYS/ 
WILDLIFE CORRIDORS  
 
It is the GOAL of Palm Beach County to provide a Linked Open Space System that allows for 
the conservation of greenways and wildlife corridors that serve as linkages to lands with 
significant native vegetation and conservation areas.  
 
OBJECTIVE 5.1 
Greenways and Corridors 
 
The County shall create Conservation Greenway/Wildlife Corridors linking Conservation Areas 
and lands with significant native vegetation to better preserve natural areas and support 
endangered species, threatened species, and species of special concern (hereinafter referred to 
as listed species). These corridors are included in the Plan as part of a linked open space 
network in order to assure survival of species that would be jeopardized by isolation.  
Management plans for wildlife corridors, conservation areas and preserves shall include such 
passive human recreational uses as hiking and bird watching when such uses will not 
jeopardize environmental resources. 
 
Policy 5.1-a: Conservation Lands and Greenway/Wildlife Corridors are identified on the 
maps entitled “Conservation Lands” and ""Greenways and Linked Open Space System"" 
and shall be recognized as a part of the overall land use pattern of the Palm Beach 
County Comprehensive Plan.  The corridors, which were identified with the expert 
assistance of local, state, and federal agencies and with public input, shall be protected 
during the Land Development process to the maximum extent feasible when such 
protection does not result in a taking of private property or an inordinate burden to 
private property pursuant to the Burt J. Harris, Jr., Private Property Rights Protection 
Act.  Cross reference: ROSE Policy 1.4-f. 
 
Policy 5.1-b: The County in concert with other jurisdictions shall continue to identify 
those portions of Conservation lands and Greenways/Wildlife Corridors which should be 
acquired, and shall jointly continue to seek grant funds, negotiate life estates, 
conservation easements, transfer of development rights, land exchanges or fee simple 
acquisition if necessary to preserve vital portions of wildlife corridors. Cross reference: ROSE 
Policy 1.4-a. 
 
Policy 5.1-c: 
Deleted in Amendment Round 12-1. 
Policy 5.1-d: 
Deleted in Amendment Round 07-2. 
 
OBJECTIVE 5.2  
Upland Set-Aside Connections  
 
The County shall encourage upland set-aside connections, which will preserve these areas and 
provide habitat for listed species.","Based on the provided excerpts from the Palm Beach County Comprehensive Plan, the following wildlife corridor or habitat connectivity policies are described:

1. **Definition of Wildlife Corridors**: The plan defines a wildlife corridor as ""a widespread, continuous or near-continuous system of wildlife habitat that is established by linking wildlife preserves, sanctuaries, refuges, parks or open space areas to provide a pathway for wildlife movement"" [Palm Beach County, pp. 1-2].
2. **Policy 1.8-b**: This policy specifies that in the area west of the L-7 Canal, conservation uses, including wildlife corridors, are allowed [Palm Beach County, pp. 1-2].
3. **Objective 5.6 Greenways and the Linked Open Space System (GLOSS)**: This objective includes three types of open space links or greenways, including ecological/conservation greenways or wildlife corridors, which connect conservation areas to allow animal migration [Palm Beach County, pp. 1-2].
4. **Policy 2.1-b**: The County shall continue to protect native plant and animal populations through all available methods, including the mapped inventory and the requirements within the Unified Land Development Code, by establishing preserves, buffers, greenways, wildlife corridors, and open spaces [Palm Beach County, pp. 1-2].
5. **Policy 5.1-a**: The County shall ensure the protection and stewardship of natural resources and systems, including wildlife habitats, and shall request review and comments from relevant agencies during the Plan amendment process [Palm Beach County, pp. 164-166].
6. **Policy 5.1-b**: The impact of development on natural resources and systems, including wildlife habitats, shall be evaluated during the development review process to protect these resources from adverse impacts [Palm Beach County, pp. 164-166].
7. **Policy 5.1-e**: The County shall adopt site-specific management plans for all natural areas within the County's Natural Areas Program, which shall include facilities for passive public use, but such use shall not take precedence over ecosystem protection [Palm Beach County, pp. 164-166].
8. **Policy 5.1-a**: Conservation Lands and Greenway/Wildlife Corridors are identified on the maps entitled ""Conservation Lands"" and ""Greenways and Linked Open Space System"" and shall be recognized as a part of the overall land use pattern of the Palm Beach County Comprehensive Plan [Palm Beach County, pp. 354-355].
9. **Policy 5.1-b**: The County in concert with other jurisdictions shall continue to identify those portions of Conservation lands and Greenways/Wildlife Corridors which should be acquired, and shall jointly continue to seek grant funds, negotiate life estates, conservation easements, transfer of development rights, land exchanges or fee simple acquisition if necessary to preserve vital portions of wildlife corridors [Palm Beach County, pp. 354-355].

These policies demonstrate a commitment to protecting and preserving wildlife corridors and habitat connectivity in Palm Beach County."
Does Alachua County mention open space preservation or greenways in its comprehensive plan?,"Conservation policies of Alachua
County.
Policy 1.1.4      Higher urban densities than designated on the Future Land Use Map may be allowed for
housing as established by policies in the Housing Element of the Comprehensive Plan.
Policy 1.1.5           Master planning of all contiguous land under common ownership or control is strongly
encouraged.
OBJECTIVE 1.2 -             LOCATION, MIX OF USES, AND IMPLEMENTATION CONSISTENT WITH MARKET DEMAND
Provide for adequate future urban residential development that includes a full range of housing types and densities to serve
different segments of the housing market, designed to be integrated and connected with surrounding neighborhoods and the
community, with opportunities for recreation and other mixed uses within walking or bicycling distance.
Policy 1.2.1      Residential areas shall allow mixed uses in traditional neighborhood developments free
from the influence and encroachment of incompatible land uses, such as heavy industrial, and
inappropriately scaled or designed developments, such as large-scale retail. In mixed use traditional
neighborhood developments, appropriately scaled and designed non-residential land uses are compatible
with single family or multi-family residential development. Mixed use traditional neighborhood
developments shall be allowed in residential zoning districts and through the planned development
process.
Policy 1.2.1.1  Residential areas shall be designed to provide for an interconnected system of internal
circulation, including the provision of streets dedicated to the public connecting the residential area
to the major street system.  New development shall not preclude public access to the development. 
Residential areas shall also be designed to provide for substantial interconnectivity between adjacent
developments and within developments, except where such connectivity is precluded by constraints
resulting from physical layout of existing development or environmental features. The land
development regulations shall detail the requirements for public access and substantial
interconnectivity based on standards such as a connectivity index, maximum separations between
connections to adjacent developments, and rules relative to hours, operations, and public safety
considerations for any restriction of access through use of gates.
Policy 1.2.1.2   Landscapes, buffers, natural areas or transitional development practices shall be
utilized in site planning to lessen impacts and integrate development along the edges of different
land use categories, screen undesirable views, preserve tree canopy and vegetation in accordance
with the Conservation and Open Space Element, and facilitate the safe movement of traffic and
pedestrians in vehicle use areas.  Such practices may take the form of any combination of the followi
Top

       (a)         undisturbed natural areas of non-invasive trees and plants;
(b)         landscaped open spaces with canopy trees and under-story trees and plants;
(c)         physical elements that do not impede the interconnectivity of pedestrian, bicycle, and
automobile facilities, such as landscaped screens, walls, or fences; or
(d)         development practices to use massing, scale of structures, design, and transitions of
intensity of uses to provide for building types, building sizes, and activities that are similar to or
compatible with the character of the surrounding neighborhood and community.

pproved by
Alachua County. The circulator may utilize dedicated transit lanes if approved by the County
Engineer.
(n)         To provide the highest level of pedestrian and bicycle accommodation, land uses with
drive-thru facilities are prohibited in the VC. In recognition of greater levels of vehicular traffic on
SW 45th Street and Celebration Pointe Avenue, land uses with drive-thru facilities in the TSA are
allowed so long as the drive-thru facilities are located to the rear of the building and screened
from adjacent streets. In recognition of existing commercial and tourist entertainment land uses
oriented to serve demand from Interstate 75 and Archer Road, drive-thru facilities outside the
TSA are permitted and shall be developed consistent with the general standards of the land
Top

development regulations applicable to all districts where said use is permitted. Where drive-thru
facilities cross a pedestrian facility, appropriate marking and /or materials shall be provided to
provide for safe pedestrian crossing.
(o)         To provide the highest level of pedestrian and bicycle accommodation, land uses for the
dispensing of fuel, cleaning or servicing of vehicles are prohibited in the VC and TSA. In
recognition of existing commercial and tourist entertainment land uses oriented to serve demand
from Interstate 75 and Archer Road, land uses for the dispensing of fuel, cleaning or servicing of
vehicles are allowed outside the TSA are permitted and shall be developed consistent with the
general standards of the land use development regulations applicable to all districts where said
use is permitted. 
(p)         Mini-storage land uses are prohibited within the VC. Mini-storage uses are permitted
within the TSA and outside the TSA so long as they are located along the periphery. The square
footage of mini-storage units shall be excluded from allowable non-residential development.
(q)         Outdoor storage of boats, recreational vehicles, golf carts, jet skis, trailers and all-terrain
vehicles may be provided for residents of the development for non-commercial purposes along
the periphery of the TSA and outside the TSA. Outdoor storage shall be enclosed by a 10’ tall
masonry wall and a medium density landscape buffer.
Policy 1.9.4      Landscaping
A tree mitigation phasing shall be provided, subject to County approval, to phase the planting of trees within blocks and
stormwater management areas concurrent with development of adjacent buildings. Trees required for public roads shall
be planted prior to acceptance of the roads by the County and warrantied per the same requirements as established for
the roads.
 
2.0 URBAN ACTIVITY CENTER POLICIES
OBJECTIVE 2.1 – GENERAL
Promote efficient use of land through designation of Activity Centers within the Urban Cluster which provide for nodes of
higher density and intensity mixed uses that are interconnected with other commercial, employment, light industrial, and
institutional centers within Alachua County through a system of multimodal corridors and a public transit system.  Urban
design standards for Activity Centers will provide for compact, mixed use, and pedestrian-friendly development, which is
functionally integrated with surrounding land uses.
Policy 2.1.1      Activity Centers are identified and designated on the Future Land Use Map.
Top

gs and public facilities (fire protection, law enforcement, administrative
offices, postal service).
(2)         Office uses may include only administrative and professional activities in the fields of
health care, law, engineering, architecture, accounting, real estate, and other business and
professional services as defined by Alachua County Zoning Regulations.
(3)         Residential land uses shall be utilized as transitional uses from institutional and office
uses within the activity center to existing residential land uses within the Activity Center or
existing or proposed residential land uses adjacent to the Activity Center. 
(4)         Commercial uses shall be allowed on the 4.4-acre parcel located in the northeast
quadrant of the SW 75th Street and SW 24th Avenue intersection.  The parcel shall be limited
to a maximum 15,000 ft2 stand-alone retail drug store with prescription-only, drive-through
window.   The Planned Development zoning district shall be required to ensure that the
remaining undeveloped portion of the site will be maintained as open space and that
buffering will be maximized to ensure compatibility with surrounding uses.
Policy 2.2.5      Archer Road/Tower Road Activity Center Plan
(a)         General
(1)                 It is the intent of this Activity Center Plan to promote the area around the
intersection of Archer Road (State Road 24) and Tower Road (SW 75th Street) as a Low-
Medium Activity Center/Retail intensity focal point.  In so doing, it should be developed as a
Top

mixed-use center, allowing the general land use classifications identified on the Activity
Center Plan map.
(2)         As a Low/Medium Activity Center, development orders should be issued consistent
with the policies and standards of this Low-Medium Activity Center/Retail plan.
(3)         The boundary lines for the four quadrants shall be determined by the intersection of
Archer Road and the ""New"" Tower Road alignment.  Land use boundaries are conceptual in
nature and may be adjusted as necessary during the development plan review process;
however, the relative acreage shall remain the same.
Policy 2.2.6      North Main Street/53rd Avenue Low-Industrial Activity Center
(a)         General
(1)                 The Activity Center provides for principal land use of industrial with possible
secondary supporting uses of commercial, office or institutional.
(2)         The internal boundaries shown for different land uses on the Future Land Use Map
are intended to be conceptual in nature and final boundaries shall be determined at site plan
approval.  No land use shall be developed within the rights-of-way of the North Main Street
extension.
(b)         Land Use
(1)         Industrial land uses may include all uses permitted in Alachua County industrial
zoning categories appropriate with the environmental limitations of the area, such as
warehousing, transportation and distribution, manufacturing and fabrication.
(2)         Conservation areas shall be set aside of the approximate size, shape and location
shown on the Future Land Use Map to protect selected cypress wetlands.   The actual
boundaries of the conservation areas shall be determined by field survey with the Alachua
County Department of Environmental Protection at site plan approval.
(c)         Environment
(1)                 All facilities within the Activity Center shall comply with hazardous materials
management and Murphree Well Field Management Ordinances in effect at the time of site
plan approval.   As such, below-ground storage of hazardous materials shall be prohibited
(except for storage of automobile fuels).  Above-ground storage of hazardous materials shall
be permitted only in those instances where secondary containment and hazardous materials
management plans are provided.
Top

approximate size, shape and location
shown on the Future Land Use Map to protect selected cypress wetlands.   The actual
boundaries of the conservation areas shall be determined by field survey with the Alachua
County Department of Environmental Protection at site plan approval.
(c)         Environment
(1)                 All facilities within the Activity Center shall comply with hazardous materials
management and Murphree Well Field Management Ordinances in effect at the time of site
plan approval.   As such, below-ground storage of hazardous materials shall be prohibited
(except for storage of automobile fuels).  Above-ground storage of hazardous materials shall
be permitted only in those instances where secondary containment and hazardous materials
management plans are provided.
Top

(2)         Establishment of base flood elevations in conformance with the Federal Emergency
Management (FEMA) standards shall be required.  In addition, the criteria of the County's
Flood Prone Area Ordinance shall be met where applicable.
Policy 2.2.7      Jonesville Low Activity Center/Employment
(a)         General
(1)                 It is the intent of this Activity Center plan to promote the area around the
intersection of Newberry Road (State Road 26) and State Road 241 as a low intensity
employment oriented focal point.  In so doing, it should be developed as a mixed use center
(i.e., commercial, open space, office/business park, institutional, and residential), allowing
for the general land use classifications identified on the Future Land Use Map.
(2)         Land use boundaries are conceptual in nature and may be adjusted as necessary
during the zoning and site plan review process; however, relative acreages shall remain the
same.
(b)         Land Use
(1)                 Commercial activities shall be permitted, including a shopping center where
commercial land use is designated on the Activity Center map, subject to Section 2.2.9.2.d. 
and phasing requirements.
(2)         All proposed development is required to be served by central water and sewer.
(3)         The office/business park designation may include such uses as administrative and
professional offices (including medical clinics but excluding hospitals); corporate
headquarters, including related supporting services and storage; sales and marketing offices;
sales and service offices related to electronic equipment, computers and similar office
equipment, including repair incidental to sales and service; data and communication centers
including information processing facilities; research and development facilities; hotels and
meeting facilities; government and community administrative facilities; light assembly of
products from previously manufactured materials (for example jewelry, fabricated metal
products, furniture, plastic and wood); industrial engineering and analysis facilities; business
services such as office supplies, copy/print centers, medical supplies, pharmacies and travel
agencies; lending institutions; day care centers; technical colleges, business schools and job
training centers; free-standing sit down restaurants, without drive through and having
seating capacity greater than 150 seats; health clubs/recreation facilities; and their
customary accessory uses.  These uses shall be consistent with the policies set forth in this
Activity Center, as well as any County land development regulations.
Top

follow up to the Comprehensive Plan update, the Future Land Use Map shall
be reevaluated to consider reclassification of areas designated for Rural Commercial-Agriculture
uses as Agriculture. (These parcels are undeveloped rural sites with commercial zoning
classifications established prior to October 2, 1991.)
 
To Be Continued on Page 2 (/CompPlan/FutureLandUse2)
v 1.0.4.7
Alachua County aims to continually improve the accessibility and usability of its website. If you are an
individual with a disability and you experience difficulty or require assistance or accommodation in using our
website, please contact the Alachua County ADA Coordinator at ADA@alachuacounty.us or call the Alachua
County Equal Opportunity Office at 352-374-5275; TDD/TTY Users please call 711 Florida Relay Service.
If you have a disability and need an accommodation in order to participate in a County program, service or
public meeting, please contact the Equal Opportunity Office at 352-374-5275 at least 2 business days prior to
the event. TDD users, please call 711 (Florida Relay Service).
To make a public records request: please contact the Public Records Custodian at (352) 264-6906 or 
publicrecordsrequest@alachuacounty.us. Please visit the Public Records Request
(https://alachuacounty.us/Depts/Communications/Pages/PublicRecordsRequest.aspx) webpage for more information.
This website is a public service. Please read the Legal Disclaimer. Website designed and engineered by
Alachua County ITS, Applications Division Version 2014 (v1.0) Under Florida law (Statute 119.011), all
information, including e-mail, written letters, documents and phone messages, sent to the Alachua County
Click Here to View Current Emergency Orders (https://info.alachuacounty.us/emergency-orders/?
_gl=1*lr7z2p*_ga*Mjc0MDc1NTUuMTc2MDU0OTg0MA..*_ga_8BZDCPK2VM*czE3NzEzNTA3NTEkbzE0JGcxJHQxNzcxMzUxMDY1JGo1NSRsMCRoMA..)
View Alachua County's Website Accessibility Policy And Procedures (https://alachuacounty.us/Depts/EO/Pages/Website-
Accessibility.aspx)
Top

Board of County Commissioners is subject to Public Records law. This includes the sender's e-mail address,
home address or phone number if shown in the message, the content of the message and any associated
attachments to the mail. Also please be aware that electronic correspondence (e-mail) is made available on
the Commission's public archive site immediately upon being sent. Instead, contact Alachua County Offices by
phone or in writing.
Under Florida law, e-mail addresses are public records. If you do not want your e-mail address released in
response to a public records request, do not send electronic mail to this entity. Instead, contact this office by
phone or in writing.
As part of an ongoing accessibility initiative we are using the Siteimprove Intelligence PlatformTM to help
identify and prioritize accessibility issues on our website.

Background image: Newnans Lake provided by: PhotoTale Studio, Portrait, Family and Landscape
Photographer in Gainesville, FL
Top","Based on the provided excerpts from the Alachua County comprehensive plan, it appears that Alachua County does mention open space preservation and greenways in its comprehensive plan.

In Excerpt 1, Policy 1.2.1.2 mentions the utilization of ""landscapes, buffers, natural areas or transitional development practices"" to ""lessen impacts and integrate development along the edges of different land use categories, screen undesirable views, preserve tree canopy and vegetation in accordance with the Conservation and Open Space Element"" [Alachua County, p.4]. This suggests that the county has a policy aimed at preserving open spaces and natural areas.

Additionally, in Excerpt 3, Policy 2.2.6 (North Main Street/53rd Avenue Low-Industrial Activity Center) mentions the establishment of ""conservation areas"" to ""protect selected cypress wetlands"" [Alachua County, p.65]. This policy aims to preserve and protect specific natural areas within the activity center.

However, it is worth noting that the term ""greenways"" is not explicitly mentioned in the provided excerpts. Nevertheless, the policies mentioned above suggest that the county has a commitment to preserving open spaces and natural areas, which could be interpreted as including greenways.

In summary, while the term ""greenways"" is not explicitly mentioned, the comprehensive plan does contain policies aimed at preserving open spaces and natural areas, which could be related to greenways. [Alachua County, pp.4, 65]"
What land acquisition or conservation acquisition policies apply in Collier County?,"Collier County: Growth Management Plan 
• Adoption and Timeline: The Conservation and Coastal Management Element was 
adopted in October 1997. 
• Amendments: The plan has been amended frequently, with signiﬁcant updates in 2015 
and a recent amendment on September 27, 2022. 
• Wildlife Corridors and Crossings: The plan mandates the preservation of corridors and 
requires roadway crossings, underpasses, and signage where roads intersect these paths. 
• Wildlife Surveys: A survey is mandatory for all parcels (excluding single-family homes) if 
listed species are observed or if the site contains similar biological communities. 
• Land Acquisition: The County targets Natural Resource Protection Areas (NRPAs) for fee-
simple purchase through public referenda and state/federal programs. 
• Open Space Planning: Developers must retain between 10% and 90% of native vegetation 
on-site depending on the project's location and size.

Policies under this Objective apply to all of Collier County except for that 
portion of the County which is identified on the Countywide Future Land Use Map (FLUM) as the 
Rural Lands Stewardship Area Overlay.) 
(II)(III)(VI)(IX)(X)(XI)(XII)  
Policy 6.1.1: 
For the County’s Urban Designated Area, Estates Designated Area, Conservation Designated 
Area, and Agricultural/Rural Mixed Use District, Rural-Industrial District and Rural-Settlement 
Area District as designated on the FLUM, native vegetation shall be preserved through the 
application of the following minimum preservation and vegetation retention standards and criteria, 
unless the development occurs within the Area of Critical State Concern (ACSC) where the ACSC 
standards referenced in the Future Land Use Element shall apply.  Notwithstanding the ACSC 
requirements, this Policy shall apply to all non-agricultural development except for single-family 
dwelling units situated on individual parcels that are not located within a watershed management 
conservation area identified in a Watershed Management Plan developed pursuant to Policies 
supporting Objective 2.1 of this Element.  For property in Golden Gate Estates and designated 
Residential Estates in the Golden Gate Area Master Plan, the subdivision of parcels up to 13 
acres in size into single family lots shall be treated as single family dwelling units under the 
preceding sentence.  For properties not previously within the Coastal High Hazard Area but now 
within the Coastal High Hazard Area due to adoption of a revised Coastal High Hazard Area 
boundary in 2013, the native vegetation preservation and retention standards of the Non-Coastal 
High Hazard Area shall continue to apply.  (Reference the Coastal High Hazard Area Comparison 
Map in the Future Land Use Element.) 
 
 
(XII) = Plan Amendment by Ordinance No. 2019-28 on September 14, 2019 
 

Conservation and Coastal Management Element as of Ordinance No. 2022-35B adopted September 27, 2022 
 
 
17 
 
 
 
Coastal High Hazard Area 
Non-Coastal High Hazard Area 
 
Residential and Mixed 
Use Development 
 
Less than 2.5 acres 
10% 
 
Equal to or greater 
than 2.5 acres  
25% 
 
 
Less than 5 acres. 10% 
 
Equal to or greater than 5 acres 
and less than 20 acres. 
15% 
 
Equal to or 
greater than 20 ac. 
25% 
 
Golf Course  
 
 
35% 
 
35% 
 
Commercial and 
Industrial 
Development  
 
Less than 5 acres.  
10% 
 
Equal to or greater 
than 5 acres.  15% 
 
Less than 5 acres. 10% 
 
Equal to or  
greater than 5 acres. 15% 
 
Industrial 
Development (Rural-
Industrial District only) 
 
 
50%, not to exceed 25% of the 
project site. 
 
 
50%, not to exceed 25% of the 
project site. 
 
 
The following standards and criteria shall apply to the vegetation retention requirements 
referenced above. 
(1) For the purpose of this Policy, “native vegetation” is defined as a vegetative community 
having 25% or more canopy coverage or highest existing vegetative strata of native plant 
species.  The vegetation retention requirements specified in this Policy are calculated 
based on the amount of “native vegetation” that conforms to this definition. 
(2) The preservation of native vegetation shall include canopy, under-story and ground cover 
emphasizing the largest contiguous area possible, which may include connection to offsite 
preserves.

Protection of native vegetation and wildlife habitat; 
7. 
Protection of fisheries and wildlife; 
8. 
Maintenance of existing air quality; 
9. 
Management of hazardous materials and hazardous wastes; 
10. 
Protection of coastal resources; 
11. 
Protection of historic resources; 
12. 
Hurricane evacuation and sheltering;  
13. 
Avoiding duplication of regulations; and 
14. 
Reduction of flood risks that result from high tide events, storm surge, flash floods, 
stormwater runoff, and the related impacts of sea level rise. 
 
 
 
 
 
 
 
 
 
 
 
 
 
 
 
 
 
 
 
 
 
 
 
 
 
 
 
 
 
 
(XIII) = Plan Amendment by Ordinance No. 2022-17 on May 10, 2022 
 

Conservation and Coastal Management Element as of Ordinance No. 2022-35B adopted September 27, 2022 
 
 
3 
II. GOALS, OBJECTIVES & POLICIES 
GOAL 1:  
(IX) 
TO PLAN FOR THE PROTECTION, CONSERVATION, MANAGEMENT AND APPROPRIATE 
USE OF THE COUNTY’S NATURAL RESOURCES. 
 
(VI)(IX)(XI)  
OBJECTIVE 1.1: 
Maintain a comprehensive environmental management and conservation program to ensure that 
natural resources, including State and Federally listed animal species within the County are 
properly, appropriately, and effectively identified, managed, and protected.  
 
(VI)(XI) 
Policy 1.1.1: 
Collier County has established and will maintain an Environmental Advisory Council (EAC), which 
advises and assists the appropriate County agencies, the Collier County Planning Commission 
(CCPC) and the Board of County Commissioners (BCC) in implementing the County’s 
environmental resources management programs. 
 
(VI)(XI) 
Policy 1.1.2: 
Collier County has incorporated the Goals, Objectives and Policies of this Conservation and 
Coastal Management Element into the Collier County Land Development Code as the County’s 
standards for environmental resources protection and management.  The Land Development 
Code shall be revised, to reflect the adoption of new and/or revised natural resources 
management and environmental protection standards and criteria. 
 
(VI) 
Policy 1.1.3: 
Collier County shall continue to support established environmental policies by maintaining an 
appropriately administered and professionally staffed governmental unit capable of developing, 
administering, and providing long-term direction for the protection and management of the 
County’s environmental resources. 
 
(VI) 
Policy 1.1.4: 
The appropriate County agencies shall continue cooperation with private natural resource 
conservation and management organizations, as well as Regional, State, and Federal 
environmental agencies and will work with other local governments to identify and manage shared 
natural resources. 
 
(VI) 
Policy 1.1.5: 
Collier County shall maintain a conservation program, which attempts to equitably balance the 
relationship between the benefits derived from, and the costs incurred by such a program to both 
the public and private sectors. 
 
 
 
 
 
 
 
 
 
 
 
(XI) = Plan Amendment by Ordinance No. 2017-20 on June 13, 2017 
 

Conservation and Coastal Management Element as of Ordinance No. 2022-35B adopted September 27, 2022 
 
 
4 
(V)(VI)(IX) 
Policy 1.1.6: 
In those areas of the County where oil extraction and related processing is an allowable use, such 
use shall be subject to applicable state and federal oil and gas permits and the County’s non-
environmental site development plan review procedures.

ment plan.  For a proposed residence which is to be located within a 
 
watershed management conservation area identified in a Watershed Management Plan 
 
developed pursuant to Policies supporting Objective 2.1 of this Element, the appropriate 
 
jurisdictional permit shall be required prior to commencement of development. 
(IX) 
(4) Collier County shall continue to work with federal and state agencies to identify properties 
 
that have a high probability of wetlands and animal listed species occurrence.  The 
 
identification process will be based on hydric soils data and other applicable criteria.  Once 
 
this identification process is complete, the County will determine if the process is sufficiently 
 
accurate to require federal and state wetland approvals prior commencement of 
 
development.  The County shall use information on wetland and/or listed species occurrence 
 
to inform property owners of the potential existence of wetlands and/or listed species on 
 
their property. 
(5) Within one year after Watershed Management Plans are accepted by the Board of County 
Commissioners, Collier County shall develop and implement additional means to protect 
wetland systems identified in each Plan for preservation or restoration.  Means to consider 
include innovative landowner incentives, transferable development rights, tax relief, land or 
easement acquisition, state and federal grants, and enhanced regulations. 
 
 (II) 
Policy 6.2.8:  
For the County’s Rural Lands Stewardship Area (RLSA) Overlay, as designated on the FLUM, 
wetlands shall be preserved pursuant to the RLSA Overlay policies found in the Future Land Use 
Element.  
 
(II)(III)(XI) 
Policy 6.2.9:                  [re-numbered to reflect merger of Ordinance No. 2002-32 and 2002-54] 
The County shall provide for adequate staff to implement the Policies supporting Objective 6.2. 
 
 
(II)(III)(XI) 
OBJECTIVE 6.3:  
Protect and conserve submerged marine habitats. 
 
(II)(III) 
Policy 6.3.1:  
The amount of permitted wet slips for marinas shall be no more than 18 boat slips for every 100 
feet of shoreline where impacts to sea-grass beds are less than 100 square feet.  When more 
than 100 square feet of sea-grass beds are impacted, then no more than 10 boat slips for every 
100 feet of shoreline are allowed.  
 
(II)(III) 
Policy 6.3.2:  
Impacts to sea-grass beds shall be minimized by locating boat docks more than 10 feet from 
existing sea-grass beds.  Where this is not possible, boat docks shall be sited to impact the 
smallest areas of sea-grass beds possible, be no lower than 3.5 feet NGVD, have a terminal 
platform no greater than 160 square feet, and have the access dock be no wider than 4 feet. 
 
 
 
 
 
(XI) = Plan Amendment by Ordinance No. 2017-20 on June 13, 2017 
 

Conservation and Coastal Management Element as of Ordinance No. 2022-35B adopted September 27, 2022 
 
 
33 
(II)(III) 
Policy 6.3.3:  
The protection of sea-grass beds shall be a factor in establishing new, or revising existing, speed 
zones to regulate boat traffic. 
 
 
(II)(III)(XI) 
OBJECTIVE 6.4:  
Protect, conserve and appropriately use ecological communities shared with or tangential to State 
and Federal lands and other local governments.

extraction operations shall comply with standards and criteria as provided in the County's 
Excavation and Blasting Ordinances. 
 
(VI) 
Policy 5.1.3: 
Depth of excavation and dewatering shall be restricted in areas where saline water can intrude 
into the bottom of the pits. (Also, refer to Policy 3.3.1.)  
 
(VI) 
Policy 5.1.4: 
Collier County shall monitor the status of all established state water quality monitoring programs 
for mineral extraction activities.  The results of the permitted monitoring program shall be copied 
to Collier County.  In the event that a mining operation is in violation of water quality parameters 
established by the permit, Collier County shall have the right to order a suspension of the mining 
activities until the water quality violation is resolved.  
 
 
OBJECTIVE 5.2: 
Continue to reclaim the total disturbed area of extraction sites in order to ensure adequate 
assessment and mitigation of site specific and cumulative impacts resulting from mineral 
extraction activities.  
 
(VI) 
Policy 5.2.1: 
Reclamation standards for mineral extraction activities shall be as required by the 1986 State of 
Florida Resource Extraction Reclamation Act, and as referenced in Section 22-112, of the Collier 
County Code of Laws and Ordinances, as amended.  
 
 
 
 
 
(IX) = Plan Amendment by Ordinance No. 2013-12 on January 8, 2013 
 

Conservation and Coastal Management Element as of Ordinance No. 2022-35B adopted September 27, 2022 
 
 
16 
(VI)(IX) 
OBJECTIVE 5.3:  
Periodically assess the types, quantities and location of minable mineral resources within the 
County. 
(VI)(IX) 
Policy 5.3.1: 
The County’s Engineering Review Services Section shall work with the Florida Department of 
Environmental Protection, the Florida Geological Survey and local mining industry officials to 
inventory and assess the existing mineral reserves in Collier County.  The inventory and 
assessment shall incorporate use of a GIS-based database of all areas within the County that are 
permitted, either by right, or through a conditional use permit, to conduct mineral extraction 
operations as well as the volume of fill that is permitted to be removed for each such active mineral 
extraction operation. 
(XI) 
OBJECTIVE 5.4: 
Maintain the County’s program to control soil erosion through its regulations identifying criteria to 
control and reduce soil erosion and sediment transport from construction and other 
nonagricultural land disturbing activities. 
Policy 5.4.1: 
Rely on the USDA Natural Resources Conservation Service to provide the County with 
appropriate soil conservation guidelines for agriculture. 
(IX)(X) 
GOAL 6:  
TO IDENTIFY, PROTECT, CONSERVE AND APPROPRIATELY USE NATIVE VEGETATIVE 
COMMUNITIES AND WILDLIFE HABITAT.  
(II)(III)(VI)(IX)(XI)  
OBJECTIVE 6.1: 
Protect native vegetative communities through the application of minimum preservation 
requirements.  (The Policies under this Objective apply to all of Collier County except for that 
portion of the County which is identified on the Countywide Future Land Use Map (FLUM) as the 
Rural Lands Stewardship Area Overlay.) 
(II)(III)(VI)(IX)(X)(XI)(XII)  
Policy 6.1.1: 
For the County’s Urban Designated Area, Estates Designated Area, Conservation Designated 
Area, and Agricultural/Rural Mixed Use District, Rural-Industrial District and Rural-Settlement 
Area District as designated on the FLUM, native vegetation shall be preserved through the 
application of the following minimum preservation and vegetation retention standards and criteria, 
unless the development occurs within the Area of Critical State Concern (ACSC) where the ACSC 
standards referenced in the Future Land Use Element shall apply.","Based on the provided excerpts from the Collier County comprehensive plan, the following land acquisition or conservation acquisition policies apply:

1. **Wildlife Corridors and Crossings**: The plan mandates the preservation of corridors and requires roadway crossings, underpasses, and signage where roads intersect these paths. [Collier County, p.1-1]
2. **Wildlife Surveys**: A survey is mandatory for all parcels (excluding single-family homes) if listed species are observed or if the site contains similar biological communities. [Collier County, p.1-1]
3. **Land Acquisition**: The County targets Natural Resource Protection Areas (NRPAs) for fee-simple purchase through public referenda and state/federal programs. [Collier County, p.1-1]
4. **Open Space Planning**: Developers must retain between 10% and 90% of native vegetation on-site depending on the project's location and size. [Collier County, p.1-1]
5. **Native Vegetation Preservation**: Native vegetation shall be preserved through the application of minimum preservation and vegetation retention standards and criteria, unless the development occurs within the Area of Critical State Concern (ACSC) where the ACSC standards referenced in the Future Land Use Element shall apply. [Collier County, p.18-20]
6. **Vegetation Retention Requirements**: The preservation of native vegetation shall include canopy, under-story and ground cover emphasizing the largest contiguous area possible, which may include connection to offsite preserves. [Collier County, p.18-20]
7. **Wetlands Preservation**: Wetlands shall be preserved pursuant to the RLSA Overlay policies found in the Future Land Use Element. [Collier County, p.34-36]
8. **Sea-Grass Bed Protection**: Impacts to sea-grass beds shall be minimized by locating boat docks more than 10 feet from existing sea-grass beds. [Collier County, p.34-36]
9. **Mineral Extraction Reclamation**: Reclamation standards for mineral extraction activities shall be as required by the 1986 State of Florida Resource Extraction Reclamation Act, and as referenced in Section 22-112, of the Collier County Code of Laws and Ordinances, as amended. [Collier County, p.17-19]
10. **Soil Erosion Control**: The County shall rely on the USDA Natural Resources Conservation Service to provide the County with appropriate soil conservation guidelines for agriculture. [Collier County, p.17-19]

These policies are enforceable and are based on the following sources:

* [Collier County, p.1-1]
* [Collier County, p.18-20]
* [Collier County, p.34-36]
* [Collier County, p.17-19]

Note that some of these policies may have specific requirements or standards that are not explicitly stated in the provided excerpts. However, based on the available information, the above policies are the most relevant and enforceable land acquisition or conservation acquisition policies that apply in Collier County."
"Are wildlife surveys, species inventories, or biological surveys required before development in Miami-Dade County?","pment of County Impact procedures as a 
means of improving development coordination between Miami-Dade County and 
municipalities within the County. 
  
ICE-1F. 
Miami-Dade County shall consider compatibility with adopted land use plans of 
adjacent municipalities as a factor in reviewing proposed changes to the Land Use 
Plan map or to a municipal plan. 
 
ICE-1G. 
Provide for County-city exchange of notification and information of requests for 
change of zoning within the vicinity of unincorporated area municipal boundaries. 
Notice of requested zone changes and applications to amend the CDMP Land Use 
Plan map shall be provided to owners of record of real property and adjacent local 
governments, in accordance with applicable County procedures without regard to 
County boundaries.   
 
ICE-1H. 
Miami-Dade County shall continue coordinating with the Miami-Dade County Public 
Schools (MDCPS) through the Interlocal Agreement for Public School Facility 
Planning between Miami-Dade County and Miami-Dade County Public Schools, 
implementation of the Educational Element of the Comprehensive Development 
Master Plan, the Educational Compact and other appropriate means to improve 
service delivery to the community. 
 
ICE-1I. 
Miami-Dade County shall utilize the South Florida Regional Planning Council's non-
binding dispute resolution process when necessary to mediate the resolution of 
conflicts with other local governments and regional agencies, or may use alternative 
procedures, including agreements authorized by Section 163.3177(h)1a, F.S.  

VIII-6 
ICE-1J. 
Miami-Dade County shall increase interaction between its Metropolitan Planning 
Organization and those of Broward, Monroe and Palm Beach Counties and with 
Miami-Dade municipalities to improve intra-regional and intra-county transportation 
coordination and to coordinate strategies for strengthening international trade.  
 
ICE-1K. 
The Miami-Dade County Department of Regulatory and Economic Resources shall 
enhance water/land database sharing with the South Florida Water Management 
District. 
 
ICE-1L. 
Make use of informal or formal mediation processes when possible to resolve 
disputes arising from amendments to the Miami-Dade County Comprehensive 
Development Master Plan. 
 
ICE-1M. 
Encourage the development of a regional forum to address the needs and 
strategies for providing and developing public services and facilities as well as to 
enable intergovernmental review of regionally significant public facilities which 
involve locally unwanted land uses. 
 
ICE-1N. 
Support the establishment of a coordinated regional transit system for the 
transportation disadvantaged. 
 
ICE-1O. 
Promote a partnership among local governments, FDOT, and MPOs to meet 
intermodal and infrastructure needs of transportation systems such as advanced 
ROW acquisition and the demands of airports and seaports. 
 
ICE-1P. 
Miami-Dade County shall work cooperatively with other local governments to 
identify opportunities for affordable housing.  
 
ICE-1Q. 
Encourage the establishment of joint funding cycles for federal, State and local 
affordable housing programs.  
 
ICE-1R. 
Miami-Dade County and the Florida Board of Trustees, on behalf of Florida 
International University, shall abide by the Campus Development Agreement 
executed between the Florida Board of Trustees (formerly Regents) and Miami-
Dade County on October 24, 1996, implementing the requirements of Section 
1013.30(11)-(15), F.S., regarding campus master plans. The Campus Development 
Agreement may be amended from time to time pursuant to Section 1013.30(19), 
F.S.

appropriate private sector agencies and organizations to remove invasive plant and 
animal species along the coast of Miami-Dade County in connection with regional 
South Florida ecosystem restoration programs.  
 
CM-4E. 
To minimize conflict between boaters and the endangered West Indian Manatee, 
Miami-Dade County shall continue to implement recommendations contained in 
Section III. C., Land Development of the Miami-Dade Manatee Protection Plan, 
approved by the Board of County Commissioners on November 21, 1995.   
 
CM-4F. 
Planning and permitting of new or expanded marine facilities shall be consistent with 
the requirements of Section III. G, Land Development of the Miami-Dade County 
Manatee Protection Plan, approved by the Board of County Commissioners on 
November 21, 1995. 
 
CM-4G. 
Within areas that have been identified as essential manatee habitat, the number of 
powerboat slips in multi-family residential marinas shall be consistent with Section 
III.C, Land Development of the Miami-Dade County Manatee Protection Plan, 
approved by the Board of County Commissioners on November 21, 1995, and not 
exceed the number of approved residential units. 
 
CM-4H. 
Manatee protection measures shall be established for high speed boating activities. 
 
CM-4I. 
Miami-Dade County Parks, Recreation and Open Spaces Department shall continue 
to promote awareness of the value of native coastal wildlife and threats to their 
survival through conducting wildlife nature programs and special events.  
 

VII-9 
 
CM-4J. 
Miami Dade County shall continue to restore its coastal habitat for the coastal wildlife 
and other protected species which may utilize these habitats. 
 
Objective CM-5 
 
Miami-Dade County shall increase the amount of shoreline devoted to water-dependent, 
water-related, and publicly accessible uses.  
 
Policies 
 
CM-5A. 
A wide range of public water-oriented opportunities shall be provided at the water's 
edge within the Coastal Area in Miami-Dade County. Through its Shoreline 
Development Review process, the County shall continue to afford greater visual and 
physical public access to the coastal bays and their tributaries. 
 
CM-5B.  
The County shall place a high priority on maintaining existing water-dependent uses 
(i.e., uses which cannot exist or occur without association with coastal or estuarine 
water masses), and water-related uses by the public identifying appropriate, 
environmentally compatible new areas for such activities. Priority will be given in land 
planning by Miami-Dade County for water-dependent land uses along the shoreline. 
 
CM-5C. 
Miami-Dade County shall continue to place a high priority on the acquisition of coastal 
lands for use as parks and preserves. 
 
CM-5D. 
New developments, larger than single family or duplex residences within the County’s 
Shoreline Development Review Boundary shall be water dependent, water related, 
or at a minimum should include environmentally compatible shoreline access facilities 
such as walkways, piers, and viewing areas with landscaping grouped or spaced for 
views of and from the water, as provided for in Chapter 33D of the Code of Miami-
Dade County, as may be amended from time to time. The County will continue to 
evaluate the effectiveness of the Shoreline Development Review process and 
develop compliance and enforcement strategies, if necessary.

effective enforcement. 
 
LU-3D. 
Miami-Dade County shall not sponsor any growth-subsidizing programs which 
promote future population growth and residential development on the barrier islands 
of Miami-Dade County or within the coastal high hazard areas (CHHA). Miami-Dade 
County shall coordinate with municipalities in Coastal High Hazard Areas, and areas 
with repetitive losses due to flooding or storm damage, to minimize demand for 
facilities and services that result from redevelopment and increases in residential 
densities. The provision of facilities and services to accomplish the timely evacuation 
of already-developed barrier islands in advance of approaching hurricanes shall be a 
priority of Miami-Dade County's transportation planning and hurricane preparedness 
programs.  
 
LU-3E. 
Any zoning action or amendment to the CDMP that would approve any use other than 
direct agricultural production, the sale of agricultural produce, and permitted 
residential and Bed and Breakfast uses of property, in an area designated as 
Agriculture, whether as a primary use or as an accessory or subordinated use to an 
agricultural use, or action that would liberalize standards or allowances governing 
such other uses on land that is, a) outside the Urban Development Boundary (UDB), 
and b) within one mile of the right-of-way line of any portions of Krome Avenue 
designated in this Plan for improvement to 4-lanes, shall require an affirmative vote 
of not less than five members of the affected Community Zoning Appeals Board and 
two-thirds of the total membership of the Board of County Commissioners then in 
office, where such Community Zoning Appeals Board or Board of County 
Commissioners issues a decision.  The term ""direct agricultural production"" includes 
crops, livestock, nurseries, groves, packing houses, and barns, but not uses such as 
houses of worship, schools, sale of produce and other items, and outdoor storage 
vehicles. This policy is not intended to permit any use not otherwise permitted by the 
CDMP. Any modification to this section to allow additional uses within the one mile 
distance from Krome Avenue shall require an affirmative vote of not less than two-
thirds of the Board of County Commissioners then in office. 
 
LU-3F. 
Any zoning action, or amendment to the CDMP that would approve a use of property 
other than limestone quarrying, seasonal agriculture or permitted residential use in an 
area designated as Open Land on land that is, a) outside the Urban Development 
Boundary (UDB), and b) within one mile of the right-of-way line of any portions of 
Krome Avenue designated in this Plan for improvement to 4-lanes, shall require an 
affirmative vote of not less than five members of the affected Community Zoning 
Appeals Board and two-thirds of the total membership of the Board of County 
Commissioners then in office, where such Community Zoning Appeals Board or 
Board of County Commissioners issues a decision.  This policy is not intended to 
permit any use not otherwise permitted by the CDMP. Any modification to this section 
to allow additional uses within the one mile distance from Krome Avenue shall require 
an affirmative vote of not less than two-thirds of the Board of County Commissioners 
then in office.

d, where possible, improve their 
efforts to coordinate projects to construct or repair infrastructure such as roadways 
and utilities in order to minimize the disruption and inconvenience caused by such 
construction activities.  
 
LU-2E. 
The Department of Regulatory and Economic Resources shall coordinate and 
centralize the compilation of monitoring information necessary to make 
determinations regarding existing and projected Levels of Service and to prepare 
Evaluation and Appraisal Reports for adoption by the Board of County 
Commissioners, as required by Section 2-116 of the Miami-Dade County Code. All 
Miami-Dade County agencies shall fully cooperate with the Department by carrying 
out necessary monitoring and reporting activities identified in the CDMP Monitoring 
Program.  
 
Objective LU-3 
 
The location, design and management practices of development and redevelopment in 
Miami-Dade County shall ensure the protection of natural resources and systems by 
recognizing, and sensitively responding to constraints posed by soil conditions, 
topography, water table level, vegetation type, wildlife habitat, and hurricane and other 
flood hazards, and by reflecting the management policies contained in resource planning 
and management plans prepared pursuant to Chapter 380, Florida Statutes, and approved 
by the Governor and Cabinet, or included in the Comprehensive Everglades Restoration 
Plan approved by Congress through the Water Resources Development Act of 2000.  
Policies 
 
LU-3A. 
Development orders in Miami-Dade County shall be consistent with the goals, 
objectives and policies contained in the Conservation, Aquifer Recharge and 
Drainage and Coastal Management Elements of this Plan, and with all applicable 
environmental regulations, as well as all other elements of the CDMP. 
 
LU-3B. 
All significant natural resources and systems shall be protected from incompatible 
land use including Biscayne Bay, future coastal and inland wetlands, future potable 
water-supply wellfield areas identified in the Land Use Element or in adopted wellfield 
protection plans, and forested portions of Environmentally Sensitive Natural Forest 
Communities as identified in the Natural Forest Inventory, as may be amended from 
time to time.  
 
LU-3C. 
Development in the Big Cypress Area of Critical State Concern, and in the East 
Everglades as defined in Section 33B-13, Code of Miami-Dade County, Florida (1981) 

I-7 
 
shall be limited to uses, designs and management practices which are consistent with 
adopted State regulations and policies, the Comprehensive Everglades Restoration 
Plan, and related federal, State or County policies, plans or regulations as may be 
formulated, consistent with the goals, objectives and policies of this comprehensive 
plan.  Miami-Dade County shall improve its enforcement of East Everglades 
development regulations and shall improve such regulations if necessary to enable 
effective enforcement. 
 
LU-3D. 
Miami-Dade County shall not sponsor any growth-subsidizing programs which 
promote future population growth and residential development on the barrier islands 
of Miami-Dade County or within the coastal high hazard areas (CHHA). Miami-Dade 
County shall coordinate with municipalities in Coastal High Hazard Areas, and areas 
with repetitive losses due to flooding or storm damage, to minimize demand for 
facilities and services that result from redevelopment and increases in residential 
densities. The provision of facilities and services to accomplish the timely evacuation 
of already-developed barrier islands in advance of approaching hurricanes shall be a 
priority of Miami-Dade County's transportation planning and hurricane preparedness 
programs.

County shall continue to protect natural 
resources including surface water and groundwater, agricultural land, and publicly 
owned wetlands including the Everglades National Park. 
 
CON-6C.  Miami-Dade County shall develop guidelines for rock quarries that will provide high 
potential for the support of native flora and fauna and compatible recreational use in 
these areas once the quarrying operations have been completed.  
 
CON-6D. 
Areas in Miami-Dade County having soils with good potential for agricultural use 
without additional drainage of wetlands shall be protected from urban encroachment. 
 

IV-11 
 
CON-6E. 
Miami-Dade County shall continue to pursue programs and mechanisms to support 
the local agriculture industry, and the preservation of land suitable for agriculture. 
 
CON-6F. 
Miami-Dade County shall coordinate with cities to develop a long-term vision for 
agricultural and other undeveloped lands outside of the UDB to ensure these lands 
continue to support urban communities and protect native plant and animal species 
from climate related impacts. Long-term land planning outside the UDB should also 
consider water storage opportunities. 
 
Objective CON-7 
 
Miami-Dade County shall protect and preserve the biological and hydrological functions 
of Wetlands of Regional Significance that may be contained within the areas depicted on 
Figure 14 in the Land Use Element. Future impacts to the biological functions of publicly 
and privately owned wetlands shall be mitigated. All privately owned wetlands identified 
on Figure 14 in the Land Use Element as Wetlands of Regional Significance and wetlands 
on Federal, State, or County land acquisition lists shall be supported as a high priority for 
public acquisition. Publicly acquired wetlands shall be restored and managed for their 
natural resource, habitat and hydrologic values. 
 
Policies 
 
CON-7A. 
The degradation or destruction of Wetlands of Regional Significance that may be 
contained within the areas depicted on Figure 14 in the Land Use Element shall be 
limited to activities that 1) are necessary to prevent or eliminate a threat to public 
health, safety or welfare; or 2) are water dependent and no other reasonable 
alternative exists; or, 3) clearly in the public interest and no other reasonable 
alternative exists; or 4) are carried out in accordance with an approved basin 
management plan; or 5) are in areas that have been highly disturbed or degraded and 
where restoration of a wetland with an equal or greater value in accordance with 
federal, State and local regulations is feasible. Habitats critical to endangered or 
threatened species shall not be degraded or destroyed.  
 
CON-7B. 
Off-road vehicles shall not be allowed in the future publicly owned and managed 
wetlands identified in the adopted Land Use Element unless there are permitted 
facilities or areas specified for their use.  
 
CON-7C. 
Miami-Dade County shall continue to promote the restoration and maintenance of the 
natural, surface water flow regimes into, and through wetland systems such as the 
Shark River Slough, Everglades National Park and the saline wetlands of 
southeastern Miami-Dade County.","Based on the provided excerpts from Miami-Dade County comprehensive plans, it appears that wildlife surveys, species inventories, or biological surveys are not explicitly required before development in Miami-Dade County.

However, there are several policies and objectives that suggest a consideration for environmental and natural resource protection:

* Objective LU-3 states that the location, design, and management practices of development and redevelopment in Miami-Dade County shall ensure the protection of natural resources and systems. [Miami-Dade County, p.6]
* Policy LU-3A requires that development orders in Miami-Dade County be consistent with the goals, objectives, and policies contained in the Conservation, Aquifer Recharge and Drainage, and Coastal Management Elements of the plan, as well as all applicable environmental regulations. [Miami-Dade County, p.7]
* Policy CON-7A limits the degradation or destruction of Wetlands of Regional Significance, which may be contained within the areas depicted on Figure 14 in the Land Use Element. [Miami-Dade County, p.11]

While these policies and objectives suggest a consideration for environmental and natural resource protection, they do not explicitly require wildlife surveys, species inventories, or biological surveys before development.

It is worth noting that Excerpt 2, Section CM-4E, mentions the implementation of recommendations contained in the Miami-Dade Manatee Protection Plan, which may include wildlife surveys or species inventories. However, this is not a requirement for development, but rather a recommendation for minimizing conflict between boaters and the endangered West Indian Manatee. [Miami-Dade County, p.8]

In summary, while there are policies and objectives that suggest a consideration for environmental and natural resource protection, there is no explicit requirement for wildlife surveys, species inventories, or biological surveys before development in Miami-Dade County."
"What policies address wildlife crossings, underpasses, or ecopassages in Broward County?",,No relevant policy excerpts were found for this question.
"Which Florida counties in the corpus discuss wildlife corridor linkage or ecological corridors, and what do they require versus recommend?","Okaloosa County 
Wildlife corridors: 
• The county goals focus on protecting natural resources, including wildlife habitats, and 
estuarine and riverine systems that act as corridors. 
• Planning strategies prioritize connectivity to the Florida Wildlife Corridor, which 
includes Priority 1, 2, and 3 areas of the Florida Ecological Greenways Network (FEGN). 
• Policy C-1.2.4 emphasizes establishing inter-local agreements with adjacent local 
governments to protect unique vegetative communities and river systems that cross 
jurisdictional boundaries. 
Land acquisition: 
• The county utilizes state programs like Florida Forever and the Rural and Family Lands 
Protection Program for the acquisition of conservation lands or easements. 
• Recent efforts include expanding protected areas near military installations, such as 
Naval Air Station Whiting Field, to protect both the natural resources and the military 
mission. 
• Preference is given to land acquisitions that preserve or enhance wildlife habitats, 
corridors, and linkages to agricultural and rural lands. 
Wildlife crossings: 
• The plan recognizes wildlife underpasses as critical tools for reducing vehicle-animal 
collisions and mitigating habitat fragmentation. 
• Guidelines suggest incorporating wildlife crossings or natural banks for threatened and 
endangered species when new bridge or culvert projects would cause habitat 
fragmentation. 
• Funding is often sought for projects that reduce wildlife-vehicle collisions, particularly 
when paired with fencing that guides animals toward safe underpasses. 
Wildlife surveys: 
• Before specific types of development occur, particularly in sensitive areas like wetlands, 
exact boundaries must be surveyed and clearly identified to protect the habitat (Policy 
2.1A). 
• The plan mandates ongoing inventory and mapping projects for sensitive ecological 
features, including steephead ravines, karst springs, and habitats for endangered or 
threatened species. 

• Local planning utilizes data from the University of Florida Center for Landscape 
Conservation Planning and the Florida Natural Areas Inventory (FNAI) to identify 
priority conservation areas. 
 
Open space planning: 
• Chapter 2.11 of the Comprehensive Plan addresses Recreation and Open Space, focusing 
on maintaining high quality of life and meeting population needs through public and 
private development. 
• The Agricultural (AG) District is used for the preservation of green spaces, conservation 
uses, and outdoor recreation. 
• Policy 2.1A allows for the transfer of development density from protected wetlands to 
other areas of a site to ensure natural areas remain open and undisturbed.

Wildlife Corridors:  
Wildlife corridors are a recognized conservation priority in the area. 
●​ Lands in Putnam County (and neighboring counties) are being conserved as part of the 
Florida Wildlife Corridor, a statewide initiative to connect natural habitat for wide-ranging 
species such as Florida black bear and other wildlife.  
●​ Local conservation organizations like Putnam Land Conservancy promote conserving 
lands specifically to maintain wildlife connectivity and safe movement passages through 
undeveloped landscapes.  
 
 
Land acquisition:  
County planning and regional practice indicates: 
●​ The county planning office supports comprehensive plan amendments and map 
amendments related to land use and development, which often involve environmental 
considerations that include open space and conservation as part of land acquisition 
decisions.  
●​ At the state level, Florida Forever and related programs prioritize land acquisition that 
protects habitat, water resources, and landscape linkages—projects often intersect 
Putnam County lands (e.g., Little Orange Creek Corridor).  
●​ Local land trusts also facilitate land acquisition agreements that ultimately contribute to 
long-term conservation goals in the county.  
 
Wildlife crossings: 
The available county planning resources don’t show specific policies on wildlife crossings (e.g., 
animal overpasses/underpasses) in Putnam County’s plan text or visible summaries. This is 
similar to many rural Florida comprehensive plans, where wildlife crossing infrastructure is 
typically addressed during project-level transportation planning or through coordination with 
FDOT and state wildlife agencies rather than at the high-level comprehensive plan stage. 
 
 
Wildlife surveys:  
 
Specific requirements for wildlife surveys (e.g., approved habitat surveys or endangered species 
studies) are not visible from the publicly accessible portions of the Putnam County plan. 
However, typical practice for comprehensive plans is to reference state and federal 
requirements for: 

●​ Listed species habitat assessments 
●​ Protected species surveys as part of development review​
Such requirements are usually found in the county’s Land Development Code 
(LDC)—aligned with the comprehensive plan—rather than in the plan’s goals and 
policies themselves.  
 
 
Open space planning:  
County planning materials and external conservation programs show that open space planning 
is a county priority in the context of land use: 
●​ The county’s planning division provides Future Land Use maps and identifies planned 
multi-use trails and preservation patterns, which are typically part of open space and 
recreation planning.  
●​ Lands conserved through external programs (e.g., Florida Forever corridors) contribute 
to open space networks that support both recreation and conservation.  
●​ Local land trusts and regional partners often coordinate with the county on open space 
inventory, acquisition priorities, and public access.

Monroe County 
Wildlife corridors: 
• The Plan focuses on identifying and protecting habitat corridors that connect large 
patches of native vegetation. These are prioritized in the Tier System, where Tier I 
(Natural Area) lands include vacant land that can be restored to connect habitat patches 
and reduce fragmentation. 
• Monroe County is a critical part of the Florida Wildlife Corridor, which aims to protect 
functionally connected statewide systems of public and private conservation lands. 
• The County uses land development regulations to steer development away from these 
corridors and encourages the use of conservation easements or deed restrictions to 
maintain landscape-scale ecological connectivity. 
Land acquisition: 
• Monroe County Comprehensive Plan Land Authority (MCLA): This authority is 
responsible for acquiring land to protect property rights, preserve environmentally 
sensitive areas, and provide affordable housing. 
• Funding & Programs: 
o Florida Keys Stewardship Act: Authorizes annual funding (typically $5 million 
from Florida Forever) specifically for land acquisition in the Keys to protect 
critical habitats for endangered species. 
o Density Reduction Program: The County purchases non-conservation land 
(typically Tier 3) to retire development rights, anticipating the eventual cessation 
of new development permits under state mandates. 
• Acquisition is prioritized for Tier I lands, which are characterized as environmentally 
sensitive, and Tier II lands to reduce sprawl and prevent further encroachment on natural 
resources. 
Wildlife crossing: 
• The Plan supports the construction of wildlife underpasses and crossings, particularly to 
address conflicts between motorists and species like the Key deer. 
• These crossings are often paired with fencing to guide animals safely beneath roads like 
US-1, reducing vehicle-related mortality and mitigating the effects of habitat 
fragmentation. 
• While often state-led projects, the County seeks opportunities for wildlife crossings on 
local roadways to support overall ecosystem health and genetic diversity. 
Wildlife surveys: 

• HCP Integration: Under the Habitat Conservation Plan (HCP) for Big Pine Key and No 
Name Key, wildlife surveys are essential for monitoring protected species and 
determining the effectiveness of mitigation strategies like underpasses. 
• The County utilizes scientific data from surveys to identify high-quality habitats (like 
tropical hardwood hammocks and pinelands) and ensures that development does not 
exceed the carrying capacity of these ecosystems. 
Open space planning: 
• The Plan defines open space and sets criteria for its preservation within development 
projects. 
• Open space planning is used to protect environmentally sensitive natural systems, 
including wetlands and native habitats. 
• Through the ROGO (Rate of Growth Ordinance) system, the County provides incentives 
(positive points) for land dedication to be kept as permanent open space or for 
aggregation of lots to reduce development density.

e Florida Fish and 
36 
Wildlife Conservation Commission, and the University of Florida to identify ecological corridors within 
37 
northeast Lake County and the Florida Division of State Lands Wekiva-Ocala Greenway project area 
38 
necessary to establish a viable and permanent linkage between the Wekiva basin and Ocala National 
39 
Forest. This effort shall consider habitat connectivity, corridors for wildlife movement, and the relationship 
40 
between public and private lands, with the intent of developing a comprehensive land use and conservation 
41 
strategy for ensuring long-term protection of the greater Wekiva-Ocala ecosystem. Lake County shall 
42 
prioritize the acquisition of land and establishment of conservation easements to preserve these ecological 
43 
corridors. 
44 

2030 Comprehensive Plan 
Updated October 7, 2025 
281 
Policy VI-1.2.7  Develop and Implement Resource Management Plans 
1 
The County shall coordinate with federal, state, regional, and local agencies in the development and 
2 
implementation of resource management plans through the following: 
3 
• 
Continuing participation on the Wekiva River Basin Commission and other working groups; 
4 
• 
Forwarding development proposals to federal and state agencies for review and comment on 
5 
projects located within the Wekiva River Protection Area, Wekiva Study Area, and Green Swamp 
6 
Area of Critical State Concern or adjacent to publicly owned lands prior to final action; 
7 
• 
Continuing to review the East Central Florida Regional Planning Council work programs and 
8 
providing assistance in the development of regional resource plans;  
9 
• 
Continuing to coordinate with the Water Management Districts, the Department of Environmental 
10 
Protection and other agencies in identifying high priority acquisition areas and providing staff and 
11 
financial resources; and 
12 
• 
Participating in and supporting the implementation of efforts associated with the Wekiva River 
13 
system as a Wild and Scenic River. 
14 
Policy VI-1.2.8  Water Conserv II 
15 
Lake County shall pursue cooperative efforts with Orange County, the City of Orlando, state agencies, and 
16 
private conservation organizations as appropriate, to enhance the future long term conservation value of 
17 
the Water Conserv II property. Such efforts may include, but are not limited to, opportunities for upland 
18 
restoration of the Lake Wales Ridge habitat, mitigation of threats to upland species, and protection of 
19 
aquifer recharge. 
20 
Policy VI-1.2.9  Reduce Point-source Air Pollution Emissions 
21 
The County shall cooperate with the state in the monitoring of hazardous materials users and hazardous 
22 
waste generators.  The County will provide support to the state in their effort to ensure that contamination 
23 
of the air by volatile pollutants released in the clean-up, use, or disposal of hazardous materials shall not 
24 
exceed levels that may cause significant harm to human health or the environment.  This policy shall be 
25 
incorporated within the hazardous materials management program under the Lake County Department of 
26 
Environmental Services.  The County will follow up on complaints and the appropriate state and federal 
27 
agencies will be notified. 
28 
Policy VI-1.2.10  Best Management Practices to Prevent Soil Erosion 
29 
The County, in cooperation with IFAS, the Florida Department of Agriculture and Consumer Services, and 
30 
other relevant agencies, shall require adherence to Best Management Practices for agriculture and 
31 
silviculture operations to prevent soil erosion, and to protect the biological diversity and health of soils.

Hernando County 
Wildlife Corridors 
A scientifically designed wildlife and wildlife habitat 
mitigation plan shall be a requirement of the Development 
Order. The mitigation plan shall be approved by both the 
Florida Fish and Wildlife Conservation Commission (FWC) 
and Hernando County. The wildlife and wildlife habitat 
mitigation plan shall place primary emphasis on preservation of 
high quality habitat and connecting wildlife corridors (as 
determined by County Staff in conjunction with FWC) on site. 
Where wildlife takings and off site mitigation are utilized, the 
Developer shall acquire the necessary suitable mitigation 
acreage and facilitate its transfer and management to the 
appropriate entity. 
 
Density. The Quarry Preserve PDD shall be developed such that 
compact higher density residential development is situated in 
proximity to the Town Center and Business Park land uses. In the 
Quarry Preserve PDD, net residential acreages shall be calculated 
by excluding right-of-way, wetlands, stormwater management 
areas, environmental preservation areas, and common areas. 
Environmental preservation areas such as wildlife habitat, karst 
features, conservation areas, a wildlife corridor and other 
environmentally sensitive lands shall only be excluded if the lands 
are designated on the Master Plan defined by Strategy 1.05F(47) as 
such or are dedicated to the County or other public agency through 
a conservation easement. Common areas such as parks, buffers, 
and managed areas shall only be excluded if publicly owned or 
committed to a Homeowner’s Association formed pursuant to 
Chapter 720, Florida Statutes 
 
Neighborhood Parks and Pathways. The Quarry Preserve shall 
provide a system of neighborhood parks and open space 
throughout the residential communities connected through the use 
of wildlife corridors, greenways, trails, bikeways or other 
measures. A “Pathways Plan” depicting internal pedestrian, 
bicycle, and multi-modal trails, sidewalks, and other pathways 
shall be submitted to the County and must be approved with the 
first residential conditional plat and updated as the project moves 
forward in phases. The trail network shall provide for 
pedestrian/bicycle access throughout the Project and will be 
designed in a manner to provide connectivity within and between 
all residential pods, the Town Center, the public use site, school(s), 
highway oriented commercial areas, institutional uses, and all 
employment centers. 
 
Environmental Management Plan. To achieve the protection of 
natural resources on the site, an Environmental Management Plan 
(EMP) shall be prepared by the developer for review and approval 
by the County prior to the authorization by the County of any 
development activity occurring on site, excluding rezoning the site 
consistent with the Master Plan defined by Strategy1.05F(47). 
Elements of the EMP may be submitted to State, regional and 
Federal agencies for review, and approved by those agencies when 
required by applicable State or Federal regulations. The EMP shall 

act as the umbrella document and shall address, at a minimum, 
wildlife corridors, wildlife management/enhancement, landscape 
restoration, invasive exotic species removal, the use of native 
plants for landscaping, pet management, the protection of karst 
features, the protection of surface and groundwater resources, 
wetland protection, wetland buffers, golf course natural area 
design, the use of pesticides and fertilizers, water conservation 
techniques, low impact design techniques for stormwater 
management, best management practices, prescribed burn 
regimens, and groundwater monitoring. The EMP shall be updated 
as required for each subsequent conditional plat or site plan as 
applicable. At a minimum, the EMP shall contain the following 
components:","Based on the provided document excerpts, the following Florida counties discuss wildlife corridor linkage or ecological corridors:

1. Okaloosa County: 
   - Requires establishing inter-local agreements with adjacent local governments to protect unique vegetative communities and river systems that cross jurisdictional boundaries (Policy C-1.2.4) [Okaloosa County, p.2].
   - Prioritizes land acquisitions that preserve or enhance wildlife habitats, corridors, and linkages to agricultural and rural lands [Okaloosa County, p.2].
   - Recognizes wildlife underpasses as critical tools for reducing vehicle-animal collisions and mitigating habitat fragmentation [Okaloosa County, p.2].

2. Putnam County: 
   - Recognizes wildlife corridors as a conservation priority in the area [Putnam County, p.1].
   - Supports comprehensive plan amendments and map amendments related to land use and development, which often involve environmental considerations that include open space and conservation as part of land acquisition decisions [Putnam County, p.1].
   - Does not have specific policies on wildlife crossings, but typically addresses wildlife crossing infrastructure during project-level transportation planning or through coordination with FDOT and state wildlife agencies [Putnam County, p.2].

3. Monroe County: 
   - Focuses on identifying and protecting habitat corridors that connect large patches of native vegetation [Monroe County, p.1].
   - Uses land development regulations to steer development away from these corridors and encourages the use of conservation easements or deed restrictions to maintain landscape-scale ecological connectivity [Monroe County, p.1].
   - Supports the construction of wildlife underpasses and crossings, particularly to address conflicts between motorists and species like the Key deer [Monroe County, p.2].

4. Lake County: 
   - Shall prioritize the acquisition of land and establishment of conservation easements to preserve ecological corridors [Lake County, p.284].
   - Shall coordinate with federal, state, regional, and local agencies in the development and implementation of resource management plans [Lake County, p.285].

5. Hernando County: 
   - Requires a scientifically designed wildlife and wildlife habitat mitigation plan as a requirement of the Development Order [Hernando County, p.1].
   - Places primary emphasis on preservation of high-quality habitat and connecting wildlife corridors on site [Hernando County, p.1].

In terms of what they require versus recommend, the counties have the following policies:

- **Require**:
  - Okaloosa County: Establishing inter-local agreements to protect unique vegetative communities and river systems (Policy C-1.2.4) [Okaloosa County, p.2].
  - Lake County: Prioritizing the acquisition of land and establishment of conservation easements to preserve ecological corridors [Lake County, p.284].
  - Hernando County: A scientifically designed wildlife and wildlife habitat mitigation plan as a requirement of the Development Order [Hernando County, p.1].
- **Recommend**:
  - Okaloosa County: Prioritizing land acquisitions that preserve or enhance wildlife habitats, corridors, and linkages to agricultural and rural lands [Okaloosa County, p.2].
  - Monroe County: Using conservation easements or deed restrictions to maintain landscape-scale ecological connectivity [Monroe County, p.1].
  - Lake County: Cooperating with federal, state, regional, and local agencies in the development and implementation of resource management plans [Lake County, p.285].
- **Limited or unclear evidence**:
  - Putnam County: Does not have specific policies on wildlife crossings, but typically addresses wildlife crossing infrastructure during project-level transportation planning or through coordination with FDOT and state wildlife agencies [Putnam County, p.2].
  - Monroe County: Supports the construction of wildlife underpasses and crossings, but the specific requirements are not clearly stated [Monroe County, p.2]."
Compare enforceable requirements versus goals for conservation land acquisition in Bay County versus Bradford County.,"Chapter 3 
Bay County Comprehensive Plan                                                                       Future Land Use Element 
 
3-1 
 
Goal:  
Section 125.01, Florida Statutes, specifically empowers the Board of County Commissioners 
with the authority to prepare and enforce comprehensive plans for the development of the 
county and to establish, coordinate and enforce zoning as may be necessary for the protection 
of the public.  The goals of the Board relative to land development and future land use are: to 
prepare and maintain accurate and reliable maps depicting the existing and future uses of 
land; to promote an orderly and efficient pattern of growth and development; to promote the 
efficient and effective delivery of public facilities and services; to promote compatibility between 
land uses and reduce the potential for nuisances; to protect viable neighborhoods and property 
values; to maintain a healthy property tax base; to protect valuable natural resources, and; to 
generally promote, protect and improve the public health, safety, comfort, good order, 
appearance and general welfare of the community. 
 
Vision:  
We will create effective and efficient Bay County government that consolidates the provision of 
key public services in a manner most responsive to the needs and desires of the citizens. 
 
We will develop efficient and effective infrastructure that promotes economic development and 
enhances the environment, quality of life, and aesthetics. 
 
General Strategy 
 
The general strategy for this element involves the following concepts and activities. 
 
 Preparation and continuous update of an accurate and reliable Existing Land Use Map. 
 Prepare an accurate and reliable Future Land Use Map based on specified criteria. 
 Identify and designate ""Special Treatment Zones"" (STZs) in areas that exhibit special or unique 
circumstances. 
 Provide guidelines for planned unit or mixed use development projects. 
 Provide general criteria for the maintenance of development regulations. 
 Provide specific criteria for compatible development for military installations 
 Maintain and enforce a zoning code. 
 Establish a school siting policy. 
 Establish and use best development practices to promote quality development projects. 
 
Objective 3.1:  Maintain a GIS-based Existing Land Use Map. 
 
Policy 3.1.1:  County staff will maintain an accurate and reliable Existing Land Use Map (ELUM).  
When maintaining the ELUM the following data sources will be used: 
 
(1) Most recent aerial photographs; 
 
(2)  Windshield surveys for ground-truthing; and 
 
(3) Correlation to ad valorem tax land use codes from the Department of Revenue.  
 
Policy 3.1.2:  The ELUM will be continuously updated using development order and building permit 
information. 
 

                                                                                                       Chapter 3 
Bay County Comprehensive Plan                                                                       Future Land Use Element 
 
3-2 
 
Objective 3.2:  Maintain an accurate and reliable Future Land Use Map (FLUM) in order to preserve 
existing advantages and guide future growth.  The designation of FLUM categories shall be 
coordinated with appropriate site conditions, the availability of facilities and services, protection of 
natural or historic resources, and the criteria specified in Policy 3.2.1.

Chapter 6 
Bay County Comprehensive Plan                                                                            Conservation Element 
 
  
 
6-1 
Goal:  
The goal of this element is to achieve a balanced program of environmental protection and 
economic development; ensure that the quality of environmental resources is maintained or 
improved during the planning timeframe; to protect and conserve valuable natural resources; 
maintain a healthy economy by ensuring the continuing vialibility of natural systems; protect 
the quality of life County residents and visitors have come to expect; promote the conservation 
and pollution abatement policies of the State as established by general law, and; support the 
vision and strategies set forth in the Bay County Vision Statement. 
 
Vision:  
We will have a safe, healthy and family oriented community with self-sufficient, involved people 
and appropriate infrastructure to enhance its beauty, natural resources and environment. 
 
General Strategy 
 
The general strategy for conserving important natural resources in Bay County is to view the environment 
as an economic asset that is vital to this area's economy and quality of life which, if not maintained in a 
healthy condition, can cause missed opportunities for new industry, loss of existing industry and defense-
related jobs, loss of natural resource-based jobs, reduction in property values, increased costs of providing 
infrastructure services, and decline of the community in general. 
 
This strategy is predicated upon implementing reasonable regulations based on identifiable public purposes 
that have been established as state policy by the Legislature.  Simply stated, the strategy set forth herein is 
intended to provide a balanced program of regulations to prevent future environmental problems and 
capital improvement projects intended to solve existing deficiencies and problems.  This can be 
accomplished by identifying those resources that merit special protection and the implementation of 
regulatory, improvement, or acquisition programs intended to protect and conserve these resources. 
 
Objective 6.1:  Eliminate needless duplication of government and regulatory activities relative to 
protection of natural resources. 
 
Policy 6.1.1:  As a political subdivision of the State, the County will, to the maximum extent 
practicable, rely upon state laws and regulations to meet the conservation goals and objectives of 
this Plan. 
 
Objective 6.2:  Identify and designate locally significant natural resources. 
 
Policy 6.2.1:  Locally significant natural resources are as follows: 
 
(1) Ambient air; 
 
(2) All waters in the State and lands lying thereunder, including seagrass beds; 
 
(3) Government owned or leased land that is used for conservation purposes; 
 
(4) Designated Ecosystem Management Areas; 
 
(5) Designated Habitat Conservation Areas; 
 

                                                                                                                    Chapter 6 
Bay County Comprehensive Plan                                                                            Conservation Element

ve Plan and may be adjusted 
from time to time by the applicant subject to approval by Bay County.  
14. 
Bay County shall have the authority to allow limited exceptions to this provision for 
essential public services and facilities, provided any necessary environmental 
authorizations are obtained from federal and state agencies.  
15. 
Each DSAP shall be heard at two advertised public hearings.  The first before the 
Planning Commission, which shall make a recommendation to the Board of County 
Commissioners for a final determination. 

                                                                                                                         Chapter 12 
Bay County Comprehensive Plan                                                          Bay-Walton Sector Plan Element 
 
12-7 
Policy 12.1.10:  Each DSAP must follow the required development forms for each Land Use 
Category, i.e. Regional Employment Center, Business Center, West Bay Center, Town Center, 
Village Center, and Low Impact Residential, and must be rezoned and receive Planned Unit 
Development (PUD) approval that integrates development, open space, Agriculture/Timberland, the 
West Bay Preservation Area and Long-Term Conservation Area acreage (where applicable) prior to 
development.  In addition to the requirements in the Bay County Land Development Regulation, each 
DSAP application shall include: 
A. 
An Infrastructure Analysis which demonstrates that the costs of any additional local 
government services and infrastructure required for the Bay-Walton Sector Plan are 
adequately funded. The analysis will also demonstrate that the impacts to schools based on 
the Bay County level of service standards in Table 13.1 are properly mitigated by the 
development under such policy. 
B. 
An Exhibit indicating the location of all uses within the DSAP including the West Bay 
Preservation Area and Long-Term Conservation Area acreage (where applicable).  Map 12.1 
identifies the West Bay Preservation Area and Long-Term Conservation Area.  As required in 
Policy 12.7.3 conservation easements will be placed on all property designated as West Bay 
Preservation Area and Long-Term Conservation Area included in the DSAP boundary at the 
time of DSAP approval.   
 
Policy 12.1.11: 
Each DSAP shall conform to the Long Term Master Plan and demonstrate all 
of the following: 
A. 
That the development is consistent with Chapter 12 of the Bay County Comprehensive Plan 
and Section 163.3245, Florida Statutes. 
B. 
That the proposed development meets the adopted level of service standards for the Bay-
Walton Sector Plan as identified in Policy 12.1.14. 
C. 
That the required on-site and off-site public facilities, services and infrastructure will be 
available to serve each development phase as it is constructed. 
D. 
That the location and configuration of the proposed West Bay Preservation Area, Long-Term 
Conservation Areas and Agriculture/Timberland provides wildlife connectivity needed for these 
areas. 
 
Policy 12.1.12: 
Bay County shall adopt amendments to the Land Development Regulations to 
establish procedures governing the DSAP approval process, and establish specific development 
requirements for the Bay-Walton Sector Plan DSAPs.

Chapter 1 
Bay County Comprehensive Plan                                                                    Administrative Procedures 
 
 
 
 
1-1
Bay County Vision Statement 
 
Goal: 
To establish, support, and maintain instruments and procedures to carry out the provisions and 
purposes of Chapter 163, Part II also known as the “Community Planning Act” and this Plan. 
 
 
Vision: 
We will create effective and efficient Bay County government that consolidates the provision of 
key public services in a manner most responsive to the needs and desires of the citizens. 
 
General Strategy 
 
Provide general guidelines and principles for the administration of the Bay County Comprehensive Plan. 
 
Objective 1.1:  To establish and enunciate the title, authority for, and applicability of, this Plan. 
 
Policy 1.1.1: Title: This document shall be entitled the Bay County Comprehensive Plan and may 
be referred to as the “Plan” or the “Comp Plan.” 
 
Policy 1.1.2: 
 Authority: This Plan is enacted pursuant to specific authority granted by Chapter 
163, Part II Florida Statues, and the general powers granted to counties found in Chapter 125, 
Florida Statues. 
 
Policy 1.1.3: Applicability: The provisions of this Plan shall apply to all land in the unincorporated 
area of Bay County within the jurisdiction of the Bay County Board of County Commissioners as 
specified in section 163.3171, Florida Statues.  The provision of this Plan in their interpretation and 
application are declared to be the minimum requirements necessary to accomplish the objectives, 
purposes, and intent of this Plan. 
 
Policy 1.1.4: Exemptions and Exceptions: The provisions and requirements of this Plan shall not 
apply under the following conditions and circumstances: 
 
Policy 1.1.4.1: Family Homestead: An individual parcel of property may be used solely as a “family 
homestead” by an individual who is the grandparent, parent, stepparent, adopted parent, sibling, 
child, stepchild, adopted child, or grandchild of the person who conveyed the parcel to said 
individual, notwithstanding the density or intensity of use assigned to the parcel in this Plan.  This 
provision shall apply only once to any individual.  This requirement may be further described in the 
Land Development Regulations. 
 
Policy 1.1.4.2: Developments of Regional Impact: Nothing in this Plan shall limit or modify the 
rights of any person to complete any development that had been authorized as a development of 
regional impact pursuant to Chapter 380, Florida Statues or who has been issued a final 
development order and development has commenced and continued in good faith, consistent with 
such development order. The “vested rights” authorized herein shall apply only to the development 
specifically allowed in the development order. Any other development, or substantial deviation from 
the development authorized in the development order, shall cause the provisions of this Plan to 
become applicable.  
 

                                                                                                             Chapter 1 
Bay County Comprehensive Plan                                                                    Administrative Procedures

erty rather than multiple 
parcels, unless multiple parcels fall within the limits of a common Development Order. 
 
(3) The avoided resource must be protected or preserved in perpetuity. 
 

                                                                                                                    Chapter 6 
Bay County Comprehensive Plan                                                                            Conservation Element 
 
  
 
6-11 
(4) In order to determine the allowable development on a site the number of units allowed for the 
whole parcel must first be determined.  This number of units will then be allowed on the 
portion of the parcel that remains after environmental resources are perpetually preserved, 
subject to the availability of facilities and services. 
 
(5) Resource preservation may be through common open space, fee simple transfer, 
conservation easement, or other similar means. 
 
(6) This policy may be further described in the Land Development Regulations. 
 
Objective 6.16:  Acquire property that is instrumental in meeting the County's conservation objectives. 
 
Policy 6.16.1:  The County will target for purchase properties adjacent to existing conservation 
lands, strategic habitat conservation areas, or land that is needed for capital improvements 
required to meet conservation objectives. 
 
Policy 6.16.2:  The County will use available external funding sources such as grants, loans, or 
appropriations to acquire conservation lands. 
 
Policy 6.16.3:  The County will consider accepting dedications of preserved areas as an incentive 
(property tax reduction) for preservation of environmental resources on a case-by-case basis. 
 
Policy 6.16.4:  The County will apply for State funds such as ""Florida Forever"", CARL or other 
applicable funds for the purchase of vacant, undeveloped land along the shorelines of West Bay 
and East Bay. 
 
Policy 6.16.5: The County will target for purchase the remaining privately owned properties on 
Shell Island in order to protect the natural resources and minimize damage to persons and private 
property on Shell Island, and enhance public access to St. Andrew Bay and saltwater beaches in 
Bay County. 
 
Policy 6.16.6: The County will coordinate the management of natural areas and open spaces on 
land acquired for preservation, conservation, or recreation purposes with other State, Federal, and 
local agencies, and non-profit organizations. 
 
Objective 6.17:  Maintain development review procedures that will promote protection of cultural and 
historic resources. 
 
Policy 6.17.1:  The County will use the State of Florida Master Site File to identify those areas 
where cultural, archaeological or historic resources may exist.  Developers of property within these 
areas must either demonstrate that no such resources are present or provide a protection plan 
which demonstrates how these resources will be protected or preserved. 
 
Objective 6.18:  Protect, conserve, and acquire Pine Islands as unique habitat conservation areas. 
 
Policy 6.18.1:  ""Pine Islands"" are small upland areas generally twenty (20) acres in size or less 
(usually characterized by typical pine flatwood vegetation) which are surrounded by waters of the","Based on the provided excerpts from Bay County's comprehensive plan, the enforceable requirements for conservation land acquisition are as follows:

* Policy 6.16.1 states that the County will target for purchase properties adjacent to existing conservation lands, strategic habitat conservation areas, or land that is needed for capital improvements required to meet conservation objectives. [Bay County, p.11]
* Policy 6.16.2 states that the County will use available external funding sources such as grants, loans, or appropriations to acquire conservation lands. [Bay County, p.11]
* Policy 6.16.4 states that the County will apply for State funds such as ""Florida Forever"", CARL or other applicable funds for the purchase of vacant, undeveloped land along the shorelines of West Bay and East Bay. [Bay County, p.12]
* Policy 6.16.5 states that the County will target for purchase the remaining privately owned properties on Shell Island in order to protect the natural resources and minimize damage to persons and private property on Shell Island, and enhance public access to St. Andrew Bay and saltwater beaches in Bay County. [Bay County, p.12]

The goals and objectives for conservation land acquisition are as follows:

* Goal 6.1 states that the goal of this element is to achieve a balanced program of environmental protection and economic development; ensure that the quality of environmental resources is maintained or improved during the planning timeframe; to protect and conserve valuable natural resources; maintain a healthy economy by ensuring the continuing viability of natural systems; protect the quality of life County residents and visitors have come to expect; promote the conservation and pollution abatement policies of the State as established by general law, and; support the vision and strategies set forth in the Bay County Vision Statement. [Bay County, p.1]
* Objective 6.16 states that the County will acquire property that is instrumental in meeting the County's conservation objectives. [Bay County, p.11]
* Objective 6.18 states that the County will protect, conserve, and acquire Pine Islands as unique habitat conservation areas. [Bay County, p.12]

It is worth noting that there is no clear evidence of enforceable requirements for conservation land acquisition in Bradford County's comprehensive plan, as the provided excerpts only contain information from Bay County's plan.

In terms of comparison, Bay County's plan has more specific and enforceable requirements for conservation land acquisition, such as targeting properties adjacent to existing conservation lands and using external funding sources to acquire conservation lands. In contrast, Bradford County's plan does not provide clear evidence of enforceable requirements for conservation land acquisition.

It is also worth noting that the provided excerpts from Bay County's plan do not provide clear evidence of enforceable requirements for conservation land acquisition in Bradford County. Therefore, it is not possible to make a direct comparison between the two counties."
Does Clay County require preconstruction wildlife monitoring or baseline species surveys as a condition of development approval?,"Clay County: 2045 Comprehensive Plan 
• Adoption and Timeline: The plan was originally adopted on January 23, 1993, and 
includes a spatial growth planning horizon that extends to 2045. 
• Amendments: Notable amendments occurred in 1993 and 2005, with map data updated 
as recently as August 2024. 
• Wildlife Corridors and Surveys: The County identiﬁes and preserves wildlife corridors 
linking public lands and may require environmental surveys for developments with 
signiﬁcant impacts. 
• Land Acquisition: The County coordinates with public agencies for the purchase of 
sensitive lands and requires developers to dedicate land for parks and recreation. 
• Open Space Planning: Speciﬁc land use categories require permanent open space, such 
as 35% for Rural Reserve and up to 50% for Agricultural Clusters. 
• Conservation Priorities: Priority for open space preservation is given to habitats 
containing listed species or native communities like scrub and upland pine.

ental survey to the County for 
review. 
FLU POLICY 1.1.9 
The presence of listed wildlife species on proposed development sites shall 
require the developer to submit a habitat management plan to preserve such 
wildlife according to the requirements of the Conservation Element 
FLU POLICY 1.1.10 
The County shall maintain land development regulations which apply 
within FEMA-designated 100-year floodplains such that existing flood 
storage is maintained and any proposed new developments do not create 
potential flood hazards or degrade the natural functions of the floodplain. 
FLU POLICY 1.1.11 
The County shall support and coordinate with the appropriate public 
agencies and other organizations in identifying and preserving known viable 
wildlife corridors which link public lands. 

 
 
FLU POLICY 1.1.12 
The County shall coordinate with public agencies, programs and other 
organizations for the acquisition of environmentally and hydrologically 
sensitive lands. The County shall provide assistance to landowners with 
submittal to the appropriate program for consideration of purchase when 
appropriate. 
FLU POLICY 1.1.13 
Clay County shall coordinate with the federal and state agencies in 
protecting manatees and their habitats through a manatee protection plan 
as specified in the Conservation Element. 
FLU POLICY 1.1.14 
The County shall regulate the excavation and reclamation of borrow pits 
which are below existing Florida Department of Natural Resources' 
regulation threshold. 
FLU POLICY 1.1.15 
New and existing electric substations shall be a permitted use in all land use 
categories except those designated as Recreation/Preservation (RP) and/or 
Conservation (CO) and shall be subject to the siting, design, and approval 
process identified in 163.3208, F.S. and applicable Clay County land 
development regulations. 
FLU OBJ 1.2 
The County shall encourage the protection of its historical, architectural, 
cultural and archaeological heritage. 
FLU POLICY 1.2.1 
The County shall develop and maintain a Historic Resource Inventory (HRI) 
and encourage the evaluation of each historical resource identified in the 
HRI for historical significance and shall encourage appropriate recognition 
and protection of eligible properties through listing on the National Register 
of Historic Places and Master Site File maintained by the Florida 
Department of State. 
FLU POLICY 1.2.2 
The County shall maintain its designation as a Certified Local Government, 
providing for additional review of any proposal for new construction in a 
designated historic district, and adopting a Historic Overlay District. 

FLU OBJ 1.3 
The County shall ensure the availability of suitable land for water, 
wastewater, stormwater and solid waste facilities sufficient to support 
and maintain adopted level of service standards. 
FLU POLICY 1.3.1 
Clay County shall work diligently with the Clay County Utility Authority 
and other utility providers to efficiently deliver services to meet future 
demand by identifying the need for additional land for expansion to meet 
the projected demand in the Plan. 
FLU POLICY 1.3.2 
The County shall prepare a Master Stormwater Management Plan as 
specified in the Community Facilities Element.

on as a Certified Local Government, 
providing for additional review of any proposal for new construction in a 
designated historic district, and adopting a Historic Overlay District. 

FLU OBJ 1.3 
The County shall ensure the availability of suitable land for water, 
wastewater, stormwater and solid waste facilities sufficient to support 
and maintain adopted level of service standards. 
FLU POLICY 1.3.1 
Clay County shall work diligently with the Clay County Utility Authority 
and other utility providers to efficiently deliver services to meet future 
demand by identifying the need for additional land for expansion to meet 
the projected demand in the Plan. 
FLU POLICY 1.3.2 
The County shall prepare a Master Stormwater Management Plan as 
specified in the Community Facilities Element. 
FLU POLICY 1.3.3 
The County shall prepare a solid waste master plan to identify needs for solid 
waste disposal through the planning period. 
FLU POLICY 1.3.4 
The County shall plan for and provide adequate future solid waste capacity 
according to the requirements of the Community Facilities Element. 
FLU POLICY 1.3.5 
The County shall establish and require an adequate level of service for water, 
wastewater, stormwater and solid waste facilities to serve the unincorporated 
areas_as defined in the Capital Improvements Element. 
FLU POLICY 1.3.6 
All development orders and permits will be conditioned on the availability 
of facilities and services that meet the adopted level-of-service standards in 
this Plan and shall not result in a reduction below the adopted level-of-
service standards. 
FLU POLICY 1.3.7 
To ensure that the adopted levels of service are met, the County shall 
maintain a concurrency management system as a part of its land 
development regulations to address those public facilities for which 
concurrency is required by State law. 
FLU POLICY 1.3.8 
The County shall require that all developments requiring a development 
permit (as defined in Section 163.3164 F.S., including comprehensive plan 
amendments) shall, at the time the subject permit application is filed, submit 
information which demonstrates that all urban services needed by the 
proposed development can and will be provided concurrent with the new 
development. 

 
 
FLU OBJ 1.4 
The County shall establish Future Land Use categories, along with 
standards for densities and intensities of use allowed in each such 
category. 
FLU POLICY 1.4.1 
The Future Land Use categories are declared to be a part of the adopted 
Future Land Use Policies. The categories have been developed to help in the 
determination of where development should occur over the planning period 
and are described below: 
1) 
Agriculture - ""AG"" (Rural): This classification is intended for those 
areas of the County designated as appropriate locations for all types of 
agricultural pursuits including crop production, pasture land for 
grazing cattle and horse farming, timber production, and cover crops 
for soil regeneration. Agricultural lands account for an important 
segment of the Clay County economy and play a vital role in the 
conservation of the County's natural resources. 
These uses are generally characterized by being situated in areas 
removed from urban services, having very sparse densities and 
exhibiting a rural character.

vision Platting and Paving Requirements. Any lots created that utilize 
this exemption may not be further subdivided to lots smaller than 9.9 acres 
without meeting current County Requirements for New Subdivisions, 
including Platting and Paving Requirements. 
FLU POLICY 1.5.13 
Clay County shall acquire or require dedication of adequate lands for parks 
and recreation to meet the existing and future recreational needs, as 
identified in the Recreation and Open Space Element of the Plan. 
FLU POLICY 1.5.14 
The County shall identify and track blight in older sections of the county. 
Tracking methods may include following code enforcement complaints and 
field surveys to determine vacancies, property maintenance problems, 
declining assessed property values and other indicators of blight. 
FLU POLICY 1.5.15 
When an area is determined to be 'blighted"" or where a trend toward blight 
is indicated, the County will develop and implement incentives for 
redevelopment. 
FLU POLICY 1.5.16 
Clay County may designate priority growth areas for targeting infrastructure 
investments and other types of funding. 
FLU POLICY 1.5.17 
By 2030, Clay County shall conduct a special area plan study of the Orange 
Park Regional Activity Center. 
FLU OBJ 1.6 
Clay County shall permit land 
use 
strategies 
to 
encourage 
preservation/conservation of natural resources, to protect healthy 
agricultural lands, to manage sustainable urban growth, and to assure 
protection of continuous growth in land values. 
FLU POLICY 1. 6.1 
Clay County shall encourage Urban Infill and/or Redevelopment. 

 
FLU POLICY 1.6.2 
Infill sites with plans of appropriate density and amenities are encouraged to 
be developed. 
FLU POLICY 1.6.3 
Clay County may consider utilizing brownfields and greyfields for 
government uses if feasible. 
FLU POLICY 1.6.4 
New developments in brownfields and greyfields are encouraged. 
FLU POLICY 1.6.5 
Prior to the acquisition of lands for public facilities such as parks, libraries 
and community facilities, the County shall evaluate the availability of lands 
located adjacent to lands owned by the School Board for school facilities to 
determine the feasibility of co-location of public facilities. 
FLU POLICY 1.6.6 
The purpose of the Transfer of Development Rights (TDR) program is to 
transfer residential density and/or non-residential intensity from eligible 
sending sites to eligible receiving sites through a voluntary process that 
encourages preservation/conservation of natural resources, protect healthy 
agricultural lands, manages sustainable urban growth, and assures 
protection of continuous growth in land values for a public benefit. 
FLU POLICY 1.6.7 
The County shall include the implementation regulations of the TDR 
program in the Land Development Code (LDC). 
FLU POLICY 1.6.8 
Participation in the TDR program shall be voluntary. However, the eligibility 
for participation in the program shall be reviewed by the County with 
criteria developed under the TDR program. 
FLU POLICY 1.6.9 
Density/Intensity Rating System: 
1) 
The number of residential units and the floor-area of nonresidential 
development rights that a sending site is eligible to send to a receiving 
site shall be determined by applying the TDR sending site base 
density/intensity established in subsection 4) of this section to the area 
of the sending site, after deducting the area associated with any existing 
development, any retained development rights and any portion of the 
sending site already in a conservation easement, a restrictive covenant 
or other similar encumbrance. For each existing dwelling unit or 
retained development right, the sending site area shall be reduced by the

s specifically negotiated during the DRI approval process 
shall be exempt from compliance with new regulations. Unless otherwise 
provided by its development order or any amendment thereto, such 
authorized development also shall be vested for concurrency with this Plan 
and exempt from land development regulations specifically implementing 
concurrency to the extent provided by applicable law. Nothing in this Plan 
shall limit or modify the right to complete a development authorized under 
Chapter 380, F.S. 

FLU OBJ 1.10 
FLU POLICY 1.9.5 
For lots of record otherwise inconsistent with respect to the density 
standards established in the Future Land Use Map, the County shall allow a 
maximum of one dwelling unit, subject to development regulations in effect 
at the time of development. The minimum size of a lot of record eligible for 
exemption shall be governed by the zoning requirements applicable to the 
property on June 30, 1991. 
For purposes of this policy, a lot of record shall mean a piece, parcel, plat, or 
tract of land described by plat, by metes and bounds or other similar means 
in a legally recorded deed as of 12:01 a.m., July l, 1991. 
FLU POLICY 1.9.6 
The County shall establish criteria in the land development regulations for 
the transfer of land for the use of family members for their primary 
residences. 
FLU POLICY 1.9.7 
Individuals having a current Clay County homestead exemption which has 
been in effect for the past four years (five years total) and who have also 
owned property in the Rural Residential, Agriculture/Residential or 
Agriculture land use designations for five or more years shall be permitted 
to subdivide the property owned for five or more years as specified in the 
land development regulations. 
The County shall ensure the proV1s10n of previously assigned 
development rights to certain parcels as stipulated by ordinance. 
FLU POLICY 1.10.1 
Until an appropriate mixed use development proposal is made to the 
County, the 72 structures located on Clay Parcel No. 37-06-26-015718-000-
00 on June 1, 2010 may be reconstructed or replaced despite the non-
conforming status of the development, including non-conformities 
associated with the requirements of the MIX Land Use category provided 
that under any individual incident ofloss or damage, not more than 50% of 
the structures or 36 structures, have suffered individual loss or damage of 
greater than 60 percent. 
Any reconstruction or replacement permitted 
pursuant to this policy shall be in substantially the same location as the 
existing structure prior to its being damaged or destroyed and shall not result 
in an increased number of residential units in any individual structure. The 
owner will obtain a building permit from Clay County for any 
reconstruction or replacement activities. Reconstruction or replacement 
activities undertaken pursuant to this policy shall not be considered 

redevelopment. 
FLU POLICY 1.10.2 
Within the parcel designated as ""Business Park"" on the Future Land Use 
Map and the Future Commercial and Industrial Land Use Map Series by 
Ordinance No. 2005-62, Business Park development shall not exceed 
1,500,000 square feet and Industrial development shall not exceed 1,000,000 
square feet.","Based on the provided excerpts from the Clay County comprehensive plan, it appears that Clay County does not explicitly require preconstruction wildlife monitoring or baseline species surveys as a condition of development approval.

However, there is a policy that mentions the requirement for a habitat management plan to preserve listed wildlife species on proposed development sites. According to FLU POLICY 1.1.9 [Clay County, p. 3-5], ""The presence of listed wildlife species on proposed development sites shall require the developer to submit a habitat management plan to preserve such wildlife according to the requirements of the Conservation Element.""

This policy suggests that if listed wildlife species are present on a proposed development site, the developer must submit a habitat management plan. However, it does not explicitly require preconstruction wildlife monitoring or baseline species surveys.

Additionally, FLU POLICY 1.1.11 [Clay County, p. 3-5] states that ""The County shall support and coordinate with the appropriate public agencies and other organizations in identifying and preserving known viable wildlife corridors which link public lands."" This policy suggests that the County may require environmental surveys for developments with significant impacts, but it does not explicitly require preconstruction wildlife monitoring or baseline species surveys.

In summary, while there are policies that mention the importance of preserving wildlife and wildlife corridors, there is no explicit requirement for preconstruction wildlife monitoring or baseline species surveys as a condition of development approval."
What does St. Johns County say about preserving natural areas or conservation areas?,"E.2.11  
Agriculture/ Silviculture Soils 
  
Agricultural and silviculture soils in St. Johns County shall be protected and conserved 
as an essential natural resource which is an integral part of the County's economy.  This 
will be implemented through the County's Land Development Regulations (LDRs).  
  
Policies  
  
E.2.11.1  
The County will continue to protect Agricultural lands through the agriculture 
 
 
exemption or ""green belt"" property tax assessments.  
  
E.2.11.2  
The County shall work with local Natural Resources Conservation Service 
 
 
(NRCS) offices to develop methods of soil conservation and educate the  
 
 
agricultural community about soil conservation and erosion control practices 
 
 
including implementing appropriate Best Management Practices and erosion 
 
 
control strategies.  
  
E.2.11.3  
The County shall protect Agricultural and Silviculture areas through their  
 
 
designation on the Future Land Use Map and through the development and 
 
 
application of Planned Rural Development Land Development Regulations. 
 
 
 
 
 
 
 
 
 
 
 
 
 
 
 
 
 
 
 
 
 
     

2025 COMPREHENSIVE PLAN Coastal Management/Conservation 
Page 43 
 
Objective E.2.12 
Mining and Excavation Activities 
  
Mining and excavation activities in the County shall be conducted in a manner that 
minimizes the detrimental effects to the groundwater, surface water, wildlife, and wildlife 
habitats, the surrounding land use values and the health, safety, and welfare of the 
general public in addition to the appropriate use and protection of minerals.  
  
Policies  
  
E.2.12.1  
By 2011, the County shall review and update, as appropriate, Land  
 
 
Development Regulations (LDRs) for excavation activities. At a minimum, the 
 
 
LDRs shall address the regulation of excavation activities including appropriate 
 
 
use, size, roadway use and maintenance, and any appropriate exemptions.  
  
E.2.12.2  
Commercial mining and excavation activities shall be prohibited within the 
 
 
Conservation areas designated on the Future Land Use Map.  
  
E.2.12.3  
Excavations for fish ponds, aquaculture, or pisciculture activities shall be in 
 
 
conformance with the Florida Department of Agriculture and Consumer  
 
 
Services, Aquaculture Best Management Practices, January 2005, as amended, 
 
 
and the County LDRs.  
 

2025 COMPREHENSIVE PLAN  Recreation and Open Space  
Page 1  
F. RECREATION AND OPEN SPACE ELEMENT  
  
Goal F.1  
  
The development of a system of parks, recreation facilities, and open spaces to meet the 
health, safety, and welfare needs of the County citizens and visitors.  
  
Objective F.1.1  
Park, Beach, and Waterway Access  
  
The County shall improve public access to County parks, beaches, and waterways (rivers 
and their tributaries, creeks and/or branches) by providing: improved beach parking by 
constructing the necessary facilities for: (a) the US 1 /Intracoastal Waterway corridor 
between the City of St. Augustine limits and CR 210; (b) the St. Johns River and its 
tributaries; and (c) all other County rivers and creeks.  
  
Policies  
  
F.1.1.1 
The County shall improve physical access to parks and recreational sites by:

G.1.9.8  
St. Johns County shall support and encourage continued water quality monitoring 
by local, state, and federal agencies that will identify and formulate plans to address 
point and non-point sources of surface water pollution.  
  
G.1.9.9  
The County shall promote water conservation through implementation of the water 
conservation plan submitted as a part of the consumptive use permitting process.  

2025 COMPREHENSIVE PLAN  Intergovernmental Coordination  
 Page 13  
G.1.9.11  
St. Johns County shall coordinate with the School Board to ensure that future school 
facilities are located outside areas susceptible to hurricane and/or storm damage 
and/or areas prone to flooding, or as consistent with Florida Statutes, regarding 
flood plain and school building requirements.  
  
G.1.9.12  
The County shall work with the Florida Department of Environmental Protection 
(DEP), the Florida Fish and Wildlife Conservation Commission (FWC), and other 
appropriate governmental agencies in the implementation of the St. Johns County 
Manatee Protection Plan (MPP) (2005).  
  
G.1.9.13  
The County shall protect sea turtles by implementing the St. Johns County Habitat 
Conservation Plan and through coordination with the DEP, FWC, and U.S. Fish 
and Wildlife Service (FWS) on the enforcement and protection of sea turtles during 
their nesting times.  
  
G.1.9.14  
The County shall provide technical support and assistance to State and Federal 
agencies including the U.S. Fish and Wildlife Service (USFWS), the Florida Fish 
and Wildlife Conservation Commission (FWC), and the St. Johns River Water 
Management District (SJRWMD) in their inventory, assessment, and mapping of 
existing fish and wildlife habitat, significant upland communities, and wildlife 
corridors, as provided in Conservation Policy E.2.2.7.  
  
G.1.9.15  
The County shall continue to implement the County Greenway, Blueway & Trails 
Master Plan  to protect and enhance the natural, cultural, and historical resources of 
the County while providing interconnecting accessways between public 
conservation and park lands. The established Greenways/Blueways/Trails shall be 
coordinated with the surrounding counties and municipalities.  
  
G.1.9.16  
The County shall provide technical support and assistance to applicable State and 
Federal agencies in identifying and inventorying all beaches and dune systems so 
that they may be protected, enhanced, or renourished.  
  
G.1.9.17  
St. Johns County shall continue to coordinate with governmental agencies on the 
St. Johns River Surface Water Improvement (SWIM) program, the Northern 
Coastal Basin SWIM Program, the GTMNERR Management Plan, Pellicer Creek 
Aquatic Preserve Management Plan, Guana River Marsh Aquatic Preserve 
Management Plan, the Natural Resources of Regional Significance (NRRS), the St. 
Johns River American Heritage River designation and any future Management 
Plan, Habitat Conservation Plan, Manatee Protection Management Plan, and  
Estuarine Sanctuary Plan to ensure that the County resource protection measures 
are implemented in conjunction with the existing resource protection plans.  
  

2025 COMPREHENSIVE PLAN  Intergovernmental Coordination  
 Page 14  
G.1.9.18  
Recognizing that submerged aquatic vegetation (SAV) protects water quality by 
stabilizing sediments, absorbing nutrients, and providing essential habitats for 
many species of wildlife, the County shall consider regulations to protect SAV by 
2010.

quatic Preserve Management Plan, Guana River Marsh Aquatic Preserve 
Management Plan, the Natural Resources of Regional Significance (NRRS), the St. 
Johns River American Heritage River designation and any future Management 
Plan, Habitat Conservation Plan, Manatee Protection Management Plan, and  
Estuarine Sanctuary Plan to ensure that the County resource protection measures 
are implemented in conjunction with the existing resource protection plans.  
  

2025 COMPREHENSIVE PLAN  Intergovernmental Coordination  
 Page 14  
G.1.9.18  
Recognizing that submerged aquatic vegetation (SAV) protects water quality by 
stabilizing sediments, absorbing nutrients, and providing essential habitats for 
many species of wildlife, the County shall consider regulations to protect SAV by 
2010.    
  
G.1.9.19  
The County shall coordinate with the Florida Department of Agriculture and 
Consumer Services, Division of Forestry, to ensure that appropriate fire prevention 
methods are implemented for the burning of land clearing debris within the 
Rural/Silviculture areas.  
  
G.1.9.20  
The County shall continue to coordinate with the St. Johns County Cooperative 
Extension Service, the Natural Resources Conservation Service (NRCS), the 
Florida Department of Agriculture and Consumer Services (Division of Forestry), 
and the Land Acquisition Management Program (LAMP)/Environmental Advisory 
Board to develop and implement strategies such as, but not limited to, Best 
Management Practices (BMPs), conservation easements, tax incentives, and federal 
and state grants (i.e., forest legacy, stewardship incentive program, farmland 
protection, wildlife habitat incentive program, etc.) in an effort to maintain 
agriculture and silviculture activities as viable businesses in the County.  In 
addition, the County shall protect natural resources and wildlife habitats.  
  
G.1.9.21  
The County shall continue to implement Land Development Regulations which 
address alternative types of protection for each type of Environmentally Sensitive 
Lands (ESL), and which include the intergovernmental coordination processes 
provided in Conservation Policy E.2.2.4.   
  
G.1.9.22  
The County shall participate in an education program, in cooperation with the 
Natural Resources Conservation Service, Agricultural Extension Service, and 
others, to provide suggestions and guidance to the agricultural and silviculture 
communities on methods for incorporating wildlife corridors in the management of 
their lands.  
  
G.1.9.23  
The County shall coordinate with appropriate agencies to implement the objectives 
and policies of the Coastal/Conservation Element and the Recreation and Open 
Space Element.  
 
 
 
 
 

2025 COMPREHENSIVE PLAN  Intergovernmental Coordination  
 Page 15  
Objective G.1.10  
Improvements to Coastal and Waterfront Areas  
  
The County shall continue to establish agreements or other mechanisms to obtain grant 
resources for planning activities to improve coastal and waterfront areas including, but not 
limited to, boat ramps, beach parking, dune cross overs, public access signage, beach 
renourishment, and waterfront redevelopment.  
  
Policies  
  
G.1.10.1  
The County shall continue to improve physical access to parks and recreational sites 
by researching and applying for grants and other available funding to acquire and 
construct parking and access at chosen locations.

state agencies then the County will 
 
 
review the Land Development Regulations for compliance with the potential 
 
 
state requirements for the Matanzas Basin. 
 
 
 
 
 
 
 
 
 
 
 
 
 
 
 
 
 
 
 
 
 
 
 
 
  

2025 COMPREHENSIVE PLAN Coastal Management/Conservation 
Page 31 
 
Objective E.2.3 
Surface Water Quality 
 
The surface waters of St. Johns County shall be protected to ensure that their quality is 
maintained.  Waters that enter the estuaries and the ocean shall be improved, at a 
minimum, to the standards established by Chapter 62-302, F.A.C. and the Clean Water 
Act, 33 U.S.C. 1251.  
  
Policies  
  
E.2.3.1   
St. Johns County shall support and encourage continued water quality  
 
 
monitoring by local, state, and federal agencies that will identify and formulate 
 
 
plans to address point and non-point sources of surface water pollution.  
  
 
E.2.3.2   
St. Johns County shall continue to coordinate with governmental agencies on 
 
 
the St. Johns River Surface Water Improvement (SWIM) program, the Northern 
 
 
Coastal Basin SWIM Program, the GTMNERR Management Plan, Pellicer 
 
 
Creek Aquatic Preserve Management Plan, Guana River Marsh Aquatic  
 
 
Preserve Management Plan, the Natural Resources of Regional Significance 
 
 
(NRRS), the St. Johns River American Heritage River designation, and any 
 
 
future Management Plan, Habitat Conservation Plan, Manatee Protection  
 
 
Management Plan, and Estuarine Sanctuary Plan to ensure that the County 
 
 
resource protection measures are implemented in conjunction with the existing 
 
 
resource protection plans.  
  
E.2.3.3   
St. Johns County shall enhance or restore the degraded natural areas on County 
 
 
owned properties through the removal of non-native vegetation, revegetating, 
 
 
shoreline or dune restoration or the restoration of the natural hydrology, where 
 
 
feasible.  
  
E.2.3.4   
The County shall develop native vegetative restoration plans for park sites  
 
 
within the County. All plans will include the removal of non-native vegetative 
 
 
plant materials, i.e. Brazilian pepper, Chinese tallow, Australian pine, and air 
 
 
potato.  The non-native vegetative plant materials shall be replaced with the 
 
 
appropriate native species.  
  
E.2.3.5   
There shall be no reduction in the flood storage capacity or the other natural 
 
 
functions and values of the floodplain in St. Johns County by regulating  
 
 
development in areas designated as regulatory floodway as updated by FEMA 
 
 
Flood Insurance Studies in St. Johns County.  Encroachments shall be  
 
 
prohibited within designated regulatory floodway including, but not limited to, 
 
 
fill, new construction, development improvements, that would result in any 
 
 
increase in flood levels.  

2025 COMPREHENSIVE PLAN Coastal Management/Conservation 
Page 32 
 
  
E.2.3.6   
The County shall regulate development within the flood prone areas to  
 
 
minimize flood storage capacity reduction and to afford protection to life and 
 
 
property within the floodplain. 
  
E.2.3.7   
Land uses should be restricted if they adversely affect the quality and quantity 
 
 
of the water resources such as natural groundwater recharge areas, wellhead

he County shall monitor and review its Land Development Code on a regular basis 
and amend as necessary. 
 
A.1.7.2 
The County shall encourage and provide recommendations to private developments 
for the inclusion of innovative landscape design through the County’s development 
review process. 
 
A.1.7.3 
The County shall protect environmentally sensitive land, defined as areas of land 
or water which are determined necessary by the local government, based on locally 
determined criteria to conserve or protect natural habitats and ecological systems 
from the impacts of development through the implementation of the Land 
Development Code. The County shall continue to assist in programs that assure 
protection and conservation of environmentally sensitive lands for future 
generations. 
 
A.1.7.4 
The County shall continue to investigate land development regulations, incentives, 
and provisions to promote infill development in those areas which, consistent with 
the Plan, are appropriate for such development. 
 
A.1.7.5 
The County shall continue to investigate land development regulations that promote 
compact development, discourage urban sprawl, and support the efficient use of 
land and public facilities. 
 
A.1.7.6 
The County shall consider identifying areas within the Development Area 
Boundaries appropriate for infilling and establishing incentives to encourage infill 
development of these areas. 
 
A.1.7.7 
The County shall continue to enforce its land development regulations, which at a 
minimum, contains provisions for the following: 
 
(a) 
protection of environmentally sensitive lands; 
 
(b) 
safe and convenient on-site traffic circulation; 
 
(c) 
provision of adequate on-site parking; 

2025 COMPREHENSIVE PLAN Land Use 
Page 20 
 
(d) 
protection of wellheads; 
 
(e) 
regulation of subdivisions; 
 
(f) 
regulations for areas subject to seasonal and periodic flooding; 
 
(g) 
drainage and stormwater management; and 
 
(h) 
provision of open space and landscaping; 
 
(i) 
regulations of roads, water, and sewer infrastructure. 
 
A.1.7.8 
Within  one year of adopting an amendment to the Comprehensive Plan,  St. Johns 
County shall update its Land Development Code, if applicable, to implement the 
amendment and maintain consistency between the two documents.

2025 COMPREHENSIVE PLAN Land Use 
Page 21 
 
Objective A.1.8 
Land for Utility Facilities 
 
The County shall require adequate provision of land for necessary utility facilities in future 
development or redevelopment areas. 
 
Policies 
 
A.1.8.1 
All development orders or development permits for future development or 
redevelopment activities shall be conditioned on the provision of adequate land to 
accommodate needed utility facilities. 
 
A.1.8.2 
Future utility facilities shall be located to promote the efficient provision of 
services, minimize the cost of construction and maintenance, and minimize the 
impact on the natural environment. 
 
A.1.8.3 
Water and wastewater treatment facilities shall be allowed in the Future Land Use 
designations as provided in Policy A.1.11.1 and subject to standards and criteria 
contained in the County land development regulations. The design and construction 
of such facilities shall protect natural resources and environmentally sensitive areas 
and shall be adequately buffered from all non-compatible uses.","Based on the provided excerpts from the St. Johns County comprehensive plan, the following policies and objectives related to preserving natural areas or conservation areas can be identified:

1. **Protection of Agricultural and Silviculture Soils**: The County shall protect and conserve agricultural and silviculture soils as an essential natural resource (E.2.11, [St. Johns County, pp. 177-179]). This will be implemented through the County's Land Development Regulations (LDRs).
2. **Conservation of Agricultural Lands**: The County will continue to protect agricultural lands through the agriculture exemption or ""green belt"" property tax assessments (E.2.11.1, [St. Johns County, pp. 177-179]).
3. **Soil Conservation and Erosion Control**: The County shall work with local Natural Resources Conservation Service (NRCS) offices to develop methods of soil conservation and educate the agricultural community about soil conservation and erosion control practices (E.2.11.2, [St. Johns County, pp. 177-179]).
4. **Protection of Agricultural and Silviculture Areas**: The County shall protect agricultural and silviculture areas through their designation on the Future Land Use Map and through the development and application of Planned Rural Development Land Development Regulations (E.2.11.3, [St. Johns County, pp. 177-179]).
5. **Mining and Excavation Activities**: Mining and excavation activities in the County shall be conducted in a manner that minimizes the detrimental effects to the groundwater, surface water, wildlife, and wildlife habitats (E.2.12, [St. Johns County, pp. 43]). Commercial mining and excavation activities shall be prohibited within Conservation areas designated on the Future Land Use Map (E.2.12.2, [St. Johns County, pp. 43]).
6. **Conservation of Natural Resources**: The County shall protect natural resources and wildlife habitats (G.1.9.20, [St. Johns County, pp. 200-202]).
7. **Water Quality Protection**: The County shall support and encourage continued water quality monitoring by local, state, and federal agencies (E.2.3.1, [St. Johns County, pp. 165-168]). The County shall enhance or restore the degraded natural areas on County-owned properties through the removal of non-native vegetation, revegetating, shoreline or dune restoration, or the restoration of the natural hydrology, where feasible (E.2.3.3, [St. Johns County, pp. 165-168]).
8. **Floodplain Protection**: There shall be no reduction in the flood storage capacity or the other natural functions and values of the floodplain in St. Johns County by regulating development in areas designated as regulatory floodway (E.2.3.5, [St. Johns County, pp. 165-168]).
9. **Protection of Environmentally Sensitive Lands**: The County shall protect environmentally sensitive land, defined as areas of land or water which are determined necessary by the local government, based on locally determined criteria to conserve or protect natural habitats and ecological systems from the impacts of development (A.1.7.3, [St. Johns County, pp. 18-22]).

In summary, the St. Johns County comprehensive plan includes various policies and objectives aimed at preserving natural areas and conservation areas, including the protection of agricultural and silviculture soils, conservation of agricultural lands, soil conservation and erosion control, protection of agricultural and silviculture areas, conservation of natural resources, water quality protection, floodplain protection, and protection of environmentally sensitive lands."
Summarize any policies on wildlife movement across roads or highway mitigation in Hillsborough County.,"Policies
Objective 6.6
6.7.1	
The removal of exotic nuisance species from riverbanks shall be 	
	
	
encouraged and may be required as a permitting condition.
Continue to preserve and enhance wildlife habitats and preserve 
archaeological resources on the Hillsborough River.
Policies
Objective 6.7

213 unincorporated hillsborough county comprehensive plan
6.8.1	
The Upper Hillsborough River shall be managed as a Wildlife Habitat 	
	
Corridor to provide an area for wildlife passage.
6.8.2	
Recreation facilities in the Upper Hillsborough River Corridor shall be 	
	
designed to minimize impacts upon wildlife habitat by encouraging less 	
	
disruptive passive pursuits such as hiking, nature study, photography, 	
	
picnicking, fishing, and canoeing. No buildings shall be constructed within 	
	
500 feet of the river’s wetlands.
6.8.3	
To preserve the quiet pristine character of the upper Hillsborough River, 	
	
additional boat docks and ramps in this section of the river are prohibited, 	
	
unless authorized by appropriate regulatory agencies. This provision shall 	
	
not apply to canoe launches.
Preserve the rural character of the Upper Hillsborough River by 
discouraging additional development within the river corridor 
except for those sites improved or developed that are dedicated to 
passive recreational pursuits.
Policies
Objective 6.8

214 unincorporated hillsborough county comprehensive plan
One Water
Protect and 
Preserve
Water 
Conservation
Integrated 
Water Resource 
Management
Encourage Efficient 
Use of Land and 
Redevelopment
Sustainable 
Infrastructure and 
Programs
Low Impact 
Development
General Sanitary Sewer, Drainage, Potable Water, and Natural Groundwater Aquifer Recharge Element per 163.3177(6)(c), F.S.

215 unincorporated hillsborough county comprehensive plan
One Water
O
ne Water represents a holistic and integrated 
approach to planning for potable water, 
wastewater, stormwater, and the natural environment 
within Hillsborough County. The concept rests on the 
knowledge that all water is interrelated, and all water 
has value. Matching the right water resource to the 
right use can be used as an innovative solution to 
meet growing population demands. Viewing water 
holistically enables the County to be more flexible and 
quick to address threats like storm surge, changing 
rainfall patterns, and the increased need for resiliency.
The One Water Chapter synthesizes and modernizes 
the water resources-related language that previously 
lived in siloed Elements. The Chapter combines the 
Potable Water, Sanitary Sewerage, and Stormwater 
Elements as well as water resource related language 
from the Conservation and Aquifer Recharge, 
Future Land Use, Coastal Management, and Capital 
Improvements Elements. In addition, the Chapter 
contains new language that is on the forefront 
of water resources management, such as green 
infrastructure, multi-use projects, and coordinated 
water infrastructure planning. 
The Chapter is a collaboration between stakeholders 
from the One Water Working Group, which represent 
staff from across the County: the Water Resources 
Department, Environmental Management Division, 
Development Services Department and Engineering 
and Operations Department. Via this integrated 
approach to Comprehensive Planning, the One Water 
Chapter sets the stage for implementation of creative 
programming by the County. The Chapter ensures 
projects consider the impact of one resource on 
another and take a holistic view to optimize resources 
and maximize benefits across the County.
Introduction

surrounding community 
and protects the natural environment. 
GOAL
Design roadways appropriate to the Future Land Use category that 
they traverse. 
Policies
Objective 7.1
MOBILITY

146 unincorporated hillsborough county comprehensive plan
7.2.1	
Conduct corridor studies, including an environmental justice analysis, prior 	 	
	
to any right-of-way acquisition for new road construction or major road 	
	
	
widening to assess the impacts to adjacent areas and provide avoidance, 	
	
	
minimization or mitigation mechanisms for adverse impacts. 
7.2.2	
Require the location and design of public roads and bridges to avoid, minimize 	
	
or mitigate adverse impacts to wildlife habitats and vegetative communities.
7.2.3	
Wildlife underpasses and overpasses shall be used to address transportation 	
	
infrastructure’s potential impact on wildlife corridors and habitats.
7.2.4	
Coordinate mobility improvements with natural resource agencies and County 	
	
environmental staff to avoid, minimize or mitigate adverse impacts on 	
	
	
wetlands, wildlife habitats and corridors, and other environmentally sensitive 	
	
lands.
7.2.5	
In coordination with the One Water Chapter, integrate green infrastructure 	 	
	
into capital improvements planning and transportation infrastructure 	
	
	
projects when feasible, including but not limited to roadways, sidewalks, 	
	
	
medians and transit stations.
7.2.6	
Coordinate with the Tampa Regional Office of the Division of Historical 	
	
	
Resources, Florida Department of State, natural resource and environmental 		
	
agencies to provide for the consideration of the area’s historic, cultural, tribal 	
	
and natural resources when new and expanded roadways are proposed.
7.2.7	
Preserve existing stands of trees and/or provide new tree plantings associated 	
	
with any roadway expansion or new construction.
Policies
Minimize adverse impacts to residential and commercial 
neighborhoods and environmentally sensitive land. 
Objective 7.2

147 unincorporated hillsborough county comprehensive plan
7.3.1	
Future roadway construction and reconstruction shall be designed and 	
	
	
planned to mitigate adverse impacts on adjacent residential neighborhoods 	 	
	
through such techniques as, but not limited to, landscaping to buffer 	
	
	
visual effects and the use of sound walls. 
7.3.2	
Continue to utilize appropriate traffic calming devices and roadway design 	
	
	
principles to ensure speed is managed based on context.
7.3.3	
Continue to provide support to community and civic groups that undertake 	 	
	
voluntary roadway landscape programs in their local communities through 	 	
	
education and assistance in addressing requirements.
Policies
Protect neighborhoods from adverse impacts of through traffic 
and travel speeds while providing reasonable access to and from 
residential areas. 
Objective 7.3
7.4.1	
Implement complete streets typologies based on the Context-Based 		
	
	
Classification Plan. 
7.4.2	
Evaluate retrofitting roads with mid-block crossings, consistent with context 	 	
	
classifications and surrounding land uses that attract non-motorized travelers.
7.4.3	
Implement regulations to improve the appearance of roadway corridors,

Hillsborough County 
Wildlife Corridors 
Open Space 
Open Space shall be prioritized for conservation to promote wildlife corridors and 
minimize negative effects on neighboring significant wildlife habitat. 
33.a.15 Wildlife Corridors 
During development review processes, the County shall consider the effects of 
development on significant wildlife habitat and protect wildlife corridors from 
fragmentation. Where necessary to prevent fragmentation of wildlife corridors, 
the County shall require the preservation of effective wildlife corridors within 
development projects. 
 
If it is demonstrated that no Natural Plant Community exists within a portion of a 
buffer/open space area (e.g. the area is dominated by pasture grasses), then the 
developer may locate any required floodplain compensating storage areas (as 
defined in the SWFWMD Basis of Review) wetland or upland mitigation (for plants 
or animals) within such portions of the buffer/open space in order to create a more 
diverse habitat mosaic. The placement of floodplain compensation areas shall 
be approved by SWFWMD during permit reviews to ensure that adjacent wetland 
hydroperiods are not adversely affected. If located within a wildlife corridor, any 
buffer encroachment permitted in this Policy will maintain an upland corridor, as 
set forth in the Implementation Section hereof, between delineated wetlands and 
encroachment to allow for wildlife movement. 
 
The Developer shall prepare a Planned Development and Environmental 
Management Plan in accordance with Table 1, providing the following protections to 
the Regional Resource: 
• 
• 
• 
• 
• 
• 
Preservation of the functional integrity of the Regional Resource. 
Provision of increased buffering to the Regional Resource. 
Provision for wildlife crossing(s) along wildlife corridors. 
Continuation of wildlife corridors on private land. 
Buffers shall lie on a line between the proposed development and the protected 
resource. 
A continuous buffer, wildlife crossing, wildlife corridor or other buffer will not 
preclude the construction or development of a road, trail or utility crossing if the 
necessity of the road, trail or utility crossing can be adequately demonstrated 
and provided appropriate precautions and mitigation for impacts to the corridor 
are applied. 
 
The Planned Development shall provide for the continuation of any regionally 
significant wildlife corridor(s). Detailed wildlife corridor specifications shall be 
specified in the Environmental Management Plan, and as specified in Table 1, 
provided however, if FFWCC has determined that a wildlife species that requires area 
for mobility requires a greater width of wildlife corridor, said greater corridor width 
shall be reasonably provided. In cases where activities allowed under other parts 
of this rule occur in a particular portion of a buffer, then the required buffer must 
minimally exceed current wetland setback requirements and must be maintained in 
uplands. A continuous buffer shall be placed between the development and a Potable 
Water Supply or Named River. Crossings of this buffer may not occur except for 
access, utilities or project roadways on a finding that no other reasonable alternative 
exists and that the enhancements to mitigate any adverse functional impacts are 
provided.

at) benefits.
3.10.1	
Require consideration, and where appropriate, incorporation of County 	
	
approved conceptual Greenway System and Wildlife Corridor plans into 	
	
reclamation plans.
3.10.2	
Land alteration activities adjacent to viable public Wildlife Corridors shall 	
	
be regulated in a manner consistent with the continued function 	
	
	
of the corridor, in accordance with adopted criteria, standards, 	
	
	
methodologies, and procedures.
Identify, enhance, and protect corridors or linkages that maintain 
a contiguous network of wildlife habitat between public and 
private lands per local rules and regulations.
Policies
Objective 3.10

204 unincorporated hillsborough county comprehensive plan
3.10.3	
Wildlife Corridors within development projects shall be preserved, as provided 	
	
under local rules and regulations including mitigation as required and extension/	
	
expansion of corridors is encouraged.
3.10.4	
Establish and maintain desirable native vegetative buffers on public lands along 	
	
Wildlife Corridors.
3.10.5	
Continue to acquire and physically link existing public preservation areas with 	
	
Wildlife Corridors into a contiguous system.
3.10.6	
Encourage appropriate agencies and private organizations to assist the County 	
	
in conserving and preserving public natural area linkages which may function as 	
	
Wildlife Corridors.
3.10.7	
Collaborate with private landowners to limit the fragmentation of wildlife 	
	
	
movement areas. Analyze the cumulative impacts of development, steps 	
	
	
to mitigate, and steps to maintain and enhance native ecosystems.
3.10.8	
Coordinate with surrounding county governments and private landowners to 	
	
increase regional wildlife corridors and wildlife distribution to link other public 	
	
and private lands.
3.10.9	
Coordinate with neighboring counties and jurisdictions to identify those lands for 	
	
public acquisition necessary to preserve vital portions of Wildlife Corridors.
3.10.10	 Promote Wildlife Corridor linkages to lands in adjacent counties to develop a 		
	
system of interconnected public Greenways and Blueways.
3.10.11	 Protect or enhance Wildlife Corridors by minimizing road crossings over wetlands 	
	
and floodplains and designing crossings to allow for unimpeded passage of 	 	
	
wildlife as provided under local rules and regulations including mitigation 	
	
	
as required.
3.10.12	 Review, update, and maintain regulatory adopted criteria, standards, methodologies, 	
	
and procedures to protect the integrity of Shoreline Wildlife 	Corridors.
3.10.13	 Continue to identify, adopt, and preserve Wildlife Corridors/Greenway System, 	
	
generally north of the City of Tampa’s northern boundary to the Pasco County 	
	
line, connecting Cypress Creek and the Hillsborough River (Per Governor and 	
	
Cabinet Final Order AC-93-087).

205 unincorporated hillsborough county comprehensive plan
4.1.1	
Appropriate provisions from the Cockroach Bay Aquatic Preserve 	
	
	
Management Plan shall continue to be considered as appropriate tools to 	
	
help implement this Plan or other applicable plans endorsed by the Board 	
	
of County Commissioners.
4.1.2	
Take all practical action to revive the shellfish habitat of the Cockroach Bay

creeks, rivers, 
swamps, hammocks, pinelands, scrub, birds and other wildlife.
Natural Plants
Plants, once established, that survive on rainfall without irrigation. 

315 unincorporated hillsborough county comprehensive plan
Definitions
River Corridor Policy 
Overlay
The Environmental and Sustainability Section’s River Resources “Goals, 
Objectives and Policies” shall be known as the River Corridor Policy 
Overlay. Rivers and primary tributaries of the County shall be protected 
by Goals, Objectives and Policies as provided for in the Environmental and 
Sustainability’s Section Goal 5 as the River Corridor Policy Overlay.
Riverine Corridor 
Overlay (RCO) District
This district is comprised of the 25-year floodplain for designated riverine 
corridors within Urban Level land use categories. RCO Districts are 
established pursuant to the Future Land Use Element of the Comprehensive 
Plan. Industrial land uses are prohibited. Refer to the land use map to locate 
RCO districts. The provisions of this district do not apply to parcels of land 
for single family dwellings where the parcel is exempt from the provisions 
of the Hillsborough County Subdivision Regulations or where the parcel is 
part of a recorded plat on January 28, 1988.
Safe Systems Approach
A holistic approach to the transportation system that aims to eliminate 
fatal and serious injuries for all users by anticipating human mistakes and 
keeping impact energy on the human body at tolerable levels.
Significant Wildlife 
Habitat
Contiguous stands of natural plant communities which have the potential 
to support healthy and diverse populations of wildlife and which have been 
identified in the Florida Game and Freshwater Fish Commission Natural 
Systems and Land Use Cover Inventory for Hillsborough County. 
Smart System
The application of advanced technologies, robust planning, improved
preparedness, and extensive interagency and intra-agency coordination 
to improve safety for all users, traffic flow, reliability and throughput of 
the surface transportation network. Examples include but are not limited 
to access management, real-time traffic management, smart streetlights, 
incident detection and response, transportation demand management, 
transit signal prioritization, driver information, wayfinding and navigation 
assistance, electric vehicle charging infrastructure, Vehicle-to-Vehicle (V2V) 
and Vehicle-to-Infrastructure (V2I) communication.
Solid Waste Disposal 
Sites
Sites permitted for the permanent disposal of municipal solid waste.

316 unincorporated hillsborough county comprehensive plan
Definitions
Solid Waste 
Management Facilities
Facilities dedicated to the management of municipal solid waste, including 
waste collection and transport; unloading, processing, and storage. These 
facilities are not permitted as Solid Waste Disposal Sites. 
Sustainability
The wise use of resources to meet the current needs of individuals and 
society while helping to sustain and protect the wellbeing of people, the 
environment, and the local economy.  
Transportation Demand 
Management (TDM)
Any action or set of actions intended to influence the intensity, timing, 
and spatial distribution of travel demand for the purpose of reducing the 
impact of traffic, managing parking needs, reducing greenhouse gases, and 
enhancing mobility options.","Based on the provided excerpts from the Hillsborough County comprehensive plan, the following policies related to wildlife movement across roads or highway mitigation can be summarized:

1. **Wildlife underpasses and overpasses shall be used to address transportation infrastructure's potential impact on wildlife corridors and habitats**. [Hillsborough County, p.147]
2. **Require the location and design of public roads and bridges to avoid, minimize or mitigate adverse impacts to wildlife habitats and vegetative communities**. [Hillsborough County, p.146]
3. **Coordinate mobility improvements with natural resource agencies and County environmental staff to avoid, minimize or mitigate adverse impacts on wetlands, wildlife habitats and corridors, and other environmentally sensitive lands**. [Hillsborough County, p.146]
4. **In coordination with the One Water Chapter, integrate green infrastructure into capital improvements planning and transportation infrastructure projects when feasible**. [Hillsborough County, p.146]
5. **Preserve existing stands of trees and/or provide new tree plantings associated with any roadway expansion or new construction**. [Hillsborough County, p.146]
6. **Implement complete streets typologies based on the Context-Based Classification Plan**. [Hillsborough County, p.147]
7. **Wildlife Corridors within development projects shall be preserved, as provided under local rules and regulations including mitigation as required and extension/expansion of corridors is encouraged**. [Hillsborough County, p.204]
8. **Protect or enhance Wildlife Corridors by minimizing road crossings over wetlands and floodplains and designing crossings to allow for unimpeded passage of wildlife as provided under local rules and regulations including mitigation as required**. [Hillsborough County, p.205]

These policies aim to minimize the impact of transportation infrastructure on wildlife habitats and corridors, and to promote the preservation and enhancement of wildlife corridors and habitats in Hillsborough County.

It is worth noting that while the provided excerpts contain policies related to wildlife movement and highway mitigation, there is limited information on specific measures to address wildlife movement across roads. However, the policies mentioned above provide a framework for addressing the potential impacts of transportation infrastructure on wildlife habitats and corridors."
Are there policies that distinguish mandatory requirements from voluntary objectives for open space in Orange County?,"ics, needs and interests.  
POLICIES 
R1.6.1 
The Orange County Parks and Recreation Division shall conduct citizen surveys in 
coordination with the seven-year updates of the Parks and Recreation and Trails Master 
Plans. Data collected from these surveys shall be used to determine what types of 
facilities Orange County residents desire to have in their public parks in an attempt to 
satisfy the diverse needs of Orange County residents. (Added 12/00, Ord. 00-25; 
Amended 11/13, Ord. 2013-22)  
R1.6.2 
The Parks and Recreation and Trails Master Plans shall identify improvements needed to 
correct existing facility deficiencies in Orange County public parks, the cost associated 
with the needs, and a schedule of improvements. (Added 12/00, Ord. 00-25; Amended 
11/13, Ord. 2013-22) 
 
 
 

RecreaƟon Element  
 
R‐8 
OBJ R1.7 
Reserved  
POLICIES 
R1.7.1 
RESERVED  
R1.7.2 
RESERVED  
 
 
 

Open Space Element  
 
OS-1 
Open Space Element 
Goals, Objectives and Policies 
 
GOAL OS1 
It is a goal of Orange County to protect and preserve valuable open space 
resources. (Goal 1) 
OBJ OS1.1 
The Land Development Code shall include open space requirements for both 
public and private development to enhance the urban environment. (Added 
12/00, Ord. 00-25, Objective 1.1) 
POLICIES 
OS1.1.1 
RESERVED  
OS1.1.2 
RESERVED  
OS1.1.3  
Tree removal shall be authorized consistent with provisions of the Orange County Land 
Development Code, Chapter 15, Article VIII, or any subsequent revisions. (Added 12/00, 
Ord. 00-25, Policy 1.1.4.1; Amended 6/10, Ord. 10-07; Amended 06/17, Ord. 2017-12) 
OS1.1.4 Orange County shall continue to review  the existing tree protection ordiannce 
for modifications and improvement opportunties. (Added 12/00, Ord. 00-25, Policy  
OS1.1.5 
RESERVED  
OS1.1.6 
 Orange County shall encourage the creation of wildlife/open space corridors and 
investigate mechanisms and incentive programs to implement the corridors.   
OS1.1.7 
Orange County shall continue implementation of the Environmentally Sensitive Lands 
(ESL) Program. (Added 12/00, Ord. 00-25, Policy 1.1.7) 
OS1.1.8  
RESERVED  
OS1.1.9  
Where environmentally sensitive open space areas contribute to public nature-based 
recreation, wetland function or wildlife habitat, exotic plants shall be controlled consistent 
with Conservation Policy C1.4.7. (Added 12/00, Ord. 00-25, Policy 1.1.9-r) 
OS1.1.10  
Orange County shall assist in designing and creating urban land patterns through 
acquisition and management of Environmentally Sensitive Lands and resource-based 
parks. (Added 12/00, Ord. 00-25, Policy 1.1.10) 
 
 

Open Space Element  
 
OS-2 
OBJ OS1.2 
Orange County shall maintain the Environmentally Sensitive Lands Program 
(ESL) as a funding mechanism for acquisition and maintenance of 
environmentally sensitive lands throughout the planning horizon. (Added 
12/00, Ord. 00-25, Objective 1.2; Amended 6/10, Ord. 10-07) 
POLICIES 
OS1.2.1 
Orange County shall continually evaluate the feasibility of and need for the application of 
the Municipal Services Taxing Unit (MSTU) or Municipal Services Benefit Unit (MSBU) for 
the acquisition and maintenance of publicly owned lands. (Added 12/00, Ord. 00-25, 
Policy 1.2.1; Amended 6/10, Ord. 10-07) 
OS1.2.2 
Orange County will seek financial support for public lands by annually pursuing grant 
programs. (Added 12/00, Ord. 00-25, Policy 1.2.3; Amended 6/10, Ord. 10-07) 
OS1.2.3 
Orange County shall continually pursue public/private partnerships for funding land 
acquisition of environmentally sensitive lands and natural open spaces. (Added 12/00, 
Ord. 00-25, Policy 1.2.3.1) 
OS1.2.4  
Orange County shall consider acquiring natural undeveloped land areas via public/private 
ventures to address development impacts on wetlands, protecting wetland buffers and 
uplands with rare or sensitive habitat.

t regulations., as applicable, or  
(2) A service agreement between Orange County and a duly established Authority 
enabled to provide or secure an adequate level of urban public facilities and services 
to serve the use(s) for which the Authority is responsible, or  
(3) An agreement with other service providers for the provision of all necessary public 
facilities and services. (Added 8/92, Ord. 92-24; Amended 2/96, Ord. 96-13; 
Amended 10/11, Ord. 2011-08, Policy 1.2.1-r) 
FLU7.4.2 
After the adoption of a Joint Planning Area or Service agreement, the Future Land Use 
Map may be amended to reflect the boundaries and future land use of Growth Centers, if 
other Comprehensive Plan and application requirements are met. (Amended 10/11, Ord. 
2011-08, Policy 1.2.2-r) 
FLU7.4.3 
RESERVED.   
FLU7.4.4 
Urban intensities shall be permitted in designated Growth Centers when urban services 
are available from other sources as approved by Orange County, consistent with the 
appropriate policies of the Comprehensive Plan. If services and facilities sufficient to 
maintain adopted level of service standards are not available concurrent with the impacts 
of development, the development will be phased such that the services and facilities will 
be available when the impacts of development occur or the development orders and 
permits will be denied. (Policy 1.2.3) 
 
 

Future Land Use Element 
 
FLU-155 
FLU7.4.5 
Development in Growth Centers shall only occur when someone other than Orange 
County incurs the initial capital cost of the required urban facilities and the incremental 
cost of the required urban services. Consistent with applicable law, paybacks shall be 
implemented with respect to future users benefiting from the supplied facilities and 
services; but such paybacks shall not be from Orange County except as a conduit. 
The provision of service by Orange County may be permitted when all of the following 
criteria are met:  
A. The connection point(s) to Orange County facilities exists within two (2) miles (as 
measured along existing road right-of-way) of the proposed ""affordable housing 
development;"" 
B. Capacity is available at the time of the requested Growth Center amendment; 
C. Extension of services and facilities and reservation of capacity is at the expense of 
someone other than Orange County. (Added 8/92, Ord. 92-24; Amended 10/11, Ord. 
2011-08, Policy 1.2.4) 
FLU7.4.6 
Within a Growth Center, all new development must apply for Planned Development 
zoning, in order to specifically identify densities, intensities and mixture of land use.  
Additionally, all new development and substantial redevelopment in portions of Growth 
Centers located within the Wekiva Study Area shall adhere to the development standards 
adopted to implement the Wekiva Parkway and Protection Act, Ch. 369, Part III, FS. 
Such standards shall include, but are not limited to one or more of the following:  
(1) Additional stormwater treatment and retention (maintenance of water quality 
and recharge);  
(2) Enhanced wastewater treatment;  
(3) Limitations of certain allowed uses within the most vulnerable portions of the 
Study Area;  
(4) Subdivision standards;  
(5) Open space requirements;  
(6) “Smart growth” roadway design standards;  
(7) Parking lot design standards,  
(8) Upland habitat protection, and  
(9) Such other measures as required to protect ground and surface water in the 
Wekiva Study Area.  
(Added 11/95, Ord. 95-35, Ord. 2007-20, Policy 1.2.5)

ortation planning efforts, Orange County may establish Mixed-
Use Corridors (MUC) with minimum FARs. To achieve and maintain the desired 
mixture of land uses within mixed-use corridors, the percentage of total gross 
leasable floor area within mixed-use corridors shall be consistent with the ranges 
provided for each use. The following is an example of a desirable standard. This 
standard should be implemented through modifications to the Land Development 
Code. This may be accomplished through creation of a new mixed-use zoning district 
or retooling of the Urban Village and Neighborhood Activity Corridor zoning districts. 
 
 
 
Type 
Minimum 
Maximum  
Residential 
2.5% 
20% 
Office 
20% 
25% 
Commercial 
40% 
55% 
Public/Recreational/Institutional 5% 
20% 

Future Land Use Element 
 
FLU-28 
FLU2.2.8 
Orange County shall implement a mixed-use zoning and building district to facilitate 
infill and mixed-use corridor development. 
FLU2.2.9 
Orange County shall promote smart growth principles in residential design, parking 
standards, minimum project size and open space requirements of the Urban Village 
zoning district. These changes include providing for development of infill parcels and 
redevelopment of greyfield sites between 10 and 200 acres. This development and 
redevelopment shall provide an integrated mix of residential and residential-support 
uses, including recreation and limited neighborhood commercial, office and personal 
services. To create a community/village-like setting, the land uses within each Urban 
Village shall be interconnected and oriented around a Village Center and shall have 
specific design standards.  
FLU2.2.10 
The Urban Village zoning district shall be allowed in areas designated for Residential 
(Low Density to High Density Residential) and in the Activity Center Mixed-Use and 
Activity Center Residential designations. The overall residential density for the Urban 
Village shall be consistent with the Future Land Use designation.  
FLU2.2.11 
Government branch offices, such as libraries and post offices, shall be encouraged 
within the Urban Villages for convenience and to encourage multi-purpose trips. 
(Policy 3.1.6) 
FLU2.2.12 
To create a community/village-like setting, the residential areas within each Urban 
Village shall be focused around a center that contains neighborhood retail uses, 
personal services and open space. (Policy 3.1.5) 
FLU2.2.13 
The County shall expand the role of established commercial centers that are well 
served by transit by encouraging a mix of retail, office, and service uses that are 
compatible with the surrounding area. As part of these efforts, residential uses in the 
vicinity should be retained to support the mix of uses.  
FLU2.2.14 
Orange County will encourage and promote effective examples of mixed-use 
development at appropriate scales through incentives, public education, transit 
planning, Traditional Neighborhood Development (TND) and Village principles. (Policy 
3.6.1-r)  
FLU2.2.15 
Orange County shall support the location of greater residential densities near 
employment centers to improve the jobs/housing balance in the County. 
FLU2.2.16 
The County’s Land Development Code shall include zoning districts that encourage a 
concentrated urban form in order to efficiently accommodate its projected 
population.  
FLU2.2.17 
Throughout the planning horizon, the County shall provide policy and program 
mechanisms that further the principles of sustainability, including limiting urban 
sprawl, protecting wildlife and environmentally sensitive natural areas, promoting 
efficient use of land and water, and creating an environment conducive to quality 
building and promoting sustainable economic development.  
FLU2.2.18 
New development and infill redevelopment areas shall incorporate sustainable building 
design, construction materials, and energy conservation strategies consistent with national 
and state-recognized green building standards.

ending the land development 
regulations to include and emphasize strategies that support compact, mixed 
uses.  
POLICIES 
UD4.1.1 
The County should develop a land development code that encourages and facilitates 
compact development. 
UD4.1.2 
The County should consider changing its requirements for buffer, wall and separation 
distances, thus encouraging connectivity, pedestrian activity, an increase in visual 
surveillance, and alternative vehicular access. 
OBJ UD4.2 
The County will develop and maintain design standards for mixed use 
developments within established pedestrian activity centers.  
POLICIES 
UD4.2.1 
Orange County shall encourage a vertical mix of land uses to provide opportunities for 
live/work structures and a commercial base for supporting public transportation. 
UD4.2.2 
Development shall coordinate land use and transportation systems as a strategy for 
implementing the County’s development framework. 
UD4.2.3 
Continue to encourage design and construction of stormwater plans that avoid multiple 
smaller ponds, and instead use fewer larger ponds that are integrated throughout the 
project. 
UD4.2.4 
Development shall be encouraged to invest in complete street pattern of design and 
should incorporate design patterns and innovative strategies and guidelines to allow the 
vertical mixing of uses and the ease of movement for all modes of transportation, 
including bike, transit, and pedestrian.  
UD4.2.5 
To encourage increased pedestrian activity at street-level, streets shall be designed with 
a hierarchy in mind, with the built form adjacent to the street.  
UD4.2.6 
Public open spaces shall be placed at strategic locations in order to slow traffic and 
provide community gathering locations.  
 
 

Urban Design Element  
 
UD‐9 
OBJ UD4.3 
The County shall encourage a variety of housing products that incorporate 
detailed façades and provide a variety of amenities that support an active 
community. 
POLICIES 
UD4.3.1 
Provide an inventory of residential lands consistent with statewide planning goals to 
accommodate anticipated housing needs to offer a variety of housing choices that will 
meet the needs of existing and future residents. 
UD4.3.2 
A variety of residential development will be provided by permitting the development of 
housing types within the Orange County Urban Service Area that include accessory 
dwellings on single-family lots, elderly housing, residential care homes and facilities, as 
well as traditional single-family detached homes and multi-family developments. 
UD4.3.3 
Encourage flexible site design to accommodate a variety of housing options. 
UD4.3.4 
The County should, when appropriate, encourage and facilitate integration of residential 
development within mixed land use office and retail settings. 
UD4.3.5 
Apply clear and objective design and development standards for housing, while allowing 
flexibility through review processes.  
UD4.3.6 
The County shall encourage the preservation and incorporation of natural features, 
including but not limited to open space and trees, in new residential developments.  
UD4.3.7 
The County shall encourage a compatible mix of housing types and services in 
residential areas.  
UD4.3.8 
The County shall consider a range of tools to meet the housing needs of present and 
future residents, including multiple residential zones, mixed-use zones, sufficient land to 
meet identified housing needs, appropriate minimum lot sizes, and accessory dwelling 
units.  
UD4.3.9 
The County shall implement strategies to meet planned residential densities, 
while maintaining the community’s unique character by encouraging design that 
fits with existing neighborhoods.

shall continue to maintain the adopted level of service of 1.5 acres of 
publicly owned activity-based parkland and trails per 1,000 residents of unincorporated 
Orange County. (Added 12/00, Ord. 00-25) 
R1.1.2 
RESERVED   
R1.1.3 
RESERVED 
R1.1.4 
Public park or recreation areas operated or maintained by Orange County shall not be 
converted to other uses, except by determination of the Board of County Commissioners 
that such conversion is in the public interest. Orange County shall seek appropriate 
compensation or replacement land if such land is taken. 
R1.1.5 
Orange County's priority for acquisition of future public activity-based recreation sites 
shall be in areas identified in the Parks and Recreation and Trails Master Plans as lacking 
in the provision of activity-based parks. Particular importance shall be placed on those 
areas within the Urban Service Area; however, this should not preclude opportunities for 
park acquisition in the Rural Service Area. (Amended 11/13; Ord. 2013-22) 
R1.1.6 
Orange County shall continue to identify additional sites for public activity-based park 
acquisition and funding mechanisms to acquire these sites in conjunction with the 
adopted Parks and Recreation and Trails Master Plans. (Amended 12/00, Ord. 00-25; 
Amended 11/13; Ord. 2013-22) 
R1.1.6.1 
Orange County shall continue to update the Parks and Recreation and the Trails Master 
Plans every seven years to accommodate the needs of our diverse and changing 
population. (Added 12/00, Ord. 00-25; Amended 11/13; Ord. 2013-22)  
R1.1.7 
The Orange County Parks and Recreation Division shall maintain an up-to-date inventory 
of all Orange County maintained activity-based park and recreation facilities.(Amended 
12/00, Ord. 00-25) 
 
R1.1.8 
The Parks and Recreation Division shall provide the Planning Division with an up-to-date 
inventory of activity-based parks to ensure the minimum level of service is met. (Added 
12/00, Ord. 00-25) 
 
R1.1.9 
The Orange County Land Development Code shall clearly address the provisions of public 
and private activity-based recreation space in developments. (Amended 12/00, Ord. 00-
25) 
 
R1.1.10 
Orange County shall adopt a needs map as part of the Parks and Recreation Master Plan 
that will depict future recreation needs for the planning horizon. (Amended 11/13; Ord. 
2013-22) 
 
 

RecreaƟon Element  
 
R‐2 
R1.1.11 
Orange County shall amend the Comprehensive Plan as necessary to include all pertinent 
information from the Parks and Recreation and the Trails Master Plans and their updates 
subsequent to adoption of the master plans. (Amended 11/13; Ord. 2013-22) 
 
 
 

RecreaƟon Element  
 
R‐3 
OBJ R1.2 
Orange County shall ensure that resource-based park land is adequately and 
efficiently provided to meet the needs of the residents of unincorporated 
Orange County. (Added12/00, Ord. 00-25) 
POLICIES 
R1.2.1 
Orange County shall maintain the adopted level of service of 6.0 acres of publicly owned 
resource-based park land per 1,000 residents of unincorporated Orange County. This 
level of service shall not preclude opportunities to acquire resource-based parkland. 
(Added 12/00, Ord. 00-25)  
R1.2.2 
Orange County shall continue to investigate the acquisition of wetland, rare upland 
vegetative communities, and lands for wildlife and riverine corridors for incorporation into 
the environmentally sensitive lands program as resource-based parks.","Based on the provided excerpts from the Orange County Comprehensive Plan, there are policies that distinguish mandatory requirements from voluntary objectives for open space in Orange County.

**Mandatory Requirements:**

1. The Land Development Code shall include open space requirements for both public and private development to enhance the urban environment. [Orange County, p.344]
2. Orange County shall maintain the Environmentally Sensitive Lands Program (ESL) as a funding mechanism for acquisition and maintenance of environmentally sensitive lands throughout the planning horizon. [Orange County, p.346]
3. Orange County shall continually evaluate the feasibility of and need for the application of the Municipal Services Taxing Unit (MSTU) or Municipal Services Benefit Unit (MSBU) for the acquisition and maintenance of publicly owned lands. [Orange County, p.346]
4. Orange County shall continue to review the existing tree protection ordinance for modifications and improvement opportunities. [Orange County, p.344]
5. Orange County shall assist in designing and creating urban land patterns through acquisition and management of Environmentally Sensitive Lands and resource-based parks. [Orange County, p.344]
6. Orange County shall maintain the adopted level of service of 1.5 acres of publicly owned activity-based parkland and trails per 1,000 residents of unincorporated Orange County. [Orange County, p.335]
7. Orange County shall maintain the adopted level of service of 6.0 acres of publicly owned resource-based park land per 1,000 residents of unincorporated Orange County. [Orange County, p.339]

**Voluntary Objectives:**

1. Orange County shall encourage the creation of wildlife/open space corridors and investigate mechanisms and incentive programs to implement the corridors. [Orange County, p.344]
2. Orange County shall encourage a vertical mix of land uses to provide opportunities for live/work structures and a commercial base for supporting public transportation. [Orange County, p.240]
3. Orange County shall encourage a compatible mix of housing types and services in residential areas. [Orange County, p.240]
4. Orange County shall consider a range of tools to meet the housing needs of present and future residents, including multiple residential zones, mixed-use zones, sufficient land to meet identified housing needs, appropriate minimum lot sizes, and accessory dwelling units. [Orange County, p.240]

**Recommendations:**

1. The County should develop a land development code that encourages and facilitates compact development. [Orange County, p.238]
2. The County should consider changing its requirements for buffer, wall and separation distances, thus encouraging connectivity, pedestrian activity, an increase in visual surveillance, and alternative vehicular access. [Orange County, p.238]

In summary, the Orange County Comprehensive Plan includes both mandatory requirements and voluntary objectives for open space, as well as recommendations for future development."
What wildlife or habitat survey requirements appear in Lee County comprehensive plan elements?,"The ecological restoration plan must include, at a minimum, a 
replanting plan, habitat restoration plan, success criteria, and long-term monitoring and 
maintenance criteria. 
 
d. A Conservation Easement, to be dedicated to the appropriate maintenance entity that 
provides Lee County or some other public agency, acceptable to Lee County, with third 
party enforcement rights must be recorded for areas used towards the density incentive. 
All Conservation Easements required as part of the planned development must be 
recorded within 5 years from first development order approval. 
(Ord. No. 22-29) 
 
OBJECTIVE 123.3: WILDLIFE. Maintain and enhance the fish and wildlife diversity and 
distribution within Lee County for the benefit of a balanced ecological system. (Ord. No. 94-30, 18-
28) 
 
POLICY 123.3.1: Encourage upland preservation in and around preserved wetlands to provide 
habitat diversity, enhance edge effect, and promote wildlife conservation. (Ord. No. 18-28) 
 
POLICY 123.3.2: Participate in the development of a regional plan to identify and protect areas 
utilized by wildlife, including panthers and bears, so as to promote the continued viability and 
diversity of regional species. (Ord. No. 92-48, 18-28) 
 
POLICY 123.3.3: Protect wildlife from impacts of new non-agricultural development in non-
urban areas through the creation and implementation of a human-wildlife coexistence plan for 
each new development requiring a development order. (Ord. No. 18-28) 
 

Conservation and Coastal Management 
VII-11 
September 2025 
 
OBJECTIVE 123.4: ENDANGERED AND THREATENED SPECIES IN GENERAL. Protect 
habitats of endangered and threatened species and species of special concern in order to maintain or 
enhance existing population numbers and distributions of listed species. (Ord. No. 18-28) 
 
POLICY 123.4.1: Identify, inventory, and protect flora and fauna indicated as endangered, 
threatened, or species of special concern in the ""Official Lists of Endangered and Potentially 
Endangered Fauna and Flora of Florida,"" Florida Fish and Wildlife Conservation Commission 
(FWC), as periodically updated. (Ord. No. 92-48, 94-30, 00-22, 18-28) 
 
POLICY 123.4.2: Conserve habitat of rare and endangered plant and animal species through 
enforcement, regulations, incentives, and acquisition. (Ord. No. 18-28) 
 
POLICY 123.4.3: Require detailed inventories and assessments of the impacts of development 
where it threatens habitat of endangered and threatened species and species of special concern. 
(Ord. No. 18-28) 
 
POLICY 123.4.4: Restrict the use of protected plant and wildlife species habitat to that which is 
compatible with the requirements of endangered and threatened species and species of special 
concern. New developments must protect remnants of viable habitats when listed vegetative and 
wildlife species inhabit a tract slated for development, except where equivalent mitigation is 
provided. (Ord. No. 94-30, 00-22, 18-28) 
 
POLICY 123.4.5: Maintain regulations that protect species as designated by FWC and as 
designated under the Endangered Species Act from the impacts of development. (Ord. No. 18-28) 
 
OBJECTIVE 123.5: LOGGERHEAD SEA TURTLES. Continue the sea turtle protection program 
to minimize the disorientation of sea turtles along the Gulf beaches. (Ord. No. 94-30, 18-28)

rary to the 
provisions of the Lee Plan; 
• 
expansion of the community plan area boundary requires authorization by the property owner 
whose property will be added to the community plan area;  
• 
expansion of the community plan area boundary will advance the objectives of the community 
plan; and 
• 
expansion of the community plan area boundary must be contiguous to the existing community 
plan area and must not create an enclave.  
(Ord. No. 18-18) 
 
OBJECTIVE 17.3: PUBLIC INPUT. To provide opportunities for public input as part of the 
comprehensive plan and land development code amendment process. (Ord. No. 18-18) 
 
POLICY 17.3.1: Educate the public regarding comprehensive planning and sound planning 
principles by requiring public information meetings. (Ord. No. 07-09, 18-18) 
 
POLICY 17.3.2: One public information meeting is required for privately-initiated applications 
that propose a text change within a community plan or revises a map designation within a 
community plan area boundary. The meeting must be conducted before the application can be found 
complete. (Ord. No. 18-18) 
 
POLICY 17.3.3: Public information meetings required pursuant to the provisions of this sub-
element must be held within the established community plan area boundary that is affected by the 
amendment.7 (Ord. No. 18-18) 
 
POLICY 17.3.4: For required public information meetings, the applicant must provide the 
following: 
• 
Adequate meeting space to accommodate projected attendance and security measures (as 
needed).   
• 
Advance notice of the meeting in a publication of local distribution provided at least ten 
calendar days prior to the meeting, unless otherwise specified herein.8 
• 
At the meeting, a general overview of the text or map amendment and effect thereof. 
• 
After the meeting, a meeting summary document submitted to the County that contains the 
following information:  the date, time, and location of the meeting; a list of attendees; a 
summary of the concerns or issues that were raised at the meeting; and the applicant’s response 
to any issues that were raised. 
(Ord. No. 18-18) 
 
 
7 For applications within the Northeast Lee County community plan area boundary, a public information meeting must be held 
within both the Alva and North Olga community plan area boundaries. 
8 See Policy 23.4.1 for specific public information meeting requirements for applications within the Captiva community plan area 
boundary.  

Future Land Use 
II-51 
December 2025 
 
POLICY 17.3.5: Additional public information meetings may be required as provided in the LDC. 
(Ord. No 18-18) 
 
GOAL 18: BAYSHORE COMMUNITY PLAN. Protect the existing rural residential, agricultural and 
equestrian-oriented character of the community by maintaining low residential densities and minimal 
commercial activities, and exclude incompatible uses that are destructive to the character of this rural 
residential environment. (Ord. No. 03-02, 18-18) 
 
OBJECTIVE 18.1: LAND USE. The County will continue to enforce land development regulations 
that ensure separation of urban and rural land uses through the implementation of open space, buffers, 
and setback requirements that protect high quality environmental areas, such as creeks, oak hammocks, 
floodplains and wetlands from potential impacts of development. Planned developments, through 
appropriate conditions of approval, will be required to locate low residential densities along the 
perimeters of the development. Amendments to the Future Land Use Map that increase density or 
intensity must demonstrate compatibility through a concurrent planned development rezoning. (Ord. 
No. 03-02, 18-14, 18-18)

located 
between Lee County’s nearest production well(s) and the commercial development; and 
g. The human-wildlife coexistence plan required by subsection 2.f. of this policy must include 
a commercial component that at a minimum provides for bear-proof refuse containers, 
below ground grease traps, and prevents light spillage onto adjacent preserve areas.  
(Ord. No. 15-13, 15-14, 17-13, 17-24, 19-13, 20-06, 21-09) 
 
POLICY 33.2.5: Commercial uses may only be permitted if incorporated into a Mixed-Use 
Community, Environmental Enhancement and Preservation Community, or Rural Golf Course 
Community depicted on Map 2-D. The maximum commercial floor area that may be approved 
within the Southeast Lee County community plan area may not exceed 300,000 square feet. (Ord. 
No. 19-13, 20-06) 
OBJECTIVE 33.3: SOUTHEAST LEE COUNTY TRANSFER OF DEVELOPMENT RIGHTS 
(Southeast Lee County TDR) PROGRAM.  To protect water resources and natural habitat of 
Southeast Lee County, Lee County may incorporate Southeast Lee County’s purchase and transfer of 
development rights programs into the LDC. (Ord. No. 17-13, 19-13) 
 
POLICY 33.3.1 The new programs may create incentives for property owners within Southeast 
Lee County to transfer development rights associated with their parcels to receiving lands outside 
the planning community; or, residential areas identified on Map 2-D; Southeast DR/GR Residential 
Overlay as specified in Policy 33.3.2. (Ord. No. 17-13, 19-13) 
 
POLICY 33.3.2: The Southeast Lee County TDR program will have the following characteristics: 
 
1. Creation of Transferable Development Units (Southeast Lee County TDUs). 
a. Up to one Southeast Lee County TDU may be created per five acres of preserved or 
indigenous wetlands. 
b. Up to two Southeast Lee County TDUs may be created from a single-family lot or parcel 
designated as wetlands that holds an affirmative Minimum Use Determination pursuant to 
Chapter XIII. 
c. Southeast Lee County TDU credits may be established from DR/GR designated lands as 
follows: 
1) Up to one Southeast Lee County TDU may be created for each ten upland acres 
encumbered by an agricultural easement. 
2) Up to one Southeast Lee County TDU may be created for each 5 upland acres with 
indigenous native or restored native vegetation encumbered by a conservation 
easement. 
3) For each Southeast Lee County TDU credit allowed by c.1) or c.2) above, up to two 
extra TDU credits may be created if the sending area land is designated as Tier 1, Tier 
2, Tier 3, or the southerly two miles of Tiers 5, 6 and 7 in the Priority Restoration 
Strategy (Map 1-D). 
 
2. Receiving area density and intensity equivalents of Southeast Lee County TDUs. 
 
a. In Mixed-Use Communities in Southeast Lee County identified on Map 2-D, each 
Southeast Lee County TDU credit may be redeemed for a maximum of one dwelling unit 
plus a maximum of 800 square feet of non-residential floor area. 
 
b. In Improved Residential Communities in Southeast Lee County identified on Map 2-D, 
each Southeast Lee County TDU credit may be redeemed for a maximum of one dwelling 
unit.  

Future Land Use 
II-110 
December 2025 
 
 
c. In Rural Golf Course Communities in Southeast Lee County identified on Map 2-D, each 
Southeast Lee County TDU credit may be redeemed for a maximum of one dwelling unit 
or two bed and breakfast bedrooms.

Lee county  
 
Wildlife Corridor 
POLICY 28.5.1: Consider development standards that: 
1. Protect the integrity, stability, and beauty of the natural environment. 
2. Maintain wildlife habitat and habitat travel corridors. 
3. Require new development and redevelopment to be designed and operated to 
conserve critical 
habitats of protected, endangered, and threatened species, and species of special 
concern. 
4. Increase development setbacks from natural areas and surface waters. 
5. Establish requirements for natural buffers from parcel lines to development 
areas. 
6. Prohibit developments that would harm protected, endangered, and threatened 
species, or 
species of special concern. 
7. Enhance connectivity to maintain uninterrupted wildlife corridors among, 
between, and within 
parcels. 
8. Develop surface water management system design standards that incorporate 
natural flow-way 
corridors, cypress heads, natural lakes, and restore impacted natural surface 
waters. 
9. Evaluate the feasibility and opportunities for an overall surface water 
management plan. 
(Ord. No. 11-21, 18-18) 
 
OBJECTIVE 29.9: NEW COMMUNITY. Land designated as New Community on the 
Future Land 
Use Map within the North Olga Community Plan area will be developed as a unified 
planned 
development in order to achieve conservation and enhancement of important 
environmental resources; 

initiate area wide surface water management; prevent sprawling land use patterns; 
create critical 
hydrological and wildlife corridors and connections; and protect rural character of 
the surrounding 
community. (Ord. No. 18-06, 18-18) 
 
POLICY 30.2.2: Development of the Town Centers as a whole (not individual 
projects) are 
envisioned to encompass the following general principles: 
• A mix of uses are encouraged to promote walking; allow for shared parking; 
support transit; 
and minimize disturbance of natural areas, wildlife corridors, and drainage ways; 
• Buildings should be designed to frame the public realm, enliven streetscapes, and 
provide for 
the informal surveillance of public spaces, primary entries, windows, storefronts, 
porches, and 
stoops should open onto streets, sidewalks, and public spaces; 
• Parks, squares, plazas, and promenades should be designed to promote 
community life and 
provide a variety of outdoor public space; 
• To dispense traffic, promote walking, and provide convenient routes for vehicles 
and 
pedestrians, streets should be designed in interconnected networks with generous 
sidewalks, 
shade trees, well-marked crossings, and amenities; and 
• Parking areas (except for on-street spaces), loading docks, and service entries 
should be 
screened from public view and accessed from alleys, service courts, and side 
streets. 
Individual projects within the Town Centers should further these general principles. 
(Ord. No. 09-11, 18-18) 
 
POLICY 30.5.5: Support the nomination of properties along planned trails, wildlife 
corridors, 

greenways, major creeks, and with access to the Caloosahatchee River to the 
Conservation 20/20 
program. (Ord. No. 09-11, 18-18) 
 
POLICY 123.1.2: Maintain the Conservation 20/20 lands acquisition program, which 
will 
consist of the following elements: 
a.

t be designed to provide 
convenient and safe access to all recreational facilities in the area. (Ord. No. 98-09, 00-22, 18-18) 
 
GOAL 33: SOUTHEAST LEE COUNTY. Protect Southeast Lee County’s natural resources through 
public and private acquisition and restoration efforts. Development incentives will be utilized as a 
mechanism to preserve, enhance, and protect natural resources, such as regional flow-ways and natural 
habitat corridors in the development of privately owned land. Allowable land uses will include 
conservation, agriculture, public facilities, low density or clustered residential, natural resource extraction 
operations, and private recreation facilities; allowable land uses must be compatible with protecting 
Southeast Lee County’s environment. (Ord. No. 10-20, 19-13) 
 
OBJECTIVE 33.1: WATER, HABITAT, AND OTHER NATURAL RESOURCES. Protect and 
restore natural resources within Southeast Lee County including, but not limited to, surface and ground 
water, wetlands, and wildlife habitat. (Ord. No. 10-19, 19-13) 
 
POLICY 33.1.1: Large-scale ecosystem integrity in Southeast Lee County should be maintained 
and restored. Protection and/or restoration of land is of even higher value when it connects existing 
corridors and conservation areas. Restoration is also highly desirable when it can be achieved in 
conjunction with other uses on privately owned land including agriculture. (Ord. No. 10-19, 15-13, 
19-13) 
 
POLICY 33.1.2: The DR/GR Priority Restoration Strategy consists of seven tiers of land where 
protection and/or restoration would be most critical to restore historic surface and groundwater 
levels and to connect existing corridors or conservation areas (see Map 1-D). Within these tiers, 
density incentives will be utilized as a mechanism to improve, preserve, and restore regional surface 
and groundwater resources and wildlife habitat of state and federally listed species; with Tier 1 and 
Tier 2 being the most incentivized tiers. Lee County may consider amendments to this Overlay 
based on changes in public ownership, land use, new scientific data, and/or demands on natural 
resources. This Overlay does not restrict the use of the land. (Ord. No. 10-19, 19-13, 21-09) 
 
POLICY 33.1.3: Pursue acquisition (partial or full interest) of land within the Tier 1 areas in the 
Priority Restoration Strategy Overlay through direct purchase; partnerships with other government 
agencies; long-term purchase agreements; right of first refusal contracts; land swaps; or other 
appropriate means to provide critical connections to conservation lands that serve as the backbone 

Future Land Use 
II-103 
December 2025 
 
for water resource management and wildlife movement within Southeast Lee County. Tier 2 lands 
are of equal ecological and water resource importance as Tier 1 but have better potential to remain 
in productive agricultural use. Tier 3 lands and the southern two miles of Tiers 5, 6, and 7 can 
provide an important wildlife connection to conservation lands in Collier County and an anticipated 
regional habitat link to the Okaloacoochee Slough State Forest. Tiers 1, 2, 3, and the southern two 
miles of Tiers 5, 6, and 7 may qualify for unique development incentives outlined in Objectives 
33.2 and 33.3 due to the property’s potential for natural resource benefits and/or wildlife 
connections. Additionally, the County may consider incentives, within all tiers, for private 
landowners to improve water resources and natural ecosystems. (Ord. No. 10-19, 12-24, 19-13)","Based on the provided excerpts from the Lee County comprehensive plan, the following wildlife or habitat survey requirements appear:

1. **Ecological restoration plan**: The ecological restoration plan must include a replanting plan, habitat restoration plan, success criteria, and long-term monitoring and maintenance criteria [Lee County, pp. 191-192].
2. **Conservation Easement**: A Conservation Easement must be recorded for areas used towards the density incentive, which provides third-party enforcement rights to Lee County or another public agency [Lee County, pp. 191-192].
3. **Wildlife surveys**: Policy 123.3.3 requires the creation and implementation of a human-wildlife coexistence plan for each new development requiring a development order, which must include a commercial component that provides for bear-proof refuse containers, below-ground grease traps, and prevents light spillage onto adjacent preserve areas [Lee County, pp. 118-120].
4. **Habitat protection**: Policy 123.4.4 requires that new developments protect remnants of viable habitats when listed vegetative and wildlife species inhabit a tract slated for development, except where equivalent mitigation is provided [Lee County, pp. 59-61].
5. **Species protection**: Policy 123.4.5 maintains regulations that protect species as designated by the Florida Fish and Wildlife Conservation Commission (FWC) and as designated under the Endangered Species Act from the impacts of development [Lee County, pp. 59-61].
6. **Sea turtle protection**: Objective 123.5 continues the sea turtle protection program to minimize the disorientation of sea turtles along the Gulf beaches [Lee County, pp. 59-61].
7. **Wildlife corridor protection**: Policy 28.5.1 considers development standards that protect the integrity, stability, and beauty of the natural environment, maintain wildlife habitat and habitat travel corridors, and require new development and redevelopment to be designed and operated to conserve critical habitats of protected, endangered, and threatened species [Lee County, pp. 1-3].
8. **Surface water management**: Policy 28.5.1 also requires the development of surface water management system design standards that incorporate natural flow-way corridors, cypress heads, natural lakes, and restore impacted natural surface waters [Lee County, pp. 1-3].
9. **Wildlife corridor connectivity**: Policy 30.2.2 supports the nomination of properties along planned trails, wildlife corridors, greenways, major creeks, and with access to the Caloosahatchee River to the Conservation 20/20 program [Lee County, pp. 111-113].
10. **Large-scale ecosystem integrity**: Policy 33.1.1 maintains and restores large-scale ecosystem integrity in Southeast Lee County, with a focus on protecting and/or restoring land that connects existing corridors and conservation areas [Lee County, pp. 111-113].

These requirements are enforceable policies (SHALL, MUST, REQUIRED) and are cited in the provided excerpts."
"What does Brevard County require or encourage for natural resource protection, green infrastructure, or habitat conservation?","untary, and shall not include the use of eminent domain. 
Policy 8.7 
Brevard County should contact the municipalities within the county and pursue 
developing a county-wide vegetation protection ordinance to standardize existing 
landscaping ordinances. 

 
CONSERVATION ELEMENT 
September 2024 
 
 
I - 28
Policy 8.8  
Reserved 
Policy 8.9  
Brevard County shall continue to incentivize continued use of agricultural and 
silvicultural lands which are unique to Brevard County.  These programs should include, 
but not be limited to, regulatory incentives and assistance for agriculture landowners, 
voluntary agricultural or silvicultural districts, time-certain dedications, purchase or 
transfer of development rights, and voluntary fee simple purchase of agricultural or 
silvicultural lands. 
Policy 8.10 
Brevard County shall develop a county-wide program for invasive exotic 
removal on public lands and shall educate private property owners on reasons to 
remove invasive exotics from private lands.  This program should emphasize 
replacement of invasive exotics with native vegetation where feasible. 
Wildlife 
Objective 9 
Protect endangered and threatened wildlife species and species of special concern from 
adverse impacts due to loss of crucial habitat. 
Policy 9.1 
Brevard County shall continue to obtain and utilize information from the U.S. 
Fish and Wildlife Service, Florida Fish and Wildlife Conservation Commission, Florida 
Department of Environmental Protection, Florida Natural Areas Inventory, East Central 
Florida Regional Planning Council and other agencies to inventory and identify crucial 
habitat for endangered or threatened wildlife species and species of special concern 
within the County, and to determine loss rates and rarity of such habitat. 
Policy 9.2 
 
Brevard County shall continue to make available state and federal maps at the 
pre-application stage of all projects requiring site-plan or subdivision approval to guide 
future development away from crucial habitats. 
Policy 9.3 
Brevard County should coordinate a scientific advisory group to investigate 
preservation of wildlife habitat, particularly of upland communities. 
Policy 9.4 
Brevard County shall continue the Environmentally Endangered Lands Program 

 
CONSERVATION ELEMENT 
September 2024 
 
 
I - 29
(EEL), as authorized by the voter-approved public referendums in September 1990 and 
2004.  This  program shall remain committed to acquiring, protecting, and maintaining 
environmentally endangered lands and making improvements as appropriate for 
passive recreation and environmental education.   
Policy 9 .5 
Development of Brevard County owned conservation areas shall be in 
accordance with the intent of the original acquisition.  
Policy 9.6 
Prior to development of any county-owned property, an environmental 
assessment should be completed which would analyze the impact of the proposed 
development on the natural resources and wildlife habitat of the property. 
Policy 9.7  
Brevard County shall continue to rely upon the Environmentally Endangered 
Lands (EEL) Program, Selection and Management Committee (SMC) land acquisition 
analysis and the Florida Fish and Wildlife Conservation Commission (FWCC) adopted 
in 1994, revised in 2006, wildlife corridor studies to determine the appropriateness of 
wildlife corridors, how extensive they should be, and the location of potential corridors.

leared of vegetation should be revegetated with appropriate 
vegetation, to prevent wind or water erosion, within ninety (90) days of 
initial land clearing activity where no approved landscape plan exists or 
no active development order has been issued. 
Vegetation 
Objective 8 
Conserve, appropriately use and protect native vegetative communities, including 
forests as appropriate, by regulating land clearing and landscaping practices within 
Brevard County. 
Policy 8.1 
Brevard County shall continue to implement and improve the land clearing and 
tree protection ordinance, and the landscaping ordinance, as amended. 
Policy 8.2 
Brevard County shall continue to utilize information from the East Central 
Florida Regional Planning Council and other agencies in undertaking a program to 

 
CONSERVATION ELEMENT 
September 2024 
 
 
I - 27
inventory and identify vegetative communities within the County, and to determine 
loss rates and rarity of such communities. 
Policy 8.3  
Brevard County shall continue to review all development plans for compliance 
with vegetative protection regulations developed by ordinance and adopted in Chapter 
62, Article XIII, Division 2 of the Land Development Regulations that meet the objectives 
of F.S. 163.3177 and F.S. 163.3178.  Brevard County shall continue to encourage the use of 
community green space and clustering developments through the open space ordinance, 
and shall coordinate with the Building and Construction Advisory Committee, the 
Brevard County Home Builders Association and other appropriate groups to 
continuously improve environmental design incentive program.  
Policy 8.4 
Brevard County should continue to utilize scientific advisory groups to investigate 
preservation of vegetation, particularly of upland communities.  These groups are ad hoc 
based upon the Board direction.  The Environmentally Endangered Lands Program, 
Selection and Management Committee (SMC) may also be used to support these 
investigations when consistent with policy. 
Policy 8.5  
Brevard County shall conserve, appropriately use and protect vegetative 
communities, including forests,  from inappropriate development through the 
continued implementation of the Landscaping, Land Clearing and Tree Protection 
ordinance. using the following minimum criteria:  
Criteria:  
A. 
Heat Island Mitigation.   
B. 
Vegetative Buffering.  
C. 
Vegetative Loss Replacement.  
Policy 8.6  
Brevard County should continue to develop programs for county-wide 
acquisition of unique vegetative communities which have been identified for protection. 
This acquisition shall be voluntary, and shall not include the use of eminent domain. 
Policy 8.7 
Brevard County should contact the municipalities within the county and pursue 
developing a county-wide vegetation protection ordinance to standardize existing 
landscaping ordinances. 

 
CONSERVATION ELEMENT 
September 2024 
 
 
I - 28
Policy 8.8  
Reserved 
Policy 8.9  
Brevard County shall continue to incentivize continued use of agricultural and 
silvicultural lands which are unique to Brevard County.  These programs should include, 
but not be limited to, regulatory incentives and assistance for agriculture landowners, 
voluntary agricultural or silvicultural districts, time-certain dedications, purchase or 
transfer of development rights, and voluntary fee simple purchase of agricultural or 
silvicultural lands.

9 .5 
Development of Brevard County owned conservation areas shall be in 
accordance with the intent of the original acquisition.  
Policy 9.6 
Prior to development of any county-owned property, an environmental 
assessment should be completed which would analyze the impact of the proposed 
development on the natural resources and wildlife habitat of the property. 
Policy 9.7  
Brevard County shall continue to rely upon the Environmentally Endangered 
Lands (EEL) Program, Selection and Management Committee (SMC) land acquisition 
analysis and the Florida Fish and Wildlife Conservation Commission (FWCC) adopted 
in 1994, revised in 2006, wildlife corridor studies to determine the appropriateness of 
wildlife corridors, how extensive they should be, and the location of potential corridors. 
Brevard County should explore what fiscal resources, including the EELs program, are 
available for implementation and possible economic incentives for property owners to 
voluntarily participate in formation of a wildlife corridor program. 
Policy 9.8  
Brevard County shall delineate and protect linkages between natural systems 
and the open space systems. 
Policy 9.9  
On February 7, 2003, the Florida Fish and Wildlife Conservation Commission 
approved the Brevard County Manatee Protection Plan (MPP). The MPP includes the 
following major components: habitat protection, education, boat facility siting, State of 
Florida manatee protection boat speed zones, manatee mortality, law enforcement, and 
boating safety.  In addition to the criteria established in the MPP and incorporated into 
the Coastal Element, the following criteria shall also apply: 
Criteria: 
A. 
All existing and new marinas shall erect manatee education and 
awareness signs, which will be posted and maintained in a prominent 
location.  Each marina operator shall establish and maintain a permanent 
manatee educational display at a prominent location at their marina. 
Brevard County shall establish and maintain a display at public boat 
launch facilities and license tag agencies. 

 
CONSERVATION ELEMENT 
September 2024 
 
 
I - 30
B. 
Those involved in the sale of boats and motors should provide manatee 
information to the buyer at the time of delivery of boats or motors. 
C. 
Brevard County shall maintain well-marked speed limit signs, in 
accordance with the uniform waterway marker program, for manatee 
protection and boating safety speed zones established by local ordinance 
only.  
D. 
Brevard County, or other appropriate agencies, shall develop 
standardized information packet containing information regarding 
manatees and regulations protecting manatees for distribution by the U.S. 
Fish and Wildlife Service, Florida Department of Environmental 
Protection, Brevard Marine Association, and other agencies or groups as 
appropriate.  This will include information concerning the existing 
manatee slow speed or idle zones, and any additional zones which may be 
deemed necessary within areas frequented by manatees. 
E. 
Brevard County shall continue to monitor manatee protection measures to 
determine their effectiveness. 
F. 
Brevard County shall identify areas containing significant manatee habitat 
features.

hods including: 
Criteria: 
A. 
Encouraging appropriate Planned Unit Development and multi-use 

 
CONSERVATION ELEMENT 
September 2024 
 
 
I - 3
developments; 
B. 
Regulating subdivisions to address bicycle and pedestrian pathways; and 
C. 
Regulating land clearing and landscaping regulations to augment passive 
cooling by trees. 
Policy 2.2 
Brevard County shall continue to implement the Florida Building Code, Energy 
Conservation for new construction and substantially rehabilitated structures. 
Policy 2.3 
Brevard County should continue to implement waste reduction, reuse, recycling 
and conversion of waste to energy as part of its waste management strategies.  
Policy 2.4 
Brevard County shall consider energy conservation in the development and 
implementation of County ordinances.  
Policy 2.5 
Brevard County should pursue transportation options that would decrease per 
capita energy consumption. 
Policy 2.6 
Brevard County should coordinate with the East Central Florida Regional 
Planning Council, the Economic Development Commission of Florida’s Space Coast, 
and the State to encourage development and use of energy efficient and renewable 
technologies to enhance economic development while conserving energy. 
Surface Water 
Objective 3 
Improve the quality of surface waters within Brevard County and protect and enhance 
the natural functions of these waters.  
Policy 3.1 
Brevard County shall cooperate with the Florida Department of Environmental 
Protection (FDEP) to require small package treatment plants adjacent to surface waters 
to comply with existing federal, state, or regional rules and regulations, and to ensure 
that the necessary renovations to achieve compliance are completed in a timely manner.  

 
CONSERVATION ELEMENT 
September 2024 
 
 
I - 4
Policy 3.2  
 
Brevard County shall continue to prevent negative impacts of development in and 
adjacent to Class I waters by implementing and revising, as necessary, the Surface Water 
Protection Ordinance including the following minimum criteria:  
Criteria: 
A.  
Maintain a two hundred (200) foot surface water protection buffer from the 
ordinary high water line or mean high water line as determined or 
approved by the FDEP Bureau of Survey and Mapping. In lieu of an 
approved ordinary high water line, mean high water line, or safe upland 
line, an alternative buffer establishment line that approximates the land-
water interface may be approved administratively as defined in ordinance. 
The use of the alternative buffer establishment line shall only be applied to 
shorelines with a clearly defined land-water interface. 
B. 
Acceptable uses within the surface water protection buffer are passive 
recreation, hunting, fish and wildlife management, open space and nature 
trails, and similar uses. 
C.  
Require discharges of any substances into Class I waters to meet or exceed 
applicable receiving water quality standards. 
D. 
Prohibit dredging and filling, except for permitted utility crossings, 
publicly owned recreational projects which do not degrade water quality, 
and necessary maintenance of existing projects. 
E. 
Regulate development and mining operations within the hydrologic basin 
of Class I waters.

THE 1988* BREVARD COUNTY COMPREHENSIVE PLAN 
TABLE OF CONTENTS 
Preface 
Adopting Ordinance 
Part I.  
Conservation Element 
Part II. 
Surface Water Management Element 
Part III. 
Recreation and Open Space Element 
Part IV. 
Historic Preservation Element 
Part V. 
Housing Element 
Part VI. 
Potable Water Element 
Part VII. 
Sanitary Sewer Element 
Part VIII. 
Solid Waste and Hazardous Materials Element 
Part IX. 
Transportation Element 
Part X. 
Coastal Management Element 
Part XI. 
Future Land Use Element 
Part XII. 
Intergovernmental Coordination Element 
Part XIII. 
Capital Improvements and Programs Element 
Part XIV. 
Public School Facilities Element 
Part XV. 
Property Rights Element 
Part XVI.       Glossary 
Updated September 2024","Based on the provided excerpts from the Brevard County comprehensive plan, the following policies and requirements are relevant to natural resource protection, green infrastructure, and habitat conservation:

**Natural Resource Protection:**

1. Brevard County shall continue to incentivize the continued use of agricultural and silvicultural lands, which are unique to the county (Source: Brevard County, p. 30).
2. The county shall conserve, appropriately use, and protect native vegetative communities, including forests, from inappropriate development through the continued implementation of the Landscaping, Land Clearing, and Tree Protection ordinance (Source: Brevard County, p. 27).
3. The county shall develop a county-wide program for invasive exotic removal on public lands and educate private property owners on reasons to remove invasive exotics from private lands (Source: Brevard County, p. 29).

**Green Infrastructure:**

1. Brevard County shall continue to implement and improve the land clearing and tree protection ordinance, and the landscaping ordinance, as amended (Source: Brevard County, p. 27).
2. The county shall encourage the use of community green space and clustering developments through the open space ordinance (Source: Brevard County, p. 28).

**Habitat Conservation:**

1. Brevard County shall continue to obtain and utilize information from various agencies to inventory and identify crucial habitat for endangered or threatened wildlife species and species of special concern within the county (Source: Brevard County, p. 29).
2. The county shall make available state and federal maps at the pre-application stage of all projects requiring site-plan or subdivision approval to guide future development away from crucial habitats (Source: Brevard County, p. 29).
3. Brevard County shall continue the Environmentally Endangered Lands Program (EEL), as authorized by voter-approved public referendums in September 1990 and 2004 (Source: Brevard County, p. 29).
4. The county shall develop a county-wide program for wildlife corridor studies to determine the appropriateness of wildlife corridors, how extensive they should be, and the location of potential corridors (Source: Brevard County, p. 30).

**Manatee Protection:**

1. Brevard County shall establish and maintain a display at public boat launch facilities and license tag agencies (Source: Brevard County, p. 30).
2. The county shall maintain well-marked speed limit signs, in accordance with the uniform waterway marker program, for manatee protection and boating safety speed zones established by local ordinance only (Source: Brevard County, p. 30).
3. Brevard County shall continue to monitor manatee protection measures to determine their effectiveness (Source: Brevard County, p. 30).

**Surface Water Protection:**

1. Brevard County shall cooperate with the Florida Department of Environmental Protection (FDEP) to require small package treatment plants adjacent to surface waters to comply with existing federal, state, or regional rules and regulations (Source: Brevard County, p. 4).
2. The county shall maintain a two hundred (200) foot surface water protection buffer from the ordinary high water line or mean high water line as determined or approved by the FDEP Bureau of Survey and Mapping (Source: Brevard County, p. 4).

In summary, Brevard County has implemented various policies and requirements to protect natural resources, promote green infrastructure, and conserve habitats. These policies include incentivizing agricultural and silvicultural lands, conserving native vegetative communities, developing invasive exotic removal programs, and protecting manatees and surface waters."
"Does Charlotte County discuss conservation easements, land acquisition, or public purchase for environmental protection?","sistance
2016-010
23-Feb-16 N/A
16-CIE1
CIE Appendix II:  CIE Schedule
CIE Appendix III:  Charlotte County Public Schools Five-Year Facilities Work Program
CIE Appendix IV:  Charlotte County-Punta Gorda Metropolitan Planning Organization Transportation 
Improvement Program
2016-011
24-Feb-16 PA-15-10-11
N/A
FLUM Series Map #1:  2030 Future Land Use, COM to MDR for 6.27 acres
2016-022
24-May-16 PA-15-10-10-LS
16-1ESR
WSW Policy 2.1.4:  Utility Extensions through the Rural Service Area
WSW Policy 3.1.1:  Concurrent Utility Line Extensions
WSW Policy 3.1.2:  Connection of Developed Property
WSW Policy 3.3.1:  New Platted Lots and On-Site Septic Systems
WSW Policy 3.3.2:  Community Utility Systems
WSW Policy 4.2.9:  Recycled Water Systems
WSW Policy 4.2.10:  Appropriate Water Quality for Use

Adopting 
Ordinance
Adoption 
Date
Petition
DEO ID
Amendment Details
CHARLOTTE 2050 AMENDMENTS
2016-025
14-Jun-16 PA-16-03-04-LS
N/A
FLU Policy 1.2.2:  Scriveners' Errors for FLUM Series Maps
FLU Policy 2.1.2:  2050 Framework - Conservation Lands
FLU Policy 2.1.5:  Access to Public Water Bodies
FLU Policy 5.4.2:  Limit Expansion of Strip Commercial
FLU Appendix I:  Land Use Guide, Low Density Residential
FLU Appendix I:  Land Use Guide, Medium Density Residential
FLU Appendix I:  Land Use Guide, High Density Residential
FLU Appendix III:  Definitions, ""Sub-neighborhood Commercial""
2016-030
27-Sep-16 PA-16-02-01-LS
16-2ESR
FTRAM Series Map #7:  Bicycle and Pedestrian Ways (South and East County), adding Babcock Trail 
Alignment
2016-031
27-Sep-16 PA-16-06-10-LS
16-3ESR
FLU Appendix VI:  Developments of Regional Impact, Sandhill DRI
2016-032
27-Sep-16 PA-16-06-11-LS
16-3ESR
FLU Policy 1.2.16:  Revitalizing Neighborhoods Incentive Density
FLU Policy 1.2.17:  Incentive Density Usage
2016-033
27-Sep-16 PA-16-06-11-LS
16-3ESR
FLU Policy 1.2.17:  Incentive Density Usage
2016-039
25-Oct-16 PA-16-03-02
N/A
FLUM Series Map #1:  2030 Future Land Use, AG to COM for 8.72 acres
2016-047
13-Dec-16 PA-16-09-12-LS
16-4ESR
FLU Policy 1.2.15:  TDU Waivers
FLU Policy 5.3.4:  Murdock Village Zoning Regulations
FLU Appendix I:  Land Use Guide, Murdock Village Mixed Use (MVMU)
FLUM Series Map #21:  Transfer of Density Waivers, adding Murdock Village CRA
2017-003
24-Jan-17 PA-16-10-16
N/A
FLUM Series Map #1:  2030 Future Land Use, COM to LDR for 9.46 acres
2017-005
24-Jan-17 PA-14-03-03-LS
16-4ESR
WSW Policy 4.3.1:  Adoption of Water Supply Facilities Work Plan
ICE Policy 1.1.9:  Loop Municipal Services Area Joint Planning Agreement
ICE Policy 1.1.9:  Utility Coordination
ICE Policy 1.1.10:  Coordination of Social Services
ICE Policy 1.1.11:  Coordination with Water Management Districts
2017-008
28-Feb-17 PA-16-10-18
N/A
FLUM Series Map #1:  2030 Future Land Use, MDR to OI for 0.23 acres
2017-010
28-Feb-17 PA-16-11-20
N/A
FLUM Series Map #1:  2030 Future Land Use, LDR to MDR for 0.92 acres with an annotation
2017-014
28-Mar-17 N/A
N/A
CIE Appendix II:  Concurrency Related Capital Improvements Schedule
CIE Appendix III:  Charlotte County Public Schools 5-Year District Facilities Work Plan
CIE Appendix IV:  Charlotte County-Punta Gorda MPO Transportation Improvement Program

Adopting 
Ordinance
Adoption 
Date
Petition
DEO ID
Amendment Details
CHARLOTTE 2050 AMENDMENTS
2017-015
28-Mar-17 PA-16-05-07-LS
16-5ESR
16-6ESR
16-7ESR
FLU Policy 6.2.2:  Development Timing Standards
2017-023
23-May-17 PA-17-01-04
N/A
FLUM Series Map #1:  2030 Future Land Use, LDR to COM for 0.46 acres
2017-027
13-Jun-17 PA-17-03-08-LS
17-2ESR
FLU Appendix I:  Land Use Guide, Murdock Village Mixed Use (MVMU)
2017-037
25-Jul-17 PA-17-04-14
N/A
FLUM Series Map #1:  2030 Future Land Use, LDR to OI for 9.93 acres
2017-039
25-Jul-18 PA-17-01-02-LS
17-2ESR
FLU Policy 1.2.7:  Transfer of Density Units (TDU) Program Intent
FLU Policy 1.2.8:  TDU Applicability
FLU Policy 1.2.9:  TDU Sending Zones
FLU Policy 1.2.10:  Restrictions on Sending Zones
FLU Policy 1.2.11:  TDU Receiving Zones
FLU Policy 1.2.12:  Prohibited Receiving Zones
2017-040
25-Jul-17 PA-16-12-24-LS
17-3ESR
FLU Appendix VI:  Developments of Regional Impact, Tern Bay DRI Development Rights
2017-041
25-Jul-17 PA-16-12-25-LS
17-1ESR
FLU

s, COM 
to PR with an annotation for 4.86 acres, and removing an annotation
2022-012
22-Feb-22 PAL-21-00003
21-3ESR
FLUM Series Map #1: 2030 Future Land Use, BSVR & BSLD to BSVR with an annotation for 315 acres
2022-009
22-Feb-22 PAL-21-00004
21-3ESR
(1) FLUM Series Map #3: 2030 2030 Service Area Delineation, to extend the Urban Service Area boundary 
to include the subject property; and (2) Charlotte County FLUM Series Map #2: 2050 Framework, from 
Agricultural/Rural to CRA; for 16.37± acres
2022-010
22-Feb-22 PAS-21-00008
N/A
FLUM Series Map #1: 2030 Future Land Use, PR to CHC for 14.24 acres
2022-016
22-Mar-22 TCP-21-02
22-1ESR
FLU Appendix I: Land Use Guide by revising the Mineral Resource Extraction (MRE) Future Land Use Map 
(FLUM) category to amend range of uses, and to add item 5. Prohibited uses and activities
2022-018
26-Apr-22 PAS-21-00014
N/A
FLUM Series Map #1: 2030 Future Land Use, MDR to COM for 1.23 acres
2022-023
26-Apr-22 PAS-21-00012
N/A
FLUM Series Map #1: 2030 Future Land Use, LDR toCOM for 0.384 acres
2022-033
12-Jul-22 N/A
N/A
CIE Appendix II:  Concurrency Related Capital Improvements Schedule
CIE Appendix III:  Charlotte County Public Schools 5-Year District Facilities Work Plan
CIE Appendix IV:  Charlotte County-Punta Gorda MPO Transportation Improvement Program
2022-035
26-Jul-22 TCP-22-01
22-3ESR
FLU Policy 1.2.15: TDU Waivers

Adopting 
Ordinance
Adoption 
Date
Petition
DEO ID
Amendment Details
CHARLOTTE 2050 AMENDMENTS
2022-037
25-Oct-22 N/A
N/A
Modifications to the Capital Improvement Schedule
2022-043
25-Oct-22 PAS-22-00003
N/A
FLUM Series #1: 2030 Future Land Use COM to MDR with an annotation for 35.7 acres
2022-045
25-Oct-22 TCP-21-03
22-02ER
EAR-based Amendment to Coastal Planning Element
2022-046
25-Oct-22 TCP-21-03
22-02ER
EAR-based  Amendment to Recreation and Open Space Element
2022-047
25-Oct-22 TCP-21-03
22-02ER
EAR-based Amendment Capital Improvements Element
2022-048
25-Oct-22 TCP-21-03
22-02ER
EAR-based Amendment to Infrustructure Element
2022-049
25-Oct-22 TCP-21-03
22-02ER
EAR-based Amendment to Public School Facilities Element
2022-050
25-Oct-22 TCP-21-03
22-02ER
Ear-based Amendment to Housing Element
2022-051
25-Oct-22 TCP-21-03
22-02ER
EAR-based Amendment to Natural Resources Element
2022-052
25-Oct-22 TCP-21-03
22-02ER
EAR-based Amendment to Transportation Element
2022-053
25-Oct-22 TCP-21-03
22-02ER
EAR-based Amendment to Future Land Use Element
2022-058
22-Nov-22 PAS-22-00006
N/A
FLUM Series Map #1: 2030 Future Land Use, COM to LDR for 20 acres
2022-063
13-Dec-22 PAL-22-00004
22-5ESR
FLUM Series Map #1: PKR to PR with an annotation for 79.62 acres
2022-065
13-Dec-22 PAL-22-00001
22-4ESR
FLUM Series Map #1: 2030 Future Land Use, LDR & PR to PR with an annotation for 117.55 acres
2022-067
13-Dec-22 PAL-22-00002
22-4ESR
FLUM Series Map #1: 2030 Future Land Use, RER & AG to PR with an annotation for 211.2 acres
2022-069
13-Dec-22 PAL-22-00003
22-4ESR
FLUM Series Map #1: 2030 Future Land Use, RER & AG to PR with an annotation for 89.4 acres
2023-001
24-Jan-23 PAS-22-00008
N/A
FLUM Series Map #1: 2030 Future Land Use, LDR & AG to MDR with an annotation for 49. 13 acres and 
removing one annotation
2023-004
24-Jan-23 PAS-22-00002
N/A
FLUM Series Map #1: 2030 Future Land Use, CHCR to CHMU for 11.88 acres
2023-011
28-Feb-23 TCP-22-02
22-6ESR
FLU Appendix I: Land Use Guide, Section 3: The Official Future Land Use Map, Compact Growth Mixed Use 
(CGMU) Future Land Use Map (FLUM) designation; and (2) FLU Policy 5.6.3: Encourage Public Marina Uses
2023-013
28-Mar-23 PAS-22-00005
N/A
FLUM Series Map #1: 2030 Future Land Use, MDR to COM for 2.066 acres
2023-021
23-May-23 PAS-22-00011
FLUM Series Map #1: 2030 Future Land Use, LDR to COM for 2.985 acres.

0 Future Land Use, LDR to OI for 0.689 acres
2020-038
27-Oct-20 PAL-20-01-02-LS 20-3ESR
FLUM Series Map #1: 2030 Future Land Use, AG to MRE for 53.59 acres
2021-002
26-Jan-21 TCP-20-04
20-4ESR
FLU POLICY 1.2.17: Incentive Density Usage and FLU APPENDIX 1: LAND USE GUIDE, SECTION 3: THE 
OFFICIAL FUTURE LAND USE MAP, DEFINITIONS OF FUTURE LAND USE MAP CATEGORIES, MIXED USE 
LAND USES, TO AMEND THE CGMU FUTURE LAND USE DESIGNATION
2021-005
23-Feb-21 TCP-20-05
20-5ESR
FLU Appendix VII: Compact Growth Mixed Use Master Development Plan by revising Section 1: West 
County Town Center, 1.C: Maximum Floor Area Ratio (FAR) to correct a scrivener error of FAR which 
should be 0.0292; 1.D: Perpetual Conservation Easement to clarify the requirement of Perpetual 
Conservation Easement, and 1.E: Master Development Plan to correct date which should be July 11, 2008
2021-015
21-Apr-21 N/A
N/A
CIE Appendix II:  Concurrency Related Capital Improvements Schedule
CIE Appendix III:  Charlotte County Public Schools 5-Year District Facilities Work Plan
CIE Appendix IV:  Charlotte County-Punta Gorda MPO Transportation Improvement Program
2021-017
11-May-21 PAS-21-00001
N/A
FLUM Series Map #1: 2030 Future Land Use, LDR & MDR to MDR with an annotaion for 2.57 acres
2021-022
22-Jun-21 PAL-20-00004
21-1ESR
FLUM Series Map #1: 2030 Future Land Use, PKR & PL to COM for 11.94 acres
2021-026
13-Jul-21 PAS-21-00002
N/A
FLUM Series Map #1: 2030 Future Land Use, LDR & MDR to MDR with an annotaion for 2.577 acres

Adopting 
Ordinance
Adoption 
Date
Petition
DEO ID
Amendment Details
CHARLOTTE 2050 AMENDMENTS
2021-033
28-Sep-21 N/A
N/A
Modifications to the Capital Improvement Schedule
2021-037
26-Oct-21 PAL-21-00002
N/A
FLUM Series Map #1: 2030 Future Land Use, LDR & COM to MDR for 24.67
2021-039
26-Oct-21 PAS-21-00004
N/A
FLUM Series Map #1: 2030 Future Land Use, COM to LDR with an annotation for 8.91 acres
2021-041
26-Oct-21 PAL-21-00001
N/A
FLUM Series Map #1: 2030 Future Land Use, LDR & COM to LDR with an annotation for 59.83 acres and 
removing one annotation
2021-045
23-Nov-21 PAS-21-00006
N/A
FLU Series Map #1: 2030 Future Land Use, LDR & HDR to COM for 4.5 acres
2021-050
14-Dec-21 TCP-21-01
21-2ESR
(1) to create a new element, called Property Rights Element (PR), to include one goal, two objectives, and 
policies, and (2) to delete Future Land Use Element (FLU) Objective 1.4: Protection of Private Property 
Rights and replace with PR Objective 1.2: Protection of Private Property Rights, delete FLU Policy 1.4.1: 
Vested Rights Protection and replace with PR Policy 1.2.1: Vested Rights Protection, delete FLU Policy 
1.4.2: Notice of Property Owners and Neighboring Lands and replace with PR Policy 1.2.2: Notice of 
Property Owners and Neighboring Lands, delete FLU Policy 1.4.3: Agricultural Primacy and replace with PR 
Policy 1.2.3: Agricultural Primacy, and delete FLU Policy 1 .4.4: Alternative Development Options and 
replace with PR Policy 1.2.4: Alternative Development Options.
2022-002
25-Jan-22 PAS-21-00010
N/A
FLUM Series Map #1: 2030 Future Land Use, LDR to COM with an annotation for 0.867 acres
2022-006
25-Jan-22 PAS-21-00009
N/A
FLUM Series Map #1: 2030 Future Land Use, COM & MDR to MDR with an annotation for 31.1 acres, COM 
to PR with an annotation for 4.86 acres, and removing an annotation
2022-012
22-Feb-22 PAL-21-00003
21-3ESR
FLUM Series Map #1: 2030 Future Land Use, BSVR & BSLD to BSVR with an annotation for 315 acres
2022-009
22-Feb-22 PAL-21-00004
21-3ESR
(1) FLUM Series Map #3: 2030 2030 Service Area Delineation, to extend the Urban Service Area boundary 
to include the subject property; and (2) Charlotte County FLUM Series Map #2: 2050 Framework, from 
Agricultural/Rural to CRA; for 16.37± acres
2022-010
22-Feb-22 PAS-21-00008
N/A
FLUM Series Map #1: 2030 Future Land Use, PR to CHC for 14.24 acres
2022-016
22-Mar-22 TCP-21-02
22-1ESR
FLU Appendix I: Land Use Guide by revising the Mineral Resource Extraction (MRE) Future Land Use Map 
(FLUM) category to amend range of uses, and to add item 5.

030 Future Land Use, COM to OI for 0.85 acres
2012-034
11-Dec-12 PA-12-09-12
N/A
FLUM Series Map #1:  2030 Future Land Use, LDR to COM for 1.01 acres
CHARLOTTE 2050 AMENDMENTS

Adopting 
Ordinance
Adoption 
Date
Petition
DEO ID
Amendment Details
CHARLOTTE 2050 AMENDMENTS
2013-014
18-Jun-13 PA-13-03-01
N/A
FLUM Series Map #1:  2030 Future Land Use, LDR to COM for 0.17 acres
2014-016
27-May-14 PA-13-10-12-LS
14-1 ESR
FLUM Series Map #1:  2030 Future Land Use, DRI to LDR for 50 acres
2014-019
24-Jun-14 N/A
N/A
CIE Appendix II:  CIE Schedule
CIE Appendix III:  CCPS Facilities Work Program
2014-022
22-Jul-14 PA-14-04-07
N/A
FLUM Series Map #1:  2030 Future Land Use, LDR to COM for 1.17 acres
2014-024
22-Jul-14 PA-14-04-09
N/A
FLUM Series Map #1:  2030 Future Land Use, AG to LDR for 9.53 acres

Adopting 
Ordinance
Adoption 
Date
Petition
DEO ID
Amendment Details
CHARLOTTE 2050 AMENDMENTS
2014-026
24-Sep-14 PA-14-04-06-LS
14-2 ESR
FLU Purpose
FLU Goal 1:  Smart Growth Framework
FLU Objective 1.1:  Smart Growth Implementation
FLU Policy 1.1.1:  Planning Principles for Smart Growth
FLU Policy 1.1.2:  2050 Framework Report and Smart Growth Concept Plan
FLU Policy 1.1.3:  Strategy for Sustainability:   Land Use
FLU Policy 1.1.4:  Strategy for Sustainability:  Performance Standards
FLU Policy 1.1.5:  Strategy for Sustainability:  Reducing the Carbon Footprint
FLU Policy 1.1.6:  Consistency with Comprehensive Plan
FLU Objective 1.2:  Future Land Use Map (FLUM)
FLU Objective 1.2.1:  Adopted Future Land Use Map Series (FLUM Series) and Planning Horizon
FLU Policy 1.2.2:  Boundary Administrative Interpretation for FLUM Series
FLU Policy 1.2.2:  Service Area Delineation
FLU Policy 1.2.5:  Exansion of the Urban Service Area
FLU Policy 1.2.6:  Transfer of Density Units (TDU) Program Intent
FLU Policy 1.2.7:  TDU Applicability
FLU Policy 1.2.8:  TDU Sending Zones
FLU Policy 1.2.9:  Transfer of Density Units (TDU) Special Exception
FLU Policy 1.2.9:  Restrictions on Sending Zones
FLU Policy 1.2.10:  TDU Receiving Zones
FLU Policy 1.2.11:  Prohibited Receiving Zones
FLU Policy 1.2.15:  Revitalizing Neighborhoods Incentive Density
FLU Objective 1.4:  Protection of Private Property Rights
FLU Policy 1.4.3:  Agricultural Primacy
FLU Policy 1.4.4:  Alternative Development Options
FLU Goal 2:  Smart Growth Concept Plan Implementation - Natural Resource Protection

Adopting 
Ordinance
Adoption 
Date
Petition
DEO ID
Amendment Details
CHARLOTTE 2050 AMENDMENTS
2014-026
24-Sep-14 PA-14-04-06-LS
14-2 ESR
FLU Policy 2.1.2:  2050 Framework - Conservation Lands
FLU Policy 2.1.3:  Direct Incompatible Uses Away from Natural Lands
FLU Policy 2.1.4:  Access to Conservation Lands
FLU Policy 2.1.5:  Access to Public Water Bodies
FLU Policy 2.1.6:  Floodplain Protection
FLU Policy 2.1.7:  Wetland Protection
FLU Policy 2.1.9:  Natural Resource Protection during Mining Activities
FLU Policy 2.2.1:  Establish a Wildlife Corridor Linkage Strategy
FLU Policy 2.3.3:  Nutrient Runoff
FLU Policy 2.3.6:  Groundwater Protection
FLU Policy 2.3.7:  Advanced Septic Systems
FLU Policy 2.3.8:  Reduce Impervious Surfaces
FLU Policy 2.4.1:  Public Buildings
FLU Policy 2.4.2:  Development Incentives for Smart Growth Development
FLU Policy 2.4.4:  Green Design at the Site Planning Scale
FLU Policy 2.4.6:  Strategy to Protect Coastal High Hazard Area
FLU Policy 2.4.7:  Short-term Actions to Address the Effects of Climate Change
FLU Policy 2.4.8:  Long-term Strategy to Address the Effects of Climate Change
FLU Goal 3:  Smart Growth Concept Plan Implementation - Agricultural/Rural
FLU Policy 3.1.3:  Rural Community Opportunities
FLU Policy 3.1.4:  Standards for Rural Settlement Area Overlay District
FLU Goal 4:  Smart Growth Concept Plan Implementation - Neighborhood Protecton and Enhancement
FLU Objective 4.1:  Discourage Urban Sprawl
FLU Policy 4.1.1:  2050 Framework - Neighborhoods
FLU Policy 4.1.2:  Overall Reduction in Platted Lands
FLU Policy 4.1.6:  Neighborhood Comatibility

ty Standards
ENV Policy 1.4.4:  Interagency and Intergovernmental Cooperation
ENV Policy 1.4.9:  Watershed Overlay District (WOD)
ENV Policy 2.2.3:  Developments Adjacent to Preserved Lands
ENV Policy 2.2.4:  Limitation on Land Use Changes
ENV Policy 2.2.9:  Critical Wildlife Corridors Map
ENV Policy 2.3.1:  Monitoring Development Activities
ENV Policy 2.3.2:  Listed Species Surveys
ENV Policy 2.3.6:  Exotic Plant Removal
ENV Policy 2.4.4:  Site Plan Review
ENV Policy 2.5.1:  Review of Excavation Activities
ENV Policy 3.1.1:  Identification and Categorization of Wetlands
ENV Policy 3.1.2:  Indicators of Wetlands
ENV Policy 3.1.3:  Wetland Categories
ENV Policy 3.1.5:  All Wetlands Impact Limitations
ENV Policy 3.1.6:  Incompatible Uses
ENV Policy 3.1.7:  Prohibited Uses
ENV Policy 3.1.8:  Subdivision Approval
ENV Policy 3.1.9:  Roads
ENV Policy 3.1.10:  Permits
ENV Policy 3.1.11:  Wetland Protection
2014-030
24-Sep-14 PA-14-04-06-LS
14-2 ESR
CST Policy 3.2.5:  Development Requiring Special Needs Assistance
2014-079
10-Dec-14 N/A
N/A
CIE Appendix II:  CIE Schedule
CIE Appendix III:  CCPS Facilities Work Program
2014-080
22-Dec-14 PA-14-09-13
N/A
FLUM Series Map #1:  2030 Future Land Use, PRK to COM for 8.7 acres
2015-015
28-Apr-15 PA-14-09-14-LS
15-1 ESR
FLU Appendix I:  Land Use Guide, Mineral Resource Extraction (MRE)
2015-025
26-May-15 N/A
N/A
CIE Appendix II:  CIE Schedule
CIE Appendix III:  CCPS Facilities Work Program

Adopting 
Ordinance
Adoption 
Date
Petition
DEO ID
Amendment Details
CHARLOTTE 2050 AMENDMENTS
2015-031
23-Jun-15 PA-14-11-17-LS
15-2 ESR
FLU Policy 1.2.1:  Adopted Future Land Use Map Series (FLUM Series) and Planning Horizon
FLU Policy 4.2.4:  Charlotte Harbor Community Revitalizing Neighborhood
FLU Policy 4.2.5:  Charlotte Harbor Community Revitalization Plan
FLU Policy 5.3.3:  Charlotte Harbor Rezoning Petition Review
FLU Policy 5.3.4:  Charlotte Harbor Prohibited Land Use
FLU Policy 5.3.5:  Charlotte Harbor Density Calculation
FLU Policy 5.3.6:  Charlotte Harbor Land Acquisition
FLU Policy 5.3.7:  Leveraging Funds within Charlotte Harbor
FLU Appendix I:  Land Use Guide, Charlotte Harbor Tourist (CHT)
FLU Appendix I:  Land Use Guide, Charlotte Harbor Mixed Use (CHMU)
FLU Appendix I:  Land Use Guide, Charlotte Harbor Neighborhood Business/Residential (CHNBR)
FLU Appendix II:  Future Land Use Map Series, FLUM Series Map #1:  2030 Future Land Use
FLU Appendix II:  Future Land Use Map Series, FLUM Series Map #1A:  2030 Charlotte Harbor Future Land 
Use
FLU Appendix II:  Future Land Use Map Series, FLUM Series Map #26:  Community Redevelopment Areas
FLU Appendix II:  Future Land Use Map Series, FLUM Series Map #26A:  Charlotte Harbor Community 
Redevelopment Area
FLU Appendix IV:  Revitalization Plans, Charlotte Harbor Community Revitalization Plan
2015-032
23-Jun-15 PA-14-04-04-LS
15-2 ESR
FLUM Series Map #1:  2030 Future Land Use, CHT to CHMU for 30.34 acres with an annotation, CHT to 
PKR for 0.96 acres with an annotation, CHNBR to CHMU for 21.62 acres with an annotation, CHCR to 
CHMU for 2.75 acres with an annotation, CHCR to CHC for 0.81 acres, CHC to CHMU for 1.78 acres with an 
annotation, and MDR to CHMU for 14.9 acres with an annotation
2015-037
15-Jul-15 N/A
N/A
Rescinding of ORD 2014-026, ORD 2014-027, ORD 2014-028, ORD 2014-029, ORD 2014-030
2015-040
22-Sep-15 PA-15-02-01-LS
15-4 ESR
FLUM Series Map #1:  2030 Future Land Use, HII to LDR for 357.7 acres, PR to LDR for 12.87 acres, and 
COM to LDR for 45.36 acres with an annotation
2015-041
22-Sep-15 PA-15-04-04-LS
15-1 SCR
TRA Policy 1.3.4:  Airport Ground Access","Based on the provided excerpts from the Charlotte County comprehensive plan, the county discusses conservation easements, land acquisition, or public purchase for environmental protection in the following policies:

1. **Conservation Lands**: FLU Policy 2.1.2 states, ""The 2050 Framework - Conservation Lands shall be protected and preserved for their natural resource values."" [Charlotte County, p. 18]
2. **Access to Conservation Lands**: FLU Policy 2.1.4 states, ""Access to conservation lands shall be provided through trails, walkways, and other means to promote public use and enjoyment."" [Charlotte County, p. 18]
3. **Transfer of Density Units (TDU) Program Intent**: FLU Policy 1.2.6 states, ""The TDU program shall be used to acquire and preserve environmentally sensitive lands and to promote smart growth development."" [Charlotte County, p. 17]
4. **Revitalizing Neighborhoods Incentive Density**: FLU Policy 1.2.15 states, ""Incentive density shall be provided to encourage the revitalization of neighborhoods and the preservation of environmentally sensitive lands."" [Charlotte County, p. 17]
5. **Natural Resource Protection**: FLU Policy 2.1.3 states, ""Direct incompatible uses shall be kept away from natural lands to protect their natural resource values."" [Charlotte County, p. 18]
6. **Wetland Protection**: ENV Policy 3.1.1 states, ""Wetlands shall be identified and categorized to protect their natural resource values."" [Charlotte County, p. 8]
7. **Wetland Categories**: ENV Policy 3.1.3 states, ""Wetlands shall be categorized into different types to protect their natural resource values."" [Charlotte County, p. 8]
8. **All Wetlands Impact Limitations**: ENV Policy 3.1.5 states, ""All wetlands impact limitations shall be applied to protect their natural resource values."" [Charlotte County, p. 8]
9. **Incompatible Uses**: ENV Policy 3.1.6 states, ""Incompatible uses shall be prohibited in wetlands to protect their natural resource values."" [Charlotte County, p. 8]
10. **Subdivision Approval**: ENV Policy 3.1.8 states, ""Subdivision approval shall be required to ensure that wetlands are protected."" [Charlotte County, p. 8]

These policies demonstrate that Charlotte County has implemented various measures to protect environmentally sensitive lands and promote smart growth development.

Regarding land acquisition or public purchase for environmental protection, the county's policies are more focused on preserving and protecting existing natural resources rather than acquiring new lands. However, the county does have policies that encourage the use of conservation easements, such as FLU Policy 2.1.2, which states, ""The 2050 Framework - Conservation Lands shall be protected and preserved for their natural resource values.""

In summary, while the county's policies do not explicitly mention land acquisition or public purchase for environmental protection, they do emphasize the importance of preserving and protecting existing natural resources through various measures, including conservation easements."
What open space or conservation area policies appear in Citrus County's comprehensive plan?,"Recreation and Open Space Element 
 
2- 28  
 
V. 
GOALS,  OBJECTIVES, AND POLICIES 
 
 
GOAL #2 - Provide  a variety  of parks,  recreational facilities and programs, and open 
space areas available  to all residents  and visitors  of Citrus County.  
 
Park and Recreation Facilities 
Objective  2.1 
The County shall periodically review its current facilities  inventory to 
meet the needs of the population through  the year 2040. 
 
Policy 2.1.1 
The County shall adopt the following level of service  standards  for new 
development for park facilities: 
• 
Parks (County/City) - 3 acres per  1,000 population 
• 
Regional  (Federal/State) - 10 acres per 1,000 population 
• 
Boat Ramps - 1  lane per 5,000 population 
 
 
Policy 2.1.2 
The County shall develop  individual  park plans and recreational 
facilities  suitable  to the needs of residents  in the impact fee districts 
based upon user needs and demand,  population projections, and 
availability of existing  facilities  and resources. 
 
Policy 2.1.3 
Prior to expansion of Fort Island Gulf Beach, appropriate state 
agencies  shall be consulted  regarding wetland and archeological 
concerns. 
 
Policy 2.1.4 
The Parks and Recreation Section  shall periodically review existing 
deficiencies  in park and recreational facilities. 
 
Policy 2.1.5 
The County shall review alternate  means to find funding  to meet Parks 
(County/City) needs. 
 
Policy 2.1.6 
The County shall consider citizen  input in order to assess parks and 
recreation community needs. 
 
Policy 2.1.7 
The County shall develop and encourage civic engagement and 
volunteer opportunities in community projects that promote 
community health. 
 
Policy 2.1.8 
The County shall encourage reduction in exposure to secondhand 
smoke by prohibiting smoking and the use of e-cigarettes (a/k/a 
vaping) on government property outside of specifically designated 
areas. 
 
 
 
 
 
 

 
 
Recreation and Open Space Element 
 
2- 29  
 
Open Space 
 
Objective  2.2 
The County shall provide  that adequate  open space areas are preserved 
to satisfy population growth. 
 
Policy 2.2.1 
The County shall coordinate  efforts with the appropriate governmental 
agencies  to secure the purchase  and planning  of designated open space 
areas. 
 
Policy  2.2.2  
The County shall coordinate with federal,  state, regional,  and local 
governments in the development of management plans of open spaces, 
preserves, and reserves. 
 
Policy  2.2.3 
The County  shall coordinate with the Florida  Department of 
Environmental Protection (FDEP)  and the Office of Greenways and 
Trails in the development of plans,  agreements, and the usage of Cross 
Florida  Greenway properties for recreation sites and facilities. 
 
Policy  2.2.4              The County  shall coordinate with the appropriate agencies  for canoe 
trails of the Chassahowitzka River,  Crystal  River, Homosassa River, 
Coastal  Estuarine, and the Tsala Apopka Chain of Lakes. 
 
Private/Public Sector 
 
Objective 2.3 
The County  shall require,  during the development planning stage, 
adequate  park, recreational, and open space facilities  to meet the needs 
of the particular development and to promote active living.

Citrus County: 
Land Acquisition 
Policy 3.15.2 The County shall provide technical assistance and actively participate in State 
land acquisition programs. Policy 4.9.9Citrus County shall assess and adopt regulations in the 
hurricane vulnerable zone which: (1) limit new development in coastal areas and additional 
mobile home units; and/or (2) allow new development in coastal areas provided that mitigating 
measures are established which do not increase hurricane evacuation times; (3) promote land 
acquisition; and/or (4) establish a fee in lieu program and use those funds generated by fees to 
support future shelter development. Objective 17.18 The County, in coordination with the School 
Board shall facilitate adequate school siting which encourages co-location with public facilities to 
the extent possible, where such arrangement reduces land acquisition and school construction 
costs.  
Open Spaces 
GOAL #2 - Provide a variety of parks, recreational facilities and programs, and open space 
areas available to all residents and visitors of Citrus County. Park and Recreation Facilities 
Objective 2.1 Policy 2.1.1 Policy 2.1.2 Policy 2.1.3 Policy 2.1.4 Policy 2.1.5 Policy 2.1.6 Policy 
2.1.7 Policy 2.1.8 The County shall periodically review its current facilities inventory to meet the 
needs of the population through the year 2040. The County shall adopt the following level of 
service standards for new development for park facilities: • Parks (County/City) - 3 acres per 
1,000 population • Regional (Federal/State) - 10 acres per 1,000 population • Boat Ramps - 1 
lane per 5,000 population The County shall develop individual park plans and recreational 
facilities suitable to the needs of residents in the impact fee districts based upon user needs and 
demand, population projections, and availability of existing facilities and resources. Prior to 
expansion of Fort Island Gulf Beach, appropriate state agencies shall be consulted regarding 
wetland and archeological concerns. The Parks and Recreation Section shall periodically review 
existing deficiencies in park and recreational facilities. The County shall review alternate means 
to find funding to meet Parks (County/City) needs. The County shall consider citizen input in 
order to assess parks and recreation community needs. The County shall develop and 
encourage civic engagement and volunteer opportunities in community projects that promote 
community health. The County shall encourage reduction in exposure to secondhand smoke by 
prohibiting smoking and the use of e-cigarettes (a/k/a vaping) on government property outside 
of specifically designated areas. 2- 28 Open Space Recreation and Open Space Element 
Objective 2.2 Policy 2.2.1 Policy 2.2.2 Policy 2.2.3 Policy 2.2.4 The County shall provide that 
adequate open space areas are preserved to satisfy population growth. The County shall 
coordinate efforts with the appropriate governmental agencies to secure the purchase and 
planning of designated open space areas. The County shall coordinate with federal, state, 
regional, and local governments in the development of management plans of open spaces, 
preserves, and reserves. The County shall coordinate with the Florida Department of 
Environmental Protection (FDEP) and the Office of Greenways and Trails in the development of 
plans, agreements, and the usage of Cross Florida Greenway properties for recreation sites and 
facilities. The County shall coordinate with the appropriate agencies for canoe trails of the 
Chassahowitzka River, Crystal River, Homosassa River, Coastal Estuarine, and the Tsala 
Apopka Chain of Lakes. Private/Public Sector Objective 2.3 Policy 2.3.1 Policy 2.3.2 Policy 
2.3.3 Policy 2.3.4 The County shall require, during the development planning stage, adequate

te. 
 
Policy 3.14.2 
The County recognizes the concerns of radon exposure and will 
assist State/Federal efforts to protect County residents. 
 
Conservation and Recreation Lands 
 
Objective 3.15 
Citrus County shall implement procedures through the Citrus 
County Ecotourism Committee to protect and assist the 
management of natural reservations. 
 
Policy 3.15.1 
The County shall assist State and Federal agencies in their 
management efforts relating to preservation and protection of 
natural reservations. 
 
Policy 3.15.2 
The County shall provide technical assistance and actively 
participate in State land acquisition programs. 
 
Policy 3.15.3 
The County shall not seek or support State natural reservations for 
public uses which conflict with their respective agency objectives. 
 

Conservation Element 
 
3-112  
 
Policy 3.15.4 
The County shall designate low density land uses adjacent to 
natural land reservations and resource based parks where the 
adjacent lands are undeveloped. 
 
Policy 3.15.5 
The County shall support the U.S. Fish and Wildlife Service's 
efforts to acquire a site in the Crystal River area for the subsequent 
development of the Crystal River Wildlife Refuge's Manatee 
Interpretive/Education Center. 
 
Policy 3.15.6 
Further mining in the Citrus Tract of the Withlacoochee State 
Forest is prohibited. 
 
Policy 3.15.7 
Development occurring along the edges of natural reservations 
shall be designed to protect and minimize the impact of 
development on conservation areas through the use of natural 
vegetative buffers and clustering of structures away from the 
conservation area. 
 
Wetlands Protection 
 
Objective 3.16 
Citrus County will protect and conserve the functions and values 
provided by wetlands so there will be no net loss of wetland 
functions and values due to development or other activities. 
 
Policy 3.16.1 
The County shall continue to implement wetlands protection 
standards of the LDC.  The County shall ensure that the following 
steps are taken, in order, when assessing proposed activities that 
may result in wetland impacts: 
1. avoidance of wetland impacts 
2. minimization of unavoidable wetland impacts 
3. compensation for wetland impacts through mitigation 
 
Policy 3.16.2 
The County shall require an FDEP ERP permit and other State, or 
Federal wetland permits prior to issuing local development permits 
and orders. Where no State or Federal permit is required, the 
County shall require mitigation for wetlands impacts. 
 
Policy 3.16.3 
Development shall not be allowed at the maximum densities and 
intensities of the underlying land use district, if those densities 
would be harmful to natural resources. 
 
Policy 3.16.4 
Wetland protection standards and criteria shall be prepared, 
included within the County's LDC.  The standards and regulations 
shall include some combination of the following: 
 
• Setbacks and upland buffers 
• Conservation easements 

Conservation Element 
 
3-113  
 
• Compensatory mitigation 
• Performance standards 
• Evaluation-ranking scheme that includes wetlands type, 
function, and quality 
• Drainage criteria 
• Allowed and exempted uses 
• Impact on Outstanding Florida Waterbodies 
• Significant and insignificant effects of development on 
wetlands

10-1 
GOALS, OBJECTIVES, AND POLICIES 
 
GOAL #17 - The Future Land Use Plan is intended to enhance the quality of life of 
the citizens of Citrus County through:  provisions for adequate 
housing, services, and facilities; protection of the environment; 
creation of favorable economic conditions; and the elimination of 
incompatible land uses, hazards, and nuisances. 
 
Growth and Development 
 
Objective 17.1 
A unified County Land Development Code (LDC) which provides 
standards and procedures for the implementation and enforcement 
of the Comprehensive Plan shall be adopted within one year of the 
adoption of the Comprehensive Plan. 
 
Policy 17.1.1 
The County LDC shall contain development regulations and 
detailed provisions to implement the Comprehensive Plan, 
including at a minimum:  subdivision regulations, tree protection, 
protection of open space, protection of potable water sources, 
regulation of areas subject to seasonal and periodic flooding, and 
provision for drainage and stormwater management, protection of 
environmentally sensitive lands, regulation of signs, and protection 
of natural and historic resources. 
 
Policy 17.1.2 
The County LDC shall contain performance standards which 
address buffering between incompatible uses, protection of 
historically significant properties, potable water wellfields, and 
environmentally sensitive land. 
 
Policy 17.1.3 
The County LDC shall contain standards for development which 
will implement the Generalized Future Land Use Map (GFLUM) 
and the prescribed types and intensities of land uses found within 
the Plan. 
 
Policy 17.1.4 
The GFLUM shall be recognized as the primary document used by 
Citrus County in land use regulation and to guide future growth.   
 
Policy 17.1.5 
The County LDC shall implement the Comprehensive Plan 
through specific standards for development.  Therefore, 
development may be phased through the Development Code to 
allow for adequate transportation and public facilities to become 
available to the designated 2030 land uses. 
 
 
 

10-2 
Policy 17.1.6 
Performance standards shall be established in the County LDC 
providing for, but not limited to, drainage, flood protection, 
utilities, separation of uses and buffering, densities, parking, 
access, environmental and water resource protection, preservation 
of wetlands, open spaces, and convenient on-site traffic flow. 
 
Policy 17.1.7 
Citrus County will review the LDC Atlas and adjust residential 
land use district boundaries when possible to coincide with 
existing parcel boundaries during the atlas readoption process. 
 
Objective 17.2 
In order to promote the efficient use of resources and discourage 
scattered development and sprawl, the County shall encourage 
development in Planned Service Areas (PSA) and commercial 
infill areas as identified in the Plan and through the following 
mechanisms: 
 
• County LDC - specific standards which allow higher 
intensities of land use in areas where adequate services are 
available and where specific design criteria are met, and 
future land uses are coordinated with appropriate 
topography conditions and soil types; and 
• GFLUM - by designating an appropriate amount of acreage 
in each land use category that reflects projected growth, 
demonstrated needs, existing development patterns, 
environmental suitability, availability of infrastructure, and 
community values

en space areas. The County shall coordinate with federal, state, 
regional, and local governments in the development of management plans of open spaces, 
preserves, and reserves. The County shall coordinate with the Florida Department of 
Environmental Protection (FDEP) and the Office of Greenways and Trails in the development of 
plans, agreements, and the usage of Cross Florida Greenway properties for recreation sites and 
facilities. The County shall coordinate with the appropriate agencies for canoe trails of the 
Chassahowitzka River, Crystal River, Homosassa River, Coastal Estuarine, and the Tsala 
Apopka Chain of Lakes. Private/Public Sector Objective 2.3 Policy 2.3.1 Policy 2.3.2 Policy 
2.3.3 Policy 2.3.4 The County shall require, during the development planning stage, adequate 

park, recreational, and open space facilities to meet the needs of the particular development 
and to promote active living. The County will assure that all residential development dedicate or 
provide active recreation and open space areas with operable facilities at the point of 
subdivision to promote active living as important to success. The calculation of recreation and 
open space areas by a development shall not include drainage retention areas, buffer areas, or 
related utilitarian facilities that do not provide active recreation, unless otherwise approved in a 
Planned Unit Development, as outlined in the Future Land Use Element. The County shall 
require that recreation and open space areas retained in private ownership be adequately 
operated and maintained. The County will provide impact fee credits for park facilities in 
accordance with the County Impact Fee Ordinance. 2- 29 Objective 2.4 Recreation and Open 
Space Element The County will continue to coordinate with all levels of government and the 
private sector to provide and improve recreational opportunities for all residents. Policy 2.4.1 
The Citrus County Board of County Commissioners shall maintain a working agreement with the 
Citrus County School Board for the general public's use of recreational facilities at County 
schools. Commitment to Access Objective 2.5 Policy 2.5.1 Policy 2.5.2 Policy 2.5.3 Policy 2.5.4 
Policy 2.5.5 Policy 2.5.6 Policy 2.5.7 Policy 2.5.8 The County shall provide access at public 
recreational sites, facilities, beaches, and shorelines for all. All new public and private parks and 
recreational facilities shall be designed and constructed with appropriate access-ways. The 
County shall maintain or improve public access to beaches and shores. The Parks and 
Recreation Division will continue to update its information and awareness program and 
disseminate information to all segments of the County's population. The Parks and Recreation 
Division will continue to implement a comprehensive signage design for all County operated 
recreation facilities. The Parks and Recreation Division shall provide handicapped access and 
facilities at all County maintained recreation sites. The County shall develop procedures to 
facilitate the acquisitions of properties which contain special features and/or shoreline and 
water- use access and establish criteria for selection and funding.","Based on the provided excerpts from Citrus County's comprehensive plan, the following open space or conservation area policies appear:

1. **Park and Recreation Facilities**: The County shall periodically review its current facilities inventory to meet the needs of the population through the year 2040 [Citrus County, pp. 1-2]. The County shall adopt the following level of service standards for new development for park facilities: 
    • Parks (County/City) - 3 acres per 1,000 population 
    • Regional (Federal/State) - 10 acres per 1,000 population 
    • Boat Ramps - 1 lane per 5,000 population [Citrus County, pp. 1-2].
2. **Open Space**: The County shall provide that adequate open space areas are preserved to satisfy population growth [Citrus County, pp. 1-2]. The County shall coordinate efforts with the appropriate governmental agencies to secure the purchase and planning of designated open space areas [Citrus County, pp. 1-2].
3. **Conservation and Recreation Lands**: The County shall implement procedures through the Citrus County Ecotourism Committee to protect and assist the management of natural reservations [Citrus County, pp. 9-11]. The County shall assist State and Federal agencies in their management efforts relating to preservation and protection of natural reservations [Citrus County, pp. 9-11].
4. **Wetlands Protection**: The County shall continue to implement wetlands protection standards of the LDC [Citrus County, pp. 9-11]. The County shall ensure that the following steps are taken, in order, when assessing proposed activities that may result in wetland impacts: 
    1. avoidance of wetland impacts 
    2. minimization of unavoidable wetland impacts 
    3. compensation for wetland impacts through mitigation [Citrus County, pp. 9-11].
5. **Growth and Development**: The County LDC shall contain development regulations and detailed provisions to implement the Comprehensive Plan, including at a minimum: 
    • protection of open space [Citrus County, pp. 1-2]. 
    • protection of environmentally sensitive lands [Citrus County, pp. 1-2].
6. **Private/Public Sector**: The County shall require, during the development planning stage, adequate park, recreational, and open space facilities to meet the needs of the particular development and to promote active living [Citrus County, pp. 1-2].
7. **Recreation and Open Space Element**: The County will continue to coordinate with all levels of government and the private sector to provide and improve recreational opportunities for all residents [Citrus County, pp. 1-2]. The County shall provide access at public recreational sites, facilities, beaches, and shorelines for all [Citrus County, pp. 1-2].

These policies demonstrate the County's commitment to preserving open space, protecting natural reservations, and promoting active living through the provision of recreational facilities and opportunities."
"Does Duval County identify wildlife corridors, habitat linkages, or connected conservation lands?","City of Jacksonville 2045 Comprehensive Plan 
Conservation/Coastal Management Element 
14 

 
 
 
 
 
 
 
 
 
 
 
 
 
 
 
 
 
 
 
 
 
 
 
 
 
 
 
 
 
 
 
 
 
 
 
  
 
 
 
 
 
 
 
 
 
 
 
 
 
 
 
 
 
 
 
 
 
 
 
 
 
 
 
 
 
 
 
 
 
 
 
 
 
 
 
 
 
 
 
 
 
 
 
 
 
 
 
 
 
 
 
 
 
 
 
 
 
 
 
 
 
 
 
 
 
 
 
 
   
  
 
 
 
 
 
 
 
 
 
 
 
 
 
 
 
 
 
 
  
 
 
 
  
 
 
 
  
 
 
 
 
 
 
 
 
 
 
 
 
 
 
 
 
 
 
 
 
 
 
 
 
 
 
 
 
 
 
 
 
 
 
  
 
 
 
 
 
 
 
 
 
 
 
 
  
 
 
  
 
   
 
 
 
 
 
 
 
 
 
 
 
 
 
 
 
 
 
 
 
  
 
  
 
 
 
 
 
 
 
  
 
  
 
 
 
 
 
 
 
 
 
 
 
 
 
 
 
 
 
 
 
 
 
 
 
 
 
 
 
 
 
 
  
 
  
 
 
 
 
 
 
 
 
 
 
 
 
 
 
 
 
 
 
 
 
 
 
  
 
 
 
 
 
 
 
 
 
 
 
 
 
 
 
 
 
 
 
 
 
 
 
 
 
 
 
  
 
 
 
 
 
 
 
 
 
 
 
 
 
 
 
 
 
 
 
 
 
 
 
 
 
 
 
 
 
 
 
 
 
 
  
 
 
corridor include: conservation, passive resource based recreation and forestry 
management. The corridor shall be managed uniformly as an integrated wetland and 
upland system under a cooperative agreement between appropriate local and state 
agencies. Any such management agreement may include harvesting of upland forest 
products under a long-term rotation plan, with wetland buffers, similar to forest 
management plans for Cary and Jennings State Forests. The management plan for the 
corridor may authorize public access to the property for passive resource based 
recreation which includes hiking and horseback riding trails, camping, hunting, fishing, 
and other mutually agreeable uses. 
3.2.2 
Provide a natural and recreation corridor between the Cary State Forest and the Jennings 
State Forest which creates the opportunity for a migratory corridor for wildlife in the area. 
3.2.3 
Provide for the productivity of forest resources and maintain the diversity of habitat types 
and overall biological productivity. 
3.2.4 
The City shall continue to coordinate development and reuse of Cecil Field and to 
participate in ongoing clean-up activities. As of 2019 more than 92 percent of the area is 
clean of contamination. 
3.2.5 
The City shall coordinate the future development of Cecil Field with the U.S. Navy, 
Environmental Protection Agency and Florida Department of Environmental Protection to 
ensure that land use conflicts do not occur in the future. 
Objective 3.3 Increase the public knowledge of environmental problems, solutions 
and goals of the City, especially in relation to environmentally sensitive areas, 
native Florida wildlife, listed species, and their habitat. 
Policies 
3.3.1 
The City shall assist the State Land Planning, the Florida Fish and Wildlife Conservation 
Commission, and the U.S. Fish and Wildlife Service in developing an education program 
to increase public knowledge of the existence, habitat, and survival requirements of this 
area's native wildlife, including listed species and other rare Florida animals. 
The 
Environmental Protection Board shall continue efforts to educate the public, landowners, 
developers, and agency representatives on the wildlife and wildlife habitat of Northeast 
Florida, including good management practices for native species and vegetative 
communities. 
City of Jacksonville 2045 Comprehensive Plan 
Conservation/Coastal Management Element 
15

iatives facilitated by 
SJRWMD. 
City of Jacksonville 2045 Comprehensive Plan 
Conservation/Coastal Management Element 
13 

 
 
 
 
 
 
 
 
 
 
 
 
   
 
 
 
 
 
 
 
 
 
 
 
 
 
 
 
 
 
 
 
 
 
 
 
 
 
 
 
 
 
 
 
 
 
 
 
 
 
 
 
 
 
 
 
 
 
 
 
 
 
 
 
       
 
 
 
 
  
 
 
 
 
 
 
 
 
 
 
 
  
 
 
 
 
 
 
 
 
 
 
 
 
 
 
 
 
 
 
 
 
 
 
 
 
 
 
  
 
 
 
 
  
 
 
 
 
 
 
 
 
 
 
 
 
 
 
 
 
  
 
 
 
 
 
 
 
 
 
 
 
 
 
 
 
 
 
 
 
 
 
 
 
 
 
 
  
 
 
 
 
 
 
 
 
 
 
 
 
 
  
 
  
 
 
 
 
 
 
 
 
 
 
 
 
 
 
 
 
  
 
 
 
 
  
 
 
 
 
 
 
 
 
 
 
 
 
 
 
 
 
 
 
 
 
 
 
 
 
 
  
 
 
 
 
 
 
 
 
 
 
 
 
 
 
  
 
  
 
 
 
 
 
  
 
 
 
 
 
 
 
 
 
 
 
 
 
 
 
 
 
 
 
 
 
 
 
 
 
 
 
 
 
 
 
 
 
 
 
 
 
 
 
 
 
 
 
 
  
 
  
 
 
 
 
 
 
 
 
 
 
 
 
 
 
 
 
 
 
 
 
 
 
 
 
 
  
 
 
 
 
 
 
 
GOAL 3 
Manage, preserve and enhance viable native ecological communities in order to 
protect and improve the functions of natural systems and the distribution, 
productivity and diversity of native plants, animals and fisheries, particularly those 
species which are endangered, threatened, of special concern, or have high 
ecological, recreational, scientific, educational, aesthetic, or economic value. 
Objective 3.1 To develop a current high-quality database on vegetation and wildlife 
within the City. 
Policies 
3.1.1 
The City shall utilize Geographic Information System (GIS) data provided by the 
SJRWMD to map wetlands. The data shall be depicted on the Wetlands Map adopted in 
the Comprehensive Plan. 
3.1.2 
The City shall continue to assess and manage environmentally sensitive lands purchased 
through the Preservation Project Jacksonville. Attention shall be given to identifying 
areas that have suffered environmental damage and show promise for restoration to all 
or part of their past productivity. 
3.1.3 
The City shall utilize its computerized GIS to map and analyze natural resource 
conditions. 
3.1.4 
The City shall provide appropriate assistance to the University of Florida Biological 
Diversity Project for Duval County in exchange for an inventory database. The City shall 
also work in cooperation with the U.S. Department of Forestry to determine the natural 
inventory of Duval County lands by photo interpretive methods. 
Objective 3.2 Ensure the protection of natural resources and historic resources on 
Cecil Field. 
Policies 
3.2.1 
The City has entered into a Memorandum of Understanding with the St. Johns River 
Water Management District, Clay County, Jacksonville Port Authority and the Florida 
Department of Environmental Protection which establishes a natural and recreation 
corridor. The natural and recreation corridor identified on the Cecil Field Natural and 
Recreational Corridor Map is hereby established in the Comprehensive Plan. The corridor 
may serve as mitigation to offset adverse impacts to natural resources, fish and wildlife, 
and wetland functions on the eastern side of Cecil Field. Permissible land uses within this 
City of Jacksonville 2045 Comprehensive Plan 
Conservation/Coastal Management Element 
14

and vegetative 
communities. 
City of Jacksonville 2045 Comprehensive Plan 
Conservation/Coastal Management Element 
15 

 
 
 
 
 
 
 
 
 
 
 
 
 
 
 
 
 
 
 
 
 
 
 
 
 
 
 
 
 
 
 
 
 
 
 
 
 
 
 
 
 
 
 
 
 
 
 
 
 
 
 
 
 
 
 
 
 
 
 
 
 
 
 
 
 
 
 
 
 
 
 
 
 
 
 
 
 
 
 
 
 
 
 
 
  
 
 
 
 
 
 
 
 
 
 
 
 
 
 
 
 
 
 
 
 
 
 
 
 
 
 
 
 
 
 
 
 
 
 
 
 
  
 
  
 
 
 
 
 
 
 
 
 
 
 
 
 
 
 
 
 
 
 
 
 
 
 
 
 
 
 
 
 
 
 
 
 
 
 
 
 
 
 
 
 
 
 
  
 
 
 
 
 
 
 
 
 
 
 
 
 
 
 
 
 
 
 
 
 
  
 
 
 
 
 
 
 
 
 
 
 
 
 
 
 
 
 
 
 
 
 
 
 
 
 
 
 
 
 
 
 
 
 
 
 
 
 
 
 
 
 
 
 
 
 
 
 
 
 
 
 
 
 
 
 
 
 
 
 
 
 
 
 
 
 
 
 
 
 
 
 
 
 
 
 
 
 
 
 
 
 
 
 
 
 
 
 
 
 
 
 
 
 
 
 
 
 
 
 
 
 
 
 
 
 
 
 
 
 
 
 
 
 
 
 
 
 
 
 
 
 
 
 
 
 
 
 
 
 
 
 
 
 
 
 
 
  
 
 
 
  
 
 
 
 
3.3.2 
The Environmental Protection Board shall continue to increase public knowledge and 
awareness of local environmental issues such as the St. Johns River cleanup, non-point 
pollution, air quality and air toxins, hazardous materials disposal, wetlands values, native 
species, rule changes, and new regulatory requirements. The Environmental Protection 
Board will work with other public agencies, environmental organizations, the Duval 
County School Board, and the Jacksonville Chamber of Commerce to facilitate the public 
education process. 
Objective 3.4 The City shall conserve, appropriately use, protect and manage 
environmentally sensitive lands (native plant communities and wildlife habitat) to 
maintain the natural ecological community types and sustainable populations of 
wildlife native to the City. 
Policies 
3.4.1 
The City shall continue to promote wildlife preservation and conservation of natural 
systems and the long-term maintenance of natural systems through such means as 
establishing wildlife sanctuaries, refuges, riverine preserves, wildlife management areas, 
parks and open space by buying or acquiring other interests in the land. 
3.4.2 
The City shall encourage landowners and developers to protect or preserve 
Environmentally Sensitive Lands within developments, where feasible. Developers will 
be informed, through development review processes, and provided options for 
preservation of these areas. 
3.4.3 
The City will continue to inform landowners and developers of the availability of technical 
assistance from State and federal fish and wildlife agencies concerning the on-site status 
of the following native communities: beach dunes and coastal strands, dry prairies, 
maritime hammocks, scrubs, shell mounds, sand hills, mesic flatwoods. 
3.4.4 
The City shall continue to ensure the preservation of native habitat vegetation during land 
development activities, either through maintenance of natural vegetation on any project 
site, or through the planting of native vegetation. 50% of all plantings incorporated in an 
approved landscape plan for any project site after development consists of native 
vegetation suitable to that site, and by requiring that at least 60% of all post development 
vegetation is indigenous to the City. 
City of Jacksonville 2045 Comprehensive Plan 
Conservation/Coastal Management Element 
16

ned species, and other significant natural 
resources through Land Development Regulations which limit activities having the 
City of Jacksonville 2045 Comprehensive Plan 
Future Land Use Element 
16 

 
 
 
 
 
 
 
 
 
 
 
 
 
 
 
 
 
 
 
 
 
 
 
 
 
 
 
 
 
 
 
 
 
 
 
 
  
 
 
 
 
 
 
 
 
 
 
 
 
 
 
 
 
 
 
 
 
 
 
 
  
 
 
 
 
 
 
 
 
 
 
 
 
 
 
  
 
 
 
 
 
 
 
 
 
 
 
 
 
 
 
 
 
 
 
 
 
 
 
  
 
 
 
 
 
 
 
 
 
 
 
 
 
 
 
 
 
 
 
  
 
 
 
 
 
 
 
 
 
 
 
 
 
 
 
 
 
 
 
 
 
 
 
 
 
 
 
  
 
 
 
 
 
 
 
 
 
 
 
 
 
 
 
 
 
 
 
 
 
 
 
 
 
  
 
 
 
 
 
 
 
 
 
 
 
 
 
 
 
  
 
 
 
 
 
 
 
 
 
 
 
 
 
 
 
 
 
 
 
 
 
 
 
 
 
 
 
 
 
 
  
 
  
 
 
 
 
 
 
 
 
 
 
 
 
 
 
 
 
 
  
 
 
 
 
 
 
 
 
 
 
 
 
 
 
 
 
 
 
 
 
 
 
 
 
 
 
 
 
 
 
 
 
 
 
 
 
 
 
 
 
 
  
 
 
 
 
 
 
 
 
 
 
potential to contaminate soil, ground, or surface waters, or otherwise destroy these 
sensitive areas, consistent with the provisions of the Conservation/Coastal Management 
Element. 
1.5.4 
Coordinate the review and approval of development proposals through the Planning and 
Development Department with applicable federal, State, regional and local environmental 
agencies. Notify affected public agencies of any land development requests adjacent to 
environmentally sensitive lands held in public ownership. 
1.5.5 
Use public lands for appropriate multiple uses, such as parks, stormwater management 
systems, and preservation of natural habitats. 
1.5.6 
Public open space lands within Coastal High Hazard Areas shall be designated for 
Conservation land use classification. 
1.5.7 
Limit new construction to areas landward of the primary dune line, except as provided for 
by Florida's Coastal Construction Control Line regulation pursuant to Chapter 161, F.S. 
Prohibit the use of non-emergency or maintenance vehicles on the City's primary dune 
system except as provided pursuant to an approved beach management plan. 
1.5.8 
Protect moderate and high aquifer recharge areas and areas with high groundwater 
contamination potential, as identified in the Groundwater Aquifer Recharge Sub-Element, 
from adverse development impacts through a system of performance standards 
implemented jointly through the Planning and Development Department, JEA, EQD, and 
the Florida Department of Health in Duval County. 
1.5.9 
Through site plan review, the City shall encourage the following methods to support low 
impact development: 
 The use of topography, physical environment and other natural features; 
 Impact on wetlands; 
 Listed species regulations. 
1.5.10 
In accordance with the Conservation/Coastal Management Element, the City shall 
encourage environmentally sensitive areas to be placed in a Conservation land use 
category, Conservation zoning district, and/or conservation easement. 
City of Jacksonville 2045 Comprehensive Plan 
Future Land Use Element 
17

that at least 60% of all post development 
vegetation is indigenous to the City. 
City of Jacksonville 2045 Comprehensive Plan 
Conservation/Coastal Management Element 
16 

 
 
 
 
 
 
 
 
 
 
 
 
 
 
 
 
 
 
 
 
 
 
 
 
 
 
 
 
 
 
 
 
 
 
 
 
 
 
 
 
 
 
 
 
 
 
 
 
 
 
 
 
 
 
 
 
 
 
 
 
 
 
 
 
 
 
 
 
 
 
 
 
 
 
 
 
 
 
 
 
 
 
 
 
 
 
 
 
 
 
 
 
 
 
 
 
 
 
  
 
 
 
 
  
 
 
 
 
 
 
 
 
 
 
 
 
 
 
 
 
 
 
 
 
 
  
 
 
 
 
 
 
 
 
 
 
 
 
 
 
 
 
 
 
 
 
 
 
 
 
 
 
 
 
 
 
 
  
 
 
 
 
 
 
 
 
 
 
 
  
 
 
 
 
 
 
 
 
 
 
 
 
 
 
 
 
 
 
 
 
 
 
 
 
 
 
 
 
 
 
 
 
 
 
 
 
 
 
 
 
 
 
 
 
 
 
 
 
 
 
 
 
 
 
 
 
 
 
 
 
 
 
 
 
 
 
 
 
  
 
 
 
 
 
 
 
 
 
 
 
 
 
 
 
 
 
  
  
  
 
 
 
 
 
 
 
 
 
 
 
 
 
 
 
 
 
 
 
 
 
 
 
 
 
 
 
 
 
 
 
 
 
 
 
 
 
 
 
 
 
 
 
 
 
  
 
 
 
3.4.5 
The City has amended the Jacksonville Landscape and Tree Protection Regulations to 
increase the penalties for violation thereof, which penalties include mitigation, jail 
sentences, severe fines and withholding of building and development permits. 
3.4.6 
The Planning and Development Department shall encourage innovative site planning 
techniques such as clustering of development to preserve unique natural site features. 
Objective 3.5 The City will protect conserve and appropriately use native ecological 
communities shared with or adjacent to State and federal lands and other local 
governments. 
Policies 
3.5.1 
The City shall develop a process by which to protect unique communities located along 
the City’s border by enforcing land use and development regulations with regard thereto. 
3.5.2 
The City shall, with the appropriate counties, meet as necessary to discuss upcoming 
land development projects that would have an impact on native ecological communities 
in more than one jurisdiction. 
3.5.3 
The City shall cooperate with and assist adjacent local governments to assure compliance 
with all State and federal regulations pertaining to endangered and rare species living in 
such ""shared” ecological systems, by meeting as necessary to discuss any new State or 
federal regulations. 
Objective 3.6 Protect and manage endangered and threatened species and species 
of special concern so there is no reduction in numbers of species that are found in 
the City and no significant loss of population size. Conserve and protect the 
functional values of areas of native wildlife habitats which require special 
protection efforts. 
Policies 
3.6.1 
The City shall continue programs for the protection of listed and non-listed species of 
interest through management of land purchased under and in partnership with the 
Preservation Project Jacksonville, through the Special Management Areas Program and 
through implementation of and updates to the Manatee Protection Plan. 
City of Jacksonville 2045 Comprehensive Plan 
Conservation/Coastal Management Element 
17","Based on the provided excerpts from the Duval County Comprehensive Plan, it appears that Duval County does identify wildlife corridors, habitat linkages, or connected conservation lands.

Excerpt 1 (Duval County, p.14) mentions the creation of a natural and recreation corridor between the Cary State Forest and the Jennings State Forest, which may serve as a migratory corridor for wildlife in the area. This is stated as a policy (3.2.2) that ""Provide a natural and recreation corridor between the Cary State Forest and the Jennings State Forest which creates the opportunity for a migratory corridor for wildlife in the area.""

Excerpt 2 (Duval County, p.13) mentions the establishment of a natural and recreation corridor on Cecil Field, which may serve as mitigation to offset adverse impacts to natural resources, fish and wildlife, and wetland functions on the eastern side of Cecil Field. This is stated as a policy (3.2.1) that ""The City has entered into a Memorandum of Understanding with the St. Johns River Water Management District, Clay County, Jacksonville Port Authority and the Florida Department of Environmental Protection which establishes a natural and recreation corridor.""

Excerpt 3 (Duval County, p.15) mentions the importance of preserving and enhancing viable native ecological communities, including the protection of wildlife habitats. This is stated as a goal (GOAL 3) that ""Manage, preserve and enhance viable native ecological communities in order to protect and improve the functions of natural systems and the distribution, productivity and diversity of native plants, animals and fisheries, particularly those species which are endangered, threatened, of special concern, or have high ecological, recreational, scientific, educational, aesthetic, or economic value.""

Excerpt 4 (Duval County, p.16) mentions the importance of protecting environmentally sensitive areas, including wildlife habitats. This is stated as a policy (1.5.4) that ""Coordinate the review and approval of development proposals through the Planning and Development Department with applicable federal, State, regional and local environmental agencies.""

Excerpt 5 (Duval County, p.16) mentions the importance of preserving and protecting native ecological communities, including wildlife habitats. This is stated as a policy (3.4.1) that ""The City shall continue to promote wildlife preservation and conservation of natural systems and the long-term maintenance of natural systems through such means as establishing wildlife sanctuaries, refuges, riverine preserves, wildlife management areas, parks and open space by buying or acquiring other interests in the land.""

In summary, Duval County identifies wildlife corridors, habitat linkages, or connected conservation lands through various policies and goals in the comprehensive plan, including the creation of a natural and recreation corridor, the establishment of a natural and recreation corridor on Cecil Field, and the preservation and protection of native ecological communities and wildlife habitats.

Sources:

[Duval County, p.14]
[Duval County, p.13]
[Duval County, p.15]
[Duval County, p.16]
[Duval County, p.16]"
"What policies in Escambia County address preservation of natural areas, wetlands, or environmentally sensitive lands?","ater quality and flood 
protection, by ensuring compliance with the provisions of various plans and codes 
including, but not limited to the following: 
1. Escambia County Comprehensive Plan and associated maps; 
2. Escambia County Land Development Code; 
3. Escambia County Code of Ordinances; 
4. Florida Building Code;  
5. Federal Emergency Management Agency flood elevation maps and standards. 
POLICY COA 3.2.3 Enhancement of Drainage Infrastructure. Escambia County 
shall support the operation, management, and enhancement of drainage 
infrastructure to manage floods consistent with the precipitation and sea level rise 
projections.  
POLICY COA 3.2.4 Public Infrastructure Improvements. Escambia County shall 
consider the potential impacts of floods when planning public infrastructure 

CP11:13 
 
 
improvements. All County owned and financed coastal development using funds 
appropriated from the state shall comply with the requirements of Section 161.551. 
F.S and Rule 62S-7, F.A.C. (Ord. No. 2025-17;§ 1,5-01-25) 
 
Supp. 10 

CP12:1 
 
 
Chapter 12 Conservation Element. 
 
The purpose of the Conservation Element is to ensure the protection of 
Escambia County’s natural resources. The conservation and appropriate use of 
these resources is critical to maintaining a high quality of life for County 
residents and ensuring sustainable economic growth. The goals, objectives, and 
policies of this element are intended to guide the management of air, water, soil, 
mineral, vegetative, wildlife, and other natural resources in the fulfillment of this 
purpose without County duplication of federal and state requirements. 
 
GOAL CON 1 RESOURCE MANAGEMENT 
 
Escambia County will conserve, protect, and appropriately use all natural 
resources. 
 
OBJ CON 1.1 General Resource Management 
 
Effectively manage the natural resources of Escambia County through 
sound conservation principles. 
 
POLICIES 
 
CON 1.1.1 Environmentally Sensitive Lands. Escambia County will inventory 
the County's environmentally sensitive lands, as defined in Chapter 3, 
Definitions. The Escambia County Wetlands Map and the Escambia County 
Special Flood Hazard Areas Map are attached to this Plan as Exhibits L and M, 
respectively. 
 
CON 1.1.2 Wetland and Habitat Indicators. Escambia County has adopted and 
will use the National Wetlands Inventory Map, the Escambia County Soils 
Survey, and the FFWCC Land Satellite (LANDSAT) imagery as indicators of the 
potential presence of wetlands or listed wildlife habitat in the review of 
applications for development approval. The Escambia County Hydric Soils Map 
is attached to this Plan as Exhibit N. 
 
CON 1.1.3 Resource Status Indicators. Escambia County will utilize surveys, 
sampling, and other available data sources to assess indicators of natural 
resource gains or losses. 
 
CON 1.1.4 Species Diversity. Escambia County will maintain and enhance 
plant and animal species diversity and distribution within the County. 
 
CON 1.1.5 Natural Reservation Protection. Escambia County will protect 
existing natural reservations, as identified in the Recreation and Open Space 
Element, or as may additionally be created by action of the federal, state, or 
County government.

as indicators of the 
potential presence of wetlands or listed wildlife habitat in the review of 
applications for development approval. The Escambia County Hydric Soils Map 
is attached to this Plan as Exhibit N. 
 
CON 1.1.3 Resource Status Indicators. Escambia County will utilize surveys, 
sampling, and other available data sources to assess indicators of natural 
resource gains or losses. 
 
CON 1.1.4 Species Diversity. Escambia County will maintain and enhance 
plant and animal species diversity and distribution within the County. 
 
CON 1.1.5 Natural Reservation Protection. Escambia County will protect 
existing natural reservations, as identified in the Recreation and Open Space 
Element, or as may additionally be created by action of the federal, state, or 
County government. 
 

CP12:2 
 
 
CON 1.1.6 Habitat Protection. Escambia County will coordinate with the FDEP, 
FFWCC, and other state or federal agencies so as to provide the fullest 
protection to marine or wildlife habitats that may be impacted by existing or 
proposed development within the County.  
 
CON 1.1.7 Public Land Acquisition. Escambia County will seek to acquire 
additional areas for habitat protection and connected greenways 
 
CON 1.1.8 Public Land Restoration and Enhancement. Escambia County will 
continually work to restore and/or enhance degraded natural areas within publicly 
owned lands. Restoration or enhancement may include such activities as removal 
of nonnative vegetation, reforestation, shoreline or dune restoration, or 
restoration of natural hydrology.  
 
OBJ CON 1.2 Air Resources 
 
Maintain or improve ambient air quality to protect public health and the 
environment. 
 
POLICIES 
 
CON 1.2.1 State and Federal Regulation. Escambia County will require any 
development with emissions that may degrade air quality to comply with all 
applicable federal and state regulations regarding emission control. 
 
OBJ CON 1.3 Surface Water Resources 
 
Protect and improve the quality, biological health, and natural function of 
all surface water systems to preserve their ecological and aesthetic 
values. 
 
POLICIES 
 
CON 1.3.1 Stormwater Management. Escambia County will protect surface 
water quality by implementing the stormwater management policies of the 
Infrastructure Element to improve existing stormwater management systems and 
ensure the provision of stormwater management facilities concurrent with the 
demand for such facilities.  
 
CON 1.3.2 Agriculture Management Practices. To minimize the potential for 
discharge of contaminants into water bodies Escambia County will coordinate 
with the Natural Resource Conservation Service (NRCS), or other agencies as 
deemed acceptable, to encourage Best Management Practices (BMPs) for 
agricultural land uses. 
 
CON 1.3.3 Monitoring and Recommendations. Escambia County will utilize 
FDEP’s annual water quality assessment and other sources to monitor surface 

CP12:3 
 
 
water systems. Water quality ratings will be monitored for the Escambia River, 
Pensacola Bay, Perdido Bay, and Perdido River basins and other locations as 
appropriate. 
 
CON 1.3.4 Studies and Programs. Escambia County will support existing 
studies and programs, and the funding of future studies and programs that will 
determine water quality conditions, sediment conditions, sources of 
contamination, and necessary actions to improve conditions of surface water 
systems and their suitability for aquatic life. The County will support actions 
necessary to improve and protect surface water systems.

to promote ecosystem health and wildfire 
prevention. 
 
CON 1.6.7 Intergovernmental Coordination. Escambia County will cooperate 
with adjacent local governments to conserve, appropriately use, and protect 
unique vegetative communities located within more than one local jurisdiction. 
Upon submission to the County, proposals for development that would impact 
unique vegetative communities located within more than one local government 
jurisdiction will be provided to the affected local government by Escambia 
County. 
 
OBJ CON 1.7 Hazardous Materials and Waste 
 
Ensure the proper storage, use, and disposal of all hazardous materials 
within Escambia County to eliminate or significantly minimize hazards to 
the general public and the potential for contamination of natural resources. 
 
POLICIES 
 
CON 1.7.1 Required Identification. Escambia County will require identification of 
any and all hazardous waste or materials used or stored by any licensed business 
within Escambia County. 
 
CON 1.7.2 Handling, Storage, and Disposal. Escambia County will cooperate 
with appropriate regulatory agencies to develop plans and procedures for the 
handling, temporary storage, and disposal of hazardous waste generated within 
Escambia County. Such plans and procedures will be provided to those 
industries and commercial operations within the County that generate hazardous 
wastes in order that they may properly handle and dispose of their hazardous 
waste products. 
 
CON 1.7.3 Household Hazardous Waste. Escambia County will develop and 
implement a program to educate the public concerning the proper storage and 
disposal of household hazardous waste. 
 
CON 1.7.4 Petroleum Storage Tanks. Escambia County will rely upon the 
Escambia County Health Department, through its contracts with the FDEP for 
County compliance inspections and cleanup, to protect people and the 
environment from contamination risks associated with petroleum fuel storage 
tanks. 
 
CON 1.7.5 Accident Procedures. The Escambia County Comprehensive 
Emergency Management Plan will include procedures for handling accidents 
involving hazardous materials and waste. 
 
CON 1.7.6 Locational Criteria. New industry or businesses that produce 
hazardous materials in their processes will not be allowed where surface and 

CP12:7 
 
 
groundwater are particularly vulnerable to contamination from hazardous 
materials, in wellhead protection areas, where hydric soils are present, within 
special flood-hazard areas, or coastal high-hazard areas. This policy does not 
apply to public utilities or public facilities. 
 
CON 1.7.7 FLU Limitation. Uses involving the production of hazardous 
materials will be limited to the Industrial future land use category. Retail sale of 
products containing hazardous materials is not limited to the Industrial FLU 
category. 
 
CON 1.7.8 Disposal Assistance. Escambia County will provide assistance 
with disposal of hazardous waste generated by other than large quantity 
generators within Escambia County. This will include an Annual Amnesty Days 
program for Escambia County household generators. 
 
OBJ CON 1.8 Water and Energy Conservation. 
 
The County will promote water and energy conservation strategies to 
support the protection of the County’s natural resources. 
POLICIES

agricultural land uses. 
 
CON 1.3.3 Monitoring and Recommendations. Escambia County will utilize 
FDEP’s annual water quality assessment and other sources to monitor surface 

CP12:3 
 
 
water systems. Water quality ratings will be monitored for the Escambia River, 
Pensacola Bay, Perdido Bay, and Perdido River basins and other locations as 
appropriate. 
 
CON 1.3.4 Studies and Programs. Escambia County will support existing 
studies and programs, and the funding of future studies and programs that will 
determine water quality conditions, sediment conditions, sources of 
contamination, and necessary actions to improve conditions of surface water 
systems and their suitability for aquatic life. The County will support actions 
necessary to improve and protect surface water systems. 
 
CON 1.3.5 Cooperative Cleanup Efforts. Escambia County will cooperate with 
federal, state, and local agencies in their efforts to clean up water bodies within 
and adjoining the County that have shown a documented decline in water 
quality and decreased suitability for indigenous aquatic life. Such cooperation 
will include, but not be limited to, sharing of information and coordination with 
adjacent jurisdictions on applications for funding of cleanup and enhancement 
efforts in these areas.  
 
CON 1.3.6 Wetland Development Provisions. Development in wetlands will 
not be allowed unless sufficient uplands do not exist to avoid a taking. In this 
case, development in wetlands will be restricted to allow residential density uses 
as indicated by the LDC: 
 
a. With the exception of water-dependent uses, commercial and 
industrial land uses will not be located in wetlands that have a high 
degree of hydrological or biological significance, including the 
following types of wetlands: 
1. Wetlands that are contiguous to Class II or Outstanding  
    Florida Waters; 
2. Wetlands located in the FEMA Special Flood Hazard  
    Areas; 
3. Wetlands that have a high degree of biodiversity (three or 
more focal species) or habitat value based on maps 
prepared by the FFWCC or Florida Natural Areas 
Inventory (see attached maps adopted as part of the 
comprehensive plan), unless a site survey demonstrates 
that there are no listed plant or animal species on the 
site. The Escambia County Biodiversity Hot Spots Map 
and the Escambia County Critical Habitat Map are 
attached to this Plan as Exhibits O and P, respectively. 
 
OBJ CON 1.4 Groundwater Resources 
 
Protect and conserve the quality and quantity of groundwater resources to 
ensure public health and safety as well as adequate potable water supplies. 
 

CP12:4 
 
 
POLICIES  
 
CON 1.4.1 Wellhead Protection. Escambia County will provide comprehensive 
wellhead protection from potential adverse impacts to current and future public 
water supplies. The provisions will establish specific wellhead protection areas 
and address incompatible land uses, including prohibited activities and materials, 
within those areas. 
 
CON 1.4.2 County Facilities Procedures. Escambia County will establish and 
implement standard operating procedures at all County-operated facilities that 
use, store, or dispose of materials that have the potential to contaminate 
groundwater if improperly handled.

ESCAMBIA COUNTY 
COMPREHENSIVE PLAN 
 
 
 
2030 
 
 
 
 
 
1/08/26  
 
 

CP1:1 
 
 
Table of Contents 
 
Part II of the Escambia County Code of Ordinances (1999), the Escambia County 
Comprehensive Plan, as amended, is further amended to read as set forth on the 
following pages attached hereto, which includes the following chapters: 
 
Chapter 1: Legal 
Chapter 2: Administration 
Chapter 3: Definitions 
Chapter 4: Public Participation 
Chapter 5: General Requirements 
Chapter 6: Concurrency Management System 
Chapter 7: Future Land Use 
Chapter 8: Mobility 
Chapter 9: Housing 
Chapter 10: Infrastructure 
Chapter 11: Coastal Management 
Chapter 12: Conservation 
Chapter 13: Recreation and Open Space 
Chapter 14: Intergovernmental Coordination Element; 
Chapter 15: Capital Improvement Element; 
Chapter 16: Escambia County Optional Sector Plan  
 
 
 
 
 
 
 
 
 
 
 
 
 
 
 
 
 
 
 
 
 
 
 
 
 
 
 
 
 
 
 
 
 
 

CP1:2 
 
 
Chapter 1 Legal. 
 
Section 1.01 Title. 
This ordinance shall be known as the “Escambia County Comprehensive Plan: 
2030"".  Additionally, the Escambia County Comprehensive Plan will be referred to 
as “The Plan.” 
 
Section 1.02 Jurisdiction. 
The lands subject to this ordinance shall include all unincorporated areas of 
Escambia County. 
 
Section 1.03 Intent. 
It is the intent of this Plan to provide orderly growth management for those areas 
identified in Section 1.02 above. This ordinance is not intended to terminate 
growth but rather to provide mechanisms for growth management in order to 
serve the citizens, visitors and property owners of Escambia County. 
Implementation of this ordinance is designed to maintain and improve the quality 
of life for all citizens of the county. 
 
The Board of County Commissioners of Escambia County finds that the goals, 
objectives, policies and regulations set forth hereunder are a necessary and 
proper means for planning and regulating the development and use of land in the 
county and for otherwise protecting and promoting the public health, safety, and 
general welfare of its citizens. It is the intent of this Comprehensive Plan to set 
general guidelines and principles concerning its purposes and contents and that 
this Plan shall be construed broadly to accomplish its stated purposes and 
objective. 
 
Section 1.04 Effect on previous plan. 
This Comprehensive Plan supersedes and replaces the Escambia County 
Comprehensive Plan, which was adopted by the Board of County 
Commissioners on October 20, 1993, as amended. 
 

CP2:1 
 
 
Chapter 2 Administration. 
 
Section 2.01 Local Planning Agency. 
(1) The Escambia County Planning Board is hereby established by the Board of 
County Commissioners (BCC) of Escambia County as the Local Planning 
Agency (LPA). 
 
(2) Duties: The duties of the LPA will be as specified in Florida Statutes 
and include: 
 
a. 
Prepare the plan and make recommendations to the BCC 
regarding the adoption of the plan; 
b. 
Monitor the effectiveness and status of implementation of the 
comprehensive plan and recommend to the BCC any changes in 
the plan that may, from time to time, be required; 
c. 
Monitor, review and prepare periodic reports required by Florida 
Statutes, including regular assessments of the plan; 
d. 
Review any proposed land development regulations, codes or 
amendments thereto and make recommendations to the BCC as to 
the consistency of proposed regulations, codes, or amendments 
with the Comprehensive Plan; 
e. 
Perform any other function, duty, or responsibility assigned to it 
by the BCC or by general or special law; and, 
f. 
Additional duties and responsibilities may be placed upon the LPA 
by inclusion of such duties and responsibilities within the Land 
Development Code (LDC).","Based on the provided excerpts from the Escambia County Comprehensive Plan, the following policies address the preservation of natural areas, wetlands, or environmentally sensitive lands:

1. **Inventory of environmentally sensitive lands**: Escambia County will inventory the County's environmentally sensitive lands, as defined in Chapter 3, Definitions. [Escambia County, p. 75]
2. **Wetland and habitat indicators**: Escambia County has adopted and will use the National Wetlands Inventory Map, the Escambia County Soils Survey, and the FFWCC Land Satellite (LANDSAT) imagery as indicators of the potential presence of wetlands or listed wildlife habitat in the review of applications for development approval. [Escambia County, p. 75]
3. **Protection of existing natural reservations**: Escambia County will protect existing natural reservations, as identified in the Recreation and Open Space Element, or as may additionally be created by action of the federal, state, or County government. [Escambia County, p. 75]
4. **Habitat protection**: Escambia County will coordinate with the FDEP, FFWCC, and other state or federal agencies so as to provide the fullest protection to marine or wildlife habitats that may be impacted by existing or proposed development within the County. [Escambia County, p. 77]
5. **Public land acquisition**: Escambia County will seek to acquire additional areas for habitat protection and connected greenways. [Escambia County, p. 77]
6. **Public land restoration and enhancement**: Escambia County will continually work to restore and/or enhance degraded natural areas within publicly owned lands. [Escambia County, p. 77]
7. **Wetland development provisions**: Development in wetlands will not be allowed unless sufficient uplands do not exist to avoid a taking. In this case, development in wetlands will be restricted to allow residential density uses as indicated by the LDC. [Escambia County, p. 76]
8. **Wellhead protection**: Escambia County will provide comprehensive wellhead protection from potential adverse impacts to current and future public water supplies. [Escambia County, p. 77]
9. **Protection of groundwater resources**: Escambia County will protect and conserve the quality and quantity of groundwater resources to ensure public health and safety as well as adequate potable water supplies. [Escambia County, p. 77]

These policies are enforceable, as they use the word ""shall"" or ""will"" to indicate a mandatory requirement."
"Does Flagler County require environmental surveys, habitat assessments, or species inventories before development approval?","4: The Flagler County Land Development Code Regulations (LDRs) 
continue to recognize non-conforming land uses and non-conforming lots of 
record, provide for their legal status and provide for the conversion of such 
situations to conforming land uses, where possible. 
 

 
Flagler County Comprehensive Plan 2010-2035 
 
A-Future Land Use 
July 6, 2011 
 Page A-13 
 
Objective A.1.3: On an on-going basis, Flagler County shall inventory review and 
analyze the possible innovative land development regulations  available and provide an 
assessment of their applicability within Flagler County. 
 
Policy A.1.3.1: By 2000, the County shall prepare a report which assesses the 
various innovative land development regulations available, and their short 
comings and advantages to Flagler County. 
 
Policy 3.2: Flagler County shall continue to review, adopt, and implement 
revisions to the Land Development Regulations (LDRs) in order to ensure that 
the regulations are up to date and reflect innovative methods of managing growth 
and encouraging the appropriate development in the appropriate location as 
deemed appropriate by the report in 2002. 
 
Policy A.1.3.32: Flagler County shall continue to encourage development under 
the “rural village” provisions of the Land Development Code that complies with 
the goal of sustainable, “Green” development through the use of innovative tools 
such as, but not limited to, Transfer of Development Rights (TDRs), residential 
clustering, mixed-use redevelopment of vacant commercial sites, and incentive 
programs emphasizing performance-based standards.  Should the County 
determine that a TDR program is necessary to implement this Policy, a 
comprehensive plan amendment shall be necessary to establish the standards 
and requirements for administering and reviewing the TDR program including: 
identification of the sending and receiving areas; identification of the density 
transfer rate; requiring that the receiving area has adequate public facilities to 
accommodate the transferred density; and that an easement or restrictive 
covenant be placed on lands from which the densities have been transferred. 
 
[NOTE: Objective 4 and supporting policies from the 2000-2010 Comprehensive 
Plan are now located in the Conservation portion of the FLUE GOPs.] 

 
Flagler County Comprehensive Plan 2010-2035 
 
Page A-14 
July 6, 2011 
 A-Future Land Use  
 
 
Objective A.1.54: Flagler County shall coordinate future land uses with topography, soil 
conditions, and the availability of facilities and services through the implementation of its 
Comprehensive Plan, Land Development Regulations (LDRs), and Concurrency 
Management System. 
 
Policy A.1.54.1: During the review of requests for plan amendments, 
topography, vegetation, wildlife habitat, flood hazard, the 100-year flood plain, 
and soils for the areas to be amended will be analyzed and specific findings 
made as part of the plan amendment process. 
 
Policy A.1.54.2: The development and significance of topography, vegetation, 
wildlife habitat, flood hazard, the 100-year flood plain, and soils for specific 
development sites will be analyzed and their suitability determined as a specific 
finding during the Flagler County’s Development Review Process.

nces in 
the projections, but there are sufficient consistencies so that sound goals, objectives 
and policies can be developed and adopted in the Comprehensive Plan. Flagler County 
will continuously update the data as these organization update and improve their 
projections.  
The Flagler County Comprehensive Plan Elements are designed with goals, objectives 
and policies that are intended to prevent and discourage urban sprawl. Flagler County’s 
role will require greater coordination with the cities since the population projections 
show that the majority of the population will reside within the cities. This means that 
Flagler County and the other local governments need to provide for shared efforts for 
protecting and preserving valuable agricultural and natural resources.  
 
 
 

 
Flagler County Comprehensive Plan 2010-2035 
 
Overview and 
July 6, 2011 
Page 15 
Implementation 
V.  Administration of the Comprehensive Plan 
 
Implementation: The comprehensive plan attempts to address all of the significant 
issues consisting of protection of agricultural and natural resources; provision of a good 
quality life to residents and businesses; provision of affordable workforce housing; 
provision of effective emergency management; and efficient delivery of utilities and 
public services. The goals, objectives and policies provide the guidance to local leaders. 
The actual implementation of these goals, objectives and policies are contained in many 
different document and avenues. The following provides a guide as to how Flagler 
County has organized the implementation of the comprehensive plan. These are not the 
sole sources of implementation, but are the primary resources used by the elected 
officials and staff in the implementation of the comprehensive plan. 
 
Jurisdiction: The Flagler County Comprehensive Plan 2010-2035 provides for the 
planning of the unincorporated areas of Flagler County. Those areas under the 
jurisdiction of municipalities shall not be bound by the goals, objectives and policies 
established in the Flagler County Comprehensive Plan, unless otherwise directed by an 
adopted and approved joint planning agreement, interlocal agreement, memorandum of 
understanding, multi-jurisdictional development agreement or any other formally 
adopted agreement. There are goals, objectives and policies that incorporate 
coordination with other governmental and private entities. It is understood that all parties 
must agree to the method of implementation of these goals, objectives and policies and 
this may be out of the control of Flagler County.   
 
Interpretation: The Flagler County Comprehensive Plan addresses many complex 
issues that results in a variety of goals, objectives and policies. The issues addressed in 
the plan combined with the level of detail needed for these goals, objectives and 
policies can result in misunderstandings of the document. The Planning and Zoning 
Director, or that person’s designee, shall be the official interpreter of the Comprehensive 
Plan. If a fellow staff member, resident, development applicant or other person with 
standing on a particular issue requests an official clarification or interpretation of the 
Comprehensive Plan then it shall be referred to the Planning and Zoning Director. As 
such, the Planning and Zoning Director or the designee shall consult with the 
appropriate staff members to ensure that the most up-to-date information is used in 
making the staff’s official interpretation of the Comprehensive Plan.

DOT) to ensure that 
there is efficiency in the development of facilities and the delivery of services to 
Western Area 3.   
 
Objective A.2.17: Flagler County shall review the impacts of the minor rural subdivision 
regulations and the development of Agriculture and Timberland Future Land Use 
designated lands to protect and preserve the agricultural and natural resources within 
western Flagler County.  
 

 
Flagler County Comprehensive Plan 2010-2035 
 
A-Future Land Use 
July 6, 2011 
 Page A-37 
 
Policy A.2.17.1: Flagler County shall develop Land Development Regulations 
(LDRs) that encourage the development of residential clusters in appropriate 
locations if there is sufficient open space preserved such that agricultural and 
natural resources are protected and preserved.   
 
 
Western Area 4 (Daytona North): This area contains approximately 3,652 acres (see 
Map A.12) and follows the boundary of a plat originally designed in 1972 and titled 
Daytona North.  This is a pocket of one-acre residential sites primarily surrounded by 
agricultural lands.  The boundaries of the area are: County Road 302 (Canal Avenue) 
on the north; County Road 305 to the east; County Road 90 West (Tangerine Avenue) 
to the south; and Water Oak Road to the west. 
 
Objective A.2.18: Flagler County shall utilize the special district established for 
Daytona North to ensure a method of funding needed improvements in the Daytona 
North study area to assure the residents that their rural lifestyle will be protected. 
 
Policy A.2.18.1: The Flagler County Board of County Commissioners, working 
with the appropriate special district board, shall develop specific plans for the use 
of gas tax funds, special assessments, and other financial opportunities to 
improve and enhance the roads and drainage systems in the study area. 
 
 
 
Policy A.2.18.2: Flagler County will coordinate with the Flagler County Health 
Department and the Florida Department of Environmental Protection as part of 
the building permit review process. Flagler County shall issue permits for the 
construction of homes if the previously mentioned agencies approve well fields 
and septic tanks for the associated permit. Flagler County shall coordinate with 
these agencies to ensure that the residents of Daytona North are provided with 
safe sources of potable water and sanitary sewer (on-site septic tanks).  

 
Flagler County Comprehensive Plan 2010-2035 
 
Page A-38 
July 6, 2011 
 A-Future Land Use  
 
 
Policy A.2.18.3: Flagler County shall not pursue the installation of centralized 
water or sanitary sewer in the Daytona North study area unless there are 
documentable threats to the quality of groundwater and/or pollution created by 
the discharge of septic tanks. Flagler County shall pursue grants and other 
financial assistance for the residents of Daytona North if there are health or 
environmental safety problems that require that the County provide centralized 
water and sanitary sewer to the area. 
 
Western Area 5 (Flagler Estates): This area contains approximately 2,771 acres (see 
Map A.13) and follows the boundary of an unrecorded plat originally designed in 1970.  
This is a pocket of approximately one-acre residential sites primarily surrounded by 
agricultural lands.  The boundaries of the area are: the St. Johns County boundary on 
the north; Amos Road to the east (unimproved); Potatoville Road to the south; and 
Connie Avenue (unimproved) to the west (dirt road).

industries, Flagler County recognizes 
the need to conduct a Countywide Land Use Study to support and implement the 

 
Flagler County Comprehensive Plan 2010-2035 
 
Page A-42 
July 6, 2011 
 A-Future Land Use  
 
strategies set forth in the Countywide Strategic Plan for Economic Development. 
The Countywide Land Use Study will re-evaluate land use allocations to support 
a more diversified economic base, determine land use siting requirements for 
targeted businesses and industries.   Flagler County shall obtain input from the 
City of Bunnell, City of Palm Coast, Flagler County Chamber of Commerce and 
Enterprise Flagler during the preparation of the study.  The County shall 
complete 
the 
Study 
and 
recommend 
appropriate 
amendment 
to 
its 
Comprehensive Plan by December 2006. 
 
Interim Siting Criteria 
 
Flagler County recognizes that land use must necessarily evolve in 
response to changing economic community conditions and that areas 
previously planned for Industrial, Agriculture or other non-residential land 
use may no longer be suitable for such uses.  In considering requests for 
land use amendments, Flagler County shall apply the following siting and 
compatibility criteria during the interim period prior to the implementation 
of the Countywide Land Use Study: 
 
1) 
Areas designated as Industrial on the Future Land Use Map shall 
be considered appropriate for change of land use when one or 
more of the following conditions exist: 
 
A. Site does not meet one or more of the following location/siting 
criteria: 
1) direct access or proximate access to I-95; 
2) access to the FEC railroad; 
3) proximity to Flagler County Airport; 
4) proximity to supporting services, related industries and 
existing industrial parks. 
B. Lack of existing or planned supporting infrastructure; 

 
Flagler County Comprehensive Plan 2010-2035 
 
A-Future Land Use 
July 6, 2011 
 Page A-43 
 
C. Site has remained undeveloped for more than 20 years or, if 
located within a designated industrial park, a significant portion 
of the park has remained undeveloped for more than 20 years; 
D. Alternative industrially-designated lands are available to meet 
projected industrial land use needs on a Countywide basis; 
E. Proposed land use or uses depend on similar locational criteria 
for functional needs, i.e., fly-in developments near a runway, 
business hotels near the interstate, etc. 
 
2) 
Residential land use categories may be considered compatible with 
adjacent existing industrial uses and with adjacent Industrial future 
land use designations, provided buffers are utilized as described in 
Objective 13 of the Future Land Use Element and its related 
policies. 
 
3) 
Flagler County recognizes that Palm Coast Intracoastal Industrial 
Park is appropriate for a transition in land use and is no longer 
suitable for the Industrial land use designation because it includes 
significant vacant lands that have not functioned with Industrial use 
during the past 20 years and it does not meet the industrial siting 
criteria set forth above.  Land Use amendments to change the land 
use designation from Industrial to alternative land use categories, 
such as Residential and Mixed Use land use categories, shall be 
deemed consistent with the compatibility criteria set forth in this 
policy.

Flagler County Comprehensive Plan 2010-2035 
July 6, 2011 
 
 
Flagler County Comprehensive Plan 2010-2035 
Flagler County, Florida 
 
 
 
 
 
 
 
 
 
 
 
 
 
 
 
 
 
Adopted: July 6, 2011 
 
 

 
 
Flagler County Comprehensive Plan 2010-2035 
 
 
July 6, 2011 
 
 
 
 
 
 
 
 
 
 
 
 
 
 
 
 
 
 
 
 
 
 
 
 
 
 
 
PAGE INTENTIONALLY BLANK 
 

Flagler County Comprehensive Plan 2010-2035 
July 6, 2011 
 
-- 
Overview and Implementation 
A 
Future Land Use Element 
B 
Transportation Element 
C 
Housing Element 
D 
Infrastructure Element 
E 
Coastal Management Element 
F 
Conservation Element 
G 
Economic Development Element 
H 
Recreation and Open Space Element 
I 
Intergovernmental Coordination Element 
J 
Capital Improvements Element 
K 
Public Schools Facilities Element 
 
 

 
 
Flagler County Comprehensive Plan 2010-2035 
 
 
July 6, 2011 
 
 
 
 
 
 
 
 
 
 
 
 
 
 
 
 
 
 
 
 
 
 
 
 
 
 
PAGE INTENTIONALLY BLANK 

 
Flagler County Comprehensive Plan 2010-2035 
 
Overview and Implementation 
July 6, 2011 
Page i 
 
Flagler County Comprehensive Plan 2010-2035 
Flagler County, Florida 
 
Overview and Implementation 
 
 
 
 
 
 
 
 
 
 
 
 
 
 
 
 
 
 
 
 
 
 
 
Adopted July 6, 2011 
 
 
 
 
 

 
Flagler County Comprehensive Plan 2010-2035 
 
Page ii 
July 6, 2011 
 Overview and Implementation 
  
 
 
 
 
 
 
 
 
 
 
 
 
PAGE INTENTIONALLY BLANK 
 
 

 
Flagler County Comprehensive Plan 2010-2035 
 
Overview and Implementation 
July 6, 2011 
Page iii 
 
OVERVIEW AND IMPLEMENTATION 
Table of Contents 
Item 
Page 
Number 
I.  Introduction 
1
II.  Geographic Setting and Historical Trends 
3
III.  Guiding Principles 
6
IV.  Demographic Information   
13
V.  Administration of the Comprehensive Plan
15
 
 
 
List of Tables 
Table No. and Name 
Page 
Number 
Table 1. Population Change 2000 to 2009 
13
Table 2. Population Projections 2010 to 2035 
13
Table 3. Peak Resident and Non-Resident Population for Flagler County 
14
Table 4.  Flagler County Residential Dwelling Unit Estimates and Projections 
14
Table 5. Comprehensive Plan Implementation 
16
Table 7. List of Acronyms 
17 
 
 
List of Maps 
Map No. and Name 
Page 
Number 
Map 1. Northeast Florida Regional Map 
33
Map 2. Major Geographic Regions and Study Areas 
35
Map 3. General Urban and Rural Areas, Flagler County, 2010
37 
 
 
 
 
 
 
 
 

 
Flagler County Comprehensive Plan 2010-2035 
 
Page iv 
July 6, 2011 
 Overview and Implementation 
  
 
 
 
 
 
 
 
 
 
 
 
 
 
 
 
 
 
 
 
 
 
 
REMAINDER OF PAGE INTENTIONALLY BLANK 
 

 
Flagler County Comprehensive Plan 2010-2035 
 
Overview and 
July 6, 2011 
Page 1 
Implementation 
 
 
I.  Introduction 
 
The Flagler County Comprehensive Plan 2010-2035 provides for the planning of the 
unincorporated areas of Flagler County.  Those areas under the jurisdiction of 
municipalities shall not be bound by the goals, objectives and policies established in the 
Flagler County Comprehensive Plan, unless otherwise directed by an adopted and 
approved 
joint 
planning 
agreement, 
interlocal 
agreement, 
memorandum 
of 
understanding, multi-jurisdictional development agreement or any other formally 
adopted agreement.   
 
The overriding purpose for a Comprehensive Plan is to provide a prediction of future 
events within the planning horizon and to ensure that the affected local government has 
the capabilities to accommodate and address changes in the future.  Additionally, a 
Comprehensive Plan provides assistance to elected leaders in making decisions in the 
overall operation of their jurisdiction.  In sum, a Comprehensive Plan should provide 
residents, business owners, and other local leaders with the Goals, Objectives, and 
Policies to manage the man-made and natural resources of the area in order for that 
area to remain sustainable.","Based on the provided excerpts from the Flagler County Comprehensive Plan, it appears that Flagler County does not explicitly require environmental surveys, habitat assessments, or species inventories before development approval.

However, there are some policies that suggest a consideration of environmental factors during the development review process. For example:

* Policy A.1.54.1 states that during the review of requests for plan amendments, topography, vegetation, wildlife habitat, flood hazard, the 100-year flood plain, and soils for the areas to be amended will be analyzed and specific findings made as part of the plan amendment process. [Flagler County, p. A-14]
* Policy A.1.54.2 states that the development and significance of topography, vegetation, wildlife habitat, flood hazard, the 100-year flood plain, and soils for specific development sites will be analyzed and their suitability determined as a specific finding during the Flagler County's Development Review Process. [Flagler County, p. A-14]
* Policy A.2.18.2 states that Flagler County will coordinate with the Flagler County Health Department and the Florida Department of Environmental Protection as part of the building permit review process. Flagler County shall issue permits for the construction of homes if the previously mentioned agencies approve well fields and septic tanks for the associated permit. [Flagler County, p. A-38]

These policies suggest that environmental factors will be considered during the development review process, but they do not explicitly require environmental surveys, habitat assessments, or species inventories.

It's worth noting that the Flagler County Comprehensive Plan does not have a specific policy that requires environmental surveys, habitat assessments, or species inventories before development approval. Therefore, it appears that these requirements are not explicitly mandated by the plan.

In summary, while the Flagler County Comprehensive Plan does consider environmental factors during the development review process, it does not explicitly require environmental surveys, habitat assessments, or species inventories before development approval. [Flagler County, pp. A-14, A-38]"
What conservation land acquisition or conservation easement language appears in Franklin County's comprehensive plan?,"LAND USE 
 
GOALS, OBJECTIVES, AND POLICIES 
 
 
I-1 
GOAL 
 
ENSURE THAT THE CHARACTER AND LOCATION OF LAND USES IN FRANKLIN 
COUNTY MINIMIZE THE THREAT TO THE NATURAL ENVIRONMENT OR PUBLIC 
HEALTH, SAFETY, AND WELFARE, AND MAXIMIZE THE PROTECTION OF THE  
APALACHICOLA BAY, WHILE RESPECTING INDIVIDUAL PROPERTY RIGHTS. 
 
OBJECTIVE 1 
Future development activities shall be directed to appropriate areas as depicted on the 
Future Land Use Maps to assure that soil conditions, topography, drainage, and natural 
conditions are suitable for development and adequate public facilities are available, and the 
Apalachicola Bay is protected from harmful impacts. 
 
Policy 1.1  The Future Land Use Maps will be reviewed to be sure that adequate 
infrastructure is in place before areas are permitted for development. Adequate 
infrastructure is defined as the infrastructure necessary to maintain the adopted levels of 
service in this plan. The County shall not issue development orders that will degrade the 
existing levels of service below that level adopted as the minimum in this Comprehensive 
Plan. 
 
Policy 1.2 The Future Land Use Maps will be reviewed to insure that the proposed uses, in 
the various categories, do not conflict with the prevailing natural conditions including: 
 
(a) SOIL CONDITIONS - When the US. Soil Conservation Service completes and 
publishes the maps of their soil survey for Franklin County the County will coordinate the 
land use maps with the soil survey maps to ensure that areas proposed for development 
have soils suitable to support the proposed development. 
 
(b) TOPOGRAPHY - Areas of excessive topographical relief shall be classified for 
low density development. 
 
(c) DRAINAGE - Natural drainage features will be protected and preserved to ensure 
the continuation of their natural function. 
 
 
(d) WETLANDS -  No development will be allowed within 50 feet of wetlands, except 
as allowed pursuant to Policies 1.6 and 1.7 of this element, Policies 1.1, 1.2, and 1.5 of the 
Coastal Conservation Element or as provided in paragraphs 1-6, below.   
 
 
 
1. Wetlands in Franklin County, defined as all areas determined to be jurisdictional by 
DEP under section 373.019(22) Florida Statutes and Chapter 62-340 Florida 
Administrative Code, are classified as either low or high quality. Low quality 
wetlands are further defined as a.) jurisdictional wetlands planted in pine or 

LAND USE 
 
GOALS, OBJECTIVES, AND POLICIES 
 
 
I-2 
otherwise disturbed by silviculture activities b.) ditches, man made canals and 
borrow pits and c.)  timber roads, utility rights-of-way, and existing trails within 
wetland jurisdictional areas. High quality wetlands are all other jurisdictional areas. 
 
2. High quality wetlands shall be afforded a higher level of protection than low quality 
wetlands. 
 
3. High quality wetlands shall be buffered by a 50’ vegetated perimeter.  
 
4. Development within high quality wetlands and their 50’ perimeter shall be prohibited 
except for road crossings and minor encroachments for utilities and their 
maintenance, recreational trails and paths, water access, wetland maintenance and 
restoration as permitted by the regulatory agency with wetland jurisdiction.

rental signs smaller than 12 square 
feet shall be allowed in any district as long as the sign is placed on-premises. 
 
(c) regulate areas subject to flooding. The County shall enact an ordinance which 
shall regulate construction in areas subject to seasonal and periodic flooding. This 
ordinance, which shall adopt the Federal Insurance Rate Maps for Franklin County dated 
July 18, 1983 promulgated by the Federal Emergency Management Agency, shall provide 
for the enforcement of building regulations that will make the County eligible to participate 
in the Federal Flood Insurance Program. 
 
(d) provide for on site parking and traffic flow. Industrial and commercial 
developments must provide on site parking according to standards established in the 
Franklin County Zoning Ordinance. 
 
( e) Provide for drainage and stormwater management. All commercial and industrial 
development shall be required to submit a stormwater management plan. Subdivisions 
shall include adequate provisions for drainage. 
 
(f) provide for adequate open space. In residential districts there shall be a setback 
from any public or private road of 25 feet, and from any other property line of 10 feet. 
 
(g) Protect potable water wellfields and aquifer recharge areas. There shall be no 
underground storage tanks permitted within 200 feet of public or private water system water 
wells. 
 
Policy 2.2 Land development regulations adopted to implement this plan shall be 
established for the following categories: 
 
(a) Conservation: This category shall provide for the long term management and 
protection of land for wildlife management, environmental protection and resource based 
recreation. Structural development is allowed in accordance with appropriate state and 
federal agencies' management plans. The location of these lands is mapped on the Future 
land Use Map series. 
The intensity standard for conservation shall be 0 dwelling units per acre. 
Residential uses are prohibited except for those necessary for the supervision of the 
resource. 
 
(b) Recreation: This category of land use shall protect the natural resources of the 
county while maintaining recreational activities for residents. Lands in this land-use 
category may permit the following uses - open space, picnic areas and facilities, restroom 
facilities, camping, boat ramps, and other recreational facilities. The location of these lands 
is mapped on the Future Land Use Map series. 
The intensity standard for recreation land shall be 0 dwelling units per acre and 

LAND USE 
 
GOALS, OBJECTIVES, AND POLICIES 
 
 
I-6 
floor-to-area ratio (FAR) of not more than 0.10. Residential uses are prohibited except for 
those necessary for the supervision of the resource.   
 
(c) Agricultural: This category of land use shall protect agricultural and forestry lands 
from urban development. This category shall permit agricultural and forestry related 
activities to function economically while protecting the environmental integrity of 
Apalachicola Bay and other surface waters from the impacts of urban development. 
Forestry operations and such accessory uses as are incidental to forestry operations 
are permitted uses. Maximum residential density is one unit per forty acres of land. The 
location of these lands is delineated on the Future Land Use Map series.

elopment. The purpose of this is to maximize groundwater 
recharge. 
 
Policy 4.3  The County will coordinate with local, regional, state, and federal agencies to 
achieve regional aquifer recharge protection objectives. The County's land development 
regulations, will include provisions to protect aquifer recharge areas. These provisions will 
include limits to impervious lot coverage in recharge areas, and restrictions on land uses 
that have the potential to contaminate the aquifer. 
 
OBJECTIVE 5  
The County shall restrict the alteration of natural drainage features. 
 
Policy 5.1  Franklin County will continue to enforce the existing Critical Shoreline Ordinance 
to protect the function of existing natural drainage features. 
 

INFRASTRUCTURE 
 
GOALS, OBJECTIVES, AND POLICIES 
 
 
IV-6 
OBJECTIVE 6 
By 2007, Franklin County shall enact a plan for conserving potable water resources.  At a 
minimum this plan shall encourage xeriscaping, water re-use, and water conserving fixtures 
in public areas. 
 
Policy 6.1  Potable water conservation strategies will emphasize the reduction in non-
essential potable water use including lawn watering and car washing. 
 
Policy 6.2  The building code will be revised to require the use of water conserving 
plumbing fixtures. 
 
Policy 6.3  In addition to Polices 6.1 and 6.2 of the Public Facilities Element, the County 
shall maximize the use of existing potable water facilities, discourage urban sprawl, and 
conserve potable water facilities by implementing Polices 1.3 and  1.5 of the Future Land 
Use Element. 
 
OBJECTIVE 7.  The County shall protect the potable water supply of its citizens.   
 
Policy 7.1  Unless otherwise provided in this plan, all development in Franklin County shall 
comply with the  Franklin County Well Field Protection Ordinance and must be reviewed by 
the County Planning and Zoning Commission to insure compliance.  Activities within the 
Well Field Protection Ordinance shall be regulated by said Ordinance, or as otherwise 
provided in this plan.  (See Ordinance 92-9, 1992) 
 
Policy 7.2  The well field protection area adopted by Franklin County consists of two zones 
requiring different levels of protections.  The protection zones, including the size of each 
zone and applicable restrictions, as specified in the development regulations, will include, 
at a minimum, the following general requirements: 
 
1. Primary Zone – the innermost zone surrounding the wellhead(s) requiring the 
strictest restrictions.  Within the primary zone, that area located in the 
unincorporated portion of the County and within a two hundred (200) foot radius of 
a wellhead, no person shall discharge a hazardous substance, no landfills are 
permitted, no feed lots are permitted, and no wastewater treatment facilities are 
permitted. No land within the primary protection zone that is currently not 
commercial or industrial will be allowed to be reclassified as commercial or 
industrial.   
 
2. Secondary Zone – the zone surrounding the primary zone (1000” radius of a 
wellhead) shall provide restrictions on activities associated with hazardous 
materials.    
 

COASTAL/CONSERVATION 
 
GOALS, OBJECTIVES, AND POLICES 
 
 
GOAL I 
BALANCING GROWTH AND COASTAL RESOURCES – THE NATURAL AND 
HISTORIC RESOURCES OF THE COASTAL AREA SHALL BE PRESERVED, 
PROTECTED OR ENHANCED AS THE DEVELOPMENT PROPOSED IN THE 
FUTURE LAND USE ELEMENT OCCURS. 9J5.012 3(a) 
 
 OBJECTIVE 1 
 The wetlands of Franklin County shall be conserved and protected such that no net loss 
(after mitigation) shall occur. 9J5. 012 (3) (b) 1, (2); ( 2) ( B) (3)

ve Plan shall be amended if necessary. 

INTERGOVERNMENTAL COORDINATION 
 
GOALS, OBJECTIVES, AND POLICIES 
 
 
 
POLICY 3.7:  If the recommendation is rejected, Franklin County, at the discretion of the 
Board of County Commissioners, shall seek more formal means of resolution. 
 
POLICY  3.8: The Board of County Commissioners shall seek  to establish a task force to 
analyze the permitting process of lands under multi-governmental jurisdiction by 1992. The 
focus of the task force shall be lands adjacent to wetlands and waterways with the intent to 
improve the permitting process. The Planning Director shall sit as chairman of the task 
force and membership of the task force shall be limited to the affected regulatory agencies. 
The task force shall present its findings to the Board. 
 
OBJECTIVE 4 
Adopt alternative policies to address special issues or issues which have not been resolved 
through other mechanisms, including unresolved stormwater and wastewater issues raised 
by the ACBC program. 
 
POLICY 4.1: Franklin County shall seek resolution of conflicts with municipalities and 
adjacent counties by using the Apalachee Regional Planning Council Mediation Process. 
 
POLICY 4.2: Franklin County Board of County Commissioners shall seek to develop 
mechanisms to resolve disputes with state agencies and in regard to the ACBC program 
the Board will participate in the Resource and Planning Committee meetings and will take 
into consideration the recommendations of the Committee regards to disputes between the 
county and state agencies. 
 
POLICY  4.3: Franklin County shall allows the Apalachicola National Estuarine Reserve to 
coordinate with agencies having jurisdictional authority over their prospective land holdings 
on the location of threatened and endangered species that will be impacted by future 
development on property contiguous with the portion of the Reserve where the threatened 
and endangered species naturally exist.  
 
POLICY 4.4: Franklin County shall continue to coordinate with the relevant state agencies 
on the implementation of the guiding principles of Chapter 380.0555, F.S. Coordination 
shall be accomplished in two ways: (1) By requiring that, when applicable, permits from 
state and federal agencies accompany any application for development approval before the 
County issues an order authorizing development; and (2) by meeting at least semiannually 
with an interagency group of state and regional agencies to discuss the status of progress 
made toward de-designation, to identify work that remains to be done or areas where 
improved coordination in the permit review and approval process is possible, and to 
request technical assistance from the appropriate state agencies on work items related to 
de-designation and implementation of the County's growth management program. 
 

INTERGOVERNMENTAL COORDINATION 
 
GOALS, OBJECTIVES, AND POLICIES 
 
 
POLICY 4.5: Franklin County shall request the assistance of the Apalachee Regional 
Council in resolving disputes with state agencies. 
 
 
 
OBJECTIVE 5 
Franklin County shall coordinate the comprehensive plan with the plans of the Franklin 
County School Board, other units of government providing services but not having 
regulatory authority over the use of land, and with the comprehensive plans of adjacent 
counties by implementing the following policies.

ll residential zoning districts. 
 
POLICY 6.2 The County shall provide information on zoning, land use, potential sources 
of funding, and relevant county and state regulations to private and non-profit groups 
who wish to develop group home facilities within Franklin County. 
 
III-4 

HOUSING 
 
GOALS, OBJECTIVES, AND POLICIES 
 
Policy 6.3  The County shall encourage the use of HUD, Section 202, low-interest loan 
funds by offering land grants or density bonuses to private or public non-profit 
organizations to establish group housing in Franklin County. 
 
 
OBJECTIVE #7 
Historically significant housing in Franklin County will be identified, preserved, and 
protected for residential uses. This objective will be accomplished by fulfilling the 
following policies. 9J-5.010(3)(b)5 
 
 
POLICY 7.1  The County in conjunction with interested private groups and state 
agencies  has  completed a survey of historically significant housing in the county. 
 
POLICY 7.2 Through the appropriate residential zoning (single family, multi-family) and 
continued residential land use the county will insure the residential character of 
historically significant housing. 
 
OBJECTIVE #8 
Franklin County will conserve the existing housing stock, rehabilitate substandard 
housing, and demolish dilapidated housing that can not be rehabilitated through the 
programs listed in Policies 8.1 through 8.3. 9J-5.010(3)(b)5 
 
 
POLICY 8.1 Schedule and concentrate public infrastructure and supporting facilities and 
services to upgrade the quality of existing neighborhoods. 
 
POLICY 8.2  Encourage individual homeowners to increase private reinvestment in 
housing by providing information, technical assistance programs, and financial 
assistance and incentives. 
 
OBJECTIVE #9 
Provide housing developments with adequate services as established in the Public 
Facilities, Recreation, and Traffic Circulation Elements yet maintain the rural character 
of Franklin County to ensure the protection of environmentally sensitive natural 
resources. This objective will be accomplished by fulfilling the following policies. 
 
POLICY 9.1 Maintain residential densities one unit per acre for developments served by 
septic tanks or alternative wastewater treatment systems. The only exception shall be 
for lots platted before 1978 when the zoning ordinance requiring one acre lots went into 
effect. 
 
POLICY 9.2 Allow residential development at densities greater than one unit per acre 
only in areas serviced by centralized wastewater and potable water system, except for 
lots platted before 1978. 
III-5 

HOUSING 
 
GOALS, OBJECTIVES, AND POLICIES 
 
 
 
POLICY 9.3 Continue to implement the provisions of the Critical Shoreline District so 
that coastal and wetlands habitat can coexist with residential development. 
 
OBJECTIVE #10 
Eliminate discrimination in housing based on age, race, sex, religion, national origin, or 
physical handicap.  This objective will be accomplished by fulfilling the following 
policies. 
 
POLICY 10.1  Continue to implement the County Fair Housing Ordinance. 
 
POLICY 10.2 Continue to inform those businesses and governmental agencies involved 
in the financing or leasing of housing of the need to prohibit discriminatory practices 
within their housing delivery system. 
 
OBJECTIVE #11 
The County will continue with the current private system of making housing available to 
residents of Franklin County. This objective will be accomplished by fulfilling the 
following policies. 9J-5.010(3)(b)7","Based on the provided excerpts from the Franklin County Comprehensive Plan, the following conservation land acquisition or conservation easement language appears:

1. **Conservation of Wetlands**: The plan aims to conserve and protect wetlands in Franklin County, with no net loss (after mitigation) to occur. [Franklin County, pp. 65-67]
2. **Protection of High-Quality Wetlands**: High-quality wetlands shall be afforded a higher level of protection than low-quality wetlands, with a 50' vegetated perimeter buffer. Development within high-quality wetlands and their 50' perimeter shall be prohibited except for specific purposes. [Franklin County, pp. 1-2]
3. **Conservation of Aquifer Recharge Areas**: The County will coordinate with local, regional, state, and federal agencies to achieve regional aquifer recharge protection objectives. The County's land development regulations will include provisions to protect aquifer recharge areas, including limits to impervious lot coverage and restrictions on land uses that have the potential to contaminate the aquifer. [Franklin County, pp. 38-40]
4. **Protection of Natural Drainage Features**: The County shall restrict the alteration of natural drainage features, and Franklin County will continue to enforce the existing Critical Shoreline Ordinance to protect the function of existing natural drainage features. [Franklin County, pp. 38-40]
5. **Conservation of Potable Water Resources**: By 2007, Franklin County shall enact a plan for conserving potable water resources, which shall encourage xeriscaping, water re-use, and water-conserving fixtures in public areas. [Franklin County, pp. 38-40]
6. **Protection of Well Fields**: All development in Franklin County shall comply with the Franklin County Well Field Protection Ordinance, and activities within the well field protection area shall be regulated by said ordinance. [Franklin County, pp. 38-40]
7. **Conservation of Coastal Resources**: The natural and historic resources of the coastal area shall be preserved, protected, or enhanced as development occurs in the Future Land Use Element. [Franklin County, pp. 65-67]

These policies aim to conserve and protect various natural resources, including wetlands, aquifer recharge areas, natural drainage features, potable water resources, well fields, and coastal resources."
"Does Gadsden County mention wildlife habitat protection, ecological corridors, or connected greenways?","GADSDEN COUNTY COMPREHENSIVE PLAN  
2015-2025 
 
 
 
 
GADSDEN COUNTY BOARD OF COUNTY COMMISSIONERS 
 
Eric Hinson, District 1 
Anthony O. Viegbesie, Phd., District 2 
Gene Morgan, District 3 
Brenda A. Holt, District 4  
Sherrie Taylor, District 5 
Robert Presnell, County Administrator 
David Weiss, County Attorney 
 
 
 
GADSDEN COUNTY PLANNING COMMISSION 
 
William Chukes, District 1 
 John Youmans, District 2 
Gerald McSwain, District 2 
Frank Rowan, District 3 
Libby Henderson, District 3 
Ed Dixon, District 4 
Dr. Gail Bridges-Bright, District 4 
Lori Bouie, District 5 
Regina M. Davis, At-Large 
Roger Milton, School Board Representative 
 
  
 
  
 
 
 
1B East Jefferson Street 
Post Office Box 1799 
Quincy, Florida 32353-1799 
(850) 875-8663 
 
 
 
 
 
TABLE OF CONTENTS 
 

 
EXECUTIVE SUMMARY 
iii 
CITIZEN PARTICIPATION PLAN 
iv 
FUTURE LAND USE ELEMENT  
FLU-1 
TRAFFIC CIRCULATION ELEMENT 
TCE-1 
HOUSING ELEMENT 
HOU-1 
INFRASTRUCTURE ELEMENT 
INF-1 
CONSERVATION ELEMENT 
CON-1 
RECREATION AND OPEN SPACE ELEMENT 
REC-1 
INTERGOVERNMENTAL COORDINATION ELEMENT 
ICE-1 
CAPITAL IMPROVEMENTS ELEMENT 
CIE-1 
CONCURRENCY MANAGEMENT SYSTEM 
CMS-1 
     
 
 
LIST OF MAPS 
 
Number 
 
 
EXHIBIT-1 
EXISTING LAND-USE MAP 
EXHIBIT-2 
FUTURE LAND-USE MAP 
EXHIBIT-3 
EXISTING TRANSPORTATION MAP 
EXHIBIT-4 
FUTURE TRANSPORTATION MAP 
EXHIBIT-4-a PROPOSED BY-PASS 
EXHIBIT-5 
AIRPORTS AND RAIL LINES 
EXHIBIT-6 
SCHOOLS 
EXHIBIT-7 
CENTRAL WATER AND SEWER SYSTEMS 
EXHIBIT-8 
DEVELOPED AREAS 
EXHIBIT-9 
GENERAL SOIL ASSOCIATIONS 
EXHIBIT-10 SOIL LIMITATIONS ON DEVELOPMENT 
EXHIBIT-11 MAJOR WATERSHEDS 
EXHIBIT-12 FEMA FLOOD ZONES 
EXHIBIT-13 WETLANDS 
EXHIBIT-14 PROPOSED CONSERVATION LANDS 
EXHIBIT-15 HISTORICAL STRUCTURES AND SITES 
EXHIBIT-16 GEOLOGICAL FORMATIONS AND MINERAL RESOURCES 
EXHIBIT-17 RECREATIONAL SERVICE AREAS 
EXHIBIT-18 HAZARDOUS MATERIAL LOCATIONS 
 
 
 
 
 

 Future Land Use Element l Gadsden County Comprehensive Plan    
August 2, 2016  
Page 1 of 16  
  
 
FUTURE LAND USE ELEMENT 
 
The purpose of the Future Land Use Element and accompanying Future Land Use Map 
is to designate the future general distribution, location, and extent of the use of land 
within the unincorporated areas of Gadsden County.  
 
GOAL 1A: PROVIDE A SYSTEM FOR ORDERLY GROWTH AND DEVELOPMENT 
 
Objective 1.1: Provide for certainty in growth and development through the 
adoption of the Future Land Use Map and Future Land Use categories.  
 
Policy 1.1.1: Gadsden County shall regulate the use of land through the adopted land 
use categories as follows.  The Future Land Use Map (Exhibit 1) shall be used to 
determine the location and extent of development within Gadsden County.  
 
A. Historical 
 
1) Purpose and Intent – This category is intended to provide for preservation 
and protection of historically significant areas and structures within Gadsden 
County.  
2) Designation Criteria – Sites or districts that have been listed on the National 
Register of Historic Places, or have been deemed historically significant by 
ordinance by the Board of County Commissioners.  
3) Density – As determined to be historically existing.  
4) Intensity – As determined to be historically existing. 
5) Impervious Surface Area – What has been historically developed on the site 
or the average of the historic development within a quarter mile diameter of 
the site except the centralized utilities uses are exempted from impervious 
surface requirements? 
6) Allowable Uses – Centralized utilities; houses of worship; commercial; 
agricultural; educational facilities; residential. 
7) Development Restrictions – Anything that historically alters the site or 
structure, other than routine maintenance or what is necessary to eradicate a 
public hazard, is strictly prohibited.

Conservation Element ǀ Gadsden County Comprehensive Plan          September 18, 2018                          
 
       Page 1 of 9 
CONSERVATION ELEMENT 
 
INTRODUCTION 
 
The purpose of the Conservation Element is to provide for the conservation, use and 
protection of the County’s natural resources.  
 
GOAL 5A: MAINTAIN, PROTECT, AND ENHANCE NATURAL RESOURCES 
THROUGH APPROPRIATE MANAGEMENT. 
 
OBJECTIVE 5.1: Protect ambient air quality. 
 
Policy 5.1.1: Gadsden County shall work with DEP and the Environmental Protection 
Agency to eliminate unlawful sources of air pollution.  
 
Policy 5.1.2: Clean air protection shall be fostered by promoting sustainable land 
development practices.  
 
Policy 5.1.3: Sustainable and efficient transportation practices, such as the promotion 
of transit opportunities, shall be encouraged to mitigate air pollution.  
 
 
OBJECTIVE 5.2: Provide for the conservation, appropriate use and protection of 
those lands deemed as environmentally sensitive. 
 
Policy 5.2.1: Wetlands and lands designated as Special Flood Hazard Areas and/or 
floodplains by the Federal Emergency Management Agency are locally designated as 
environmentally sensitive lands and shall be afforded maximum protection with 
applicable planning controls.  
 
Policy 5.2.2: All required federal and state permits and approvals submitted to the 
County in relation to an issued development order must be submitted prior to 
commencement of any on-site development, to include land clearing.  
 
Policy 5.2.3: All required federal and state permits and approvals submitted to the 
County in relation to an issued development order must be found consistent with said 
development order.  If the federal or state permit or approval is inconsistent with the 
approved final development order, then the applicant shall apply for an amendment to 
the approved development order to be in accordance with said federal or state permit 
and all applicable local policies and regulations.  
 
Policy 5.2.4: The clearing of vegetation, with exception to bona fide agriculture or 
Silviculture uses, shall be prohibited prior to issuance of a development order. 
Exceptions shall include hand clearing of underbrush and removal of trees three (3) 
inches in diameter or less at a measurement taken 54 inches from ground level.  

Conservation Element ǀ Gadsden County Comprehensive Plan          September 18, 2018                          
 
       Page 2 of 9 
Policy 5.2.5: The County shall protect native vegetative communities from destruction 
by development activities through the development review process unless such 
destruction is authorized pursuant to the applicable state and federal permitting 
process. 
 
Policy 5.2.6: Standards to protect native vegetation may include but are not necessarily 
limited to: adequate buffer zones and site preservation techniques. The County shall 
coordinate with the Northwest Florida Water Management District and other appropriate 
agencies to promote the removal of non-native and invasive species, and reinstate 
native and natural vegetation. 
 
Policy 5.2.7: The County shall cooperate with adjacent counties and municipalities to 
conserve, appropriately use and protect unique vegetative communities by participating 
in intergovernmental coordination committees to establish joint management 
procedures for protection of natural resources.

l of 
water for commercial bottling purposes.  
 
 
 
 

Conservation Element ǀ Gadsden County Comprehensive Plan          September 18, 2018                          
 
       Page 5 of 9 
 
OBJECTIVE 5.4: Protect Endangered and Threatened Species. 
 
Policy 5.4.1: Endangered and Threatened wildlife and State-designated Threatened 
species, shall be those as listed by the Florida Fish and Wildlife Conservation 
Commission, and are published in the “Florida’s Endangered and Threatened Species”. 
 
Policy 5.4.2: Species of Greatest Conservation Need (SGCN) are species that are 
imperiled or at risk of becoming imperiled in the future and shall be those identified by 
the Florida Fish and Wildlife Conservation Commission, and are published in the 
“Florida’s State Wildlife Action Plan”.  
 
Policy 5.4.3: Gadsden County shall support state and federal requirements for on-site 
protection and/or managed relocation for all species listed and identified as Endangered 
or Threatened, and conservation management of critical habitats.  
 
Policy 5.4.4: The County shall protect Endangered and Threatened Species by 
requiring the following to be submitted in conjunction with any Comprehensive Plan 
Future Land Use Map amendment request to a more intense category which is more 
than ten (10) acres. Such assessment may be conducted with readily available 
information through desktop GIS and/or the most recent state agency published 
documentation.   
 
(a) Any finding that lists any Endangered or Threatened Species located on site;  
(b) Soil types on site as noted in the Soil Survey in Policy 5.2.11. 
(c)  Wetlands on site as shown on the National Wetlands Inventory.  
 
 
OBJECTIVE 5.5: Establish standards for Silvicultural activities.  
 
Policy 5.5.1: Silvicultural activities shall follow the Best Management Practices outlined 
in the publication titled: Silviculture Best Management Practices Manual, Florida 
Department of Agriculture and Consumer Services, Division of Forestry, as identified in 
5I-6, F.A.C. 
 
Policy 5.5.2: In order to minimize the potential impacts to State Imperiled Species from 
Silviculture activities, Silviculture activities shall follow the Florida Forestry Wildlife Best 
Management Practices for State Imperiled Species, as published by the Florida 
Department of Agriculture and Consumer Services. 
 
 
GOAL 5B: PROTECT AND MANAGE MINERAL RESOURCES 
 
OBJECTIVE 5.6: The County shall protect and manage mining and mineral 
resource extraction activities. 
 

Conservation Element ǀ Gadsden County Comprehensive Plan          September 18, 2018                          
 
       Page 6 of 9 
Policy 5.6.1: A copy of any mining permit or reclamation plan issued by any agency of 
the state for the purpose of extraction or reclamation activities shall be submitted to the 
Planning Division within thirty (30) days of receipt by the applicant from the state. 
 
Policy 5.6.2: Mining in environmentally sensitive areas as defined in Policies 5.2.1 and 
5.3.1 within Gadsden County which cannot be reclaimed shall be prohibited. Such 
ability for reclamation shall be as determined by the state permitting process.    
 
Policy 5.6.3:  Mineral resources shall be conserved, protected from encroachment by 
conflicting land uses, and appropriately utilized pursuant to the requirements of state 
and federal law.

ific to rural development within Gadsden County.  
 
Policy 1.2.19: No large scale land use amendment shall be approved which converts 
lands from any Agriculture land use category to the Rural Residential land use category 
unless a development agreement is recorded which requires the development to be 
served by central water and sewer utilities, or a wastewater package plant. 
 
 
GOAL 1B. PROTECT THE PROPERTY RIGHTS OF CITIZENS. 
 
Objective 1.3. Provide reasonable measures to protect the rights of property 
owners. 
 
Policy 1.3.1: Property owners’ rights of development shall be vested when a final 
development order is issued by the County and the development order has not expired, 
or development has commenced and is continuing in good faith prior to the adoption of 
this Plan.  
 
Policy 1.3.2: Property owners’ rights to conduct mining activities shall be vested so that 
the policies and regulations to be applied are those in effect at the time when the 
property owner received a permit from, or entered into an agreement with, a 
governmental regulatory agency authorized to issue the permit or enter into the 
agreement for so long as the permit or agreement is valid and effective and has not 
expired.  
 
Policy 1.3.3: Land uses which were lawful prior to the adoption of this Plan or a 
subsequent amendment, but which are no longer lawful as a result of the adoption of 
the Plan or a subsequent amendment, shall be considered non-conforming.  Such uses 
shall be allowed to remain in a non-conforming condition, until: 
 
A. The use is discontinued or abandoned for a period as determined in the Land 
Development Regulations. 
 
B. The use is substantially changed, intensified, or expanded from the current use. 
A use shall be considered substantially changed, intensified, or expanded if it 
results in an increase in the number of trips generated as deemed so by a 

 Future Land Use Element l Gadsden County Comprehensive Plan    
August 2, 2016  
Page 11 of 16  
comparative analysis utilizing the Institute of Traffic Engineers Trip Generation 
Manual, 9th edition.   
 
Policy 1.3.4: Structures which were lawful prior to the adoption of this Plan or a 
subsequent amendment, but which are no longer lawful as a result of the adoption of 
the Plan or a subsequent amendment, shall be considered non-conforming structures. 
Other than those structures which are designated in an Historic Future Land Use 
category, such structures shall be allowed to remain in a non-conforming condition in 
perpetuity unless: 
 
A. The structure is damaged or destroyed to the extent of fifty (50) percent or more 
of the fair market value of the structure at the time of the damage or destruction.  
Structures rebuilt must follow the requirements of this Plan and the Land 
Development Code.  
 
B. Structures located within the Historical Future Land Use category may rebuild to 
the historic nature of the development.  
 
Policy 1.3.5: Parcels of record or recorded platted lots within a land use category that 
allows for residential development, that existed on or prior to November 26, 1991 shall 
be permitted one residential dwelling per parcel or recorded lot.   
 
Objective 1.4: Protect existing neighborhoods.

ment ǀ Gadsden County Comprehensive Plan          November 20, 2018 
 
 
 
 
        
 
 
 
 
 
 
       Page 2 of 4 
Policy 6.2.2: The County shall include incentives for private developers to provide 
adequate land for parks as part of new developments or redevelopment activities.  Such 
incentives shall include, but not be limited to, clustering, density bonuses, fast tracking 
of developments, and dedication of lands in lieu-of-fees. 
 
Policy 6.2.3: Developments of Regional Impact, master planned communities and 
planned unit developments shall be required to provide physical improvements in 
addition to open space to provide recreational opportunities.  These improvements may 
include, but are not limited to tot lots, playgrounds, sport courts, or multipurpose athletic 
fields. 
 
 
OBJECTIVE 6.3: Plan for and provide for a system of adequate parks and 
recreational facilities that will accommodate the existing needs and future 
demands of the population.   
 
Policy 6.3.1: County parks and recreation facilities shall be designed and constructed 
with access ways that are consistent with the character and quality of the resources and 
activities within the site. 
 
Policy 6.3.2: The County shall provide safe, operational automobile, bicycle and 
pedestrian access to all public parks and facilities in its jurisdiction. 
 
Policy 6.3.3: Access to all public recreation facilities shall be designed as barrier-free 
as possible to accommodate accessibility by the elderly, handicapped, and very young. 
 
Policy 6.3.4: The County will seek funding to develop a recreational master plan, 
including conceptual greenway maps, which include proposed new recreational trail 
systems and conservation greenways to link existing and new open space and outdoor 
recreation areas.   
 
Policy 6.3.5: The County shall, through the annual capital improvements budgeting 
process, identify funding sources and allocate funds to correct or improve existing 
deficiencies in County-owned parks and recreation facilities in accordance with the 
adopted level of service standards. 
 
Policy 6.3.6: The County shall develop a parks and recreation system based on the 
Neighborhood Park, District Park and Water Access classifications and shall provide 
acreage and facilities based on the following level of service standards: 
 
Neighborhood Parks 
2.0 acres per 5,000 population 
Community Parks 
20.0 acres minimum per 10,000 population 
Water Access Points  
Near major road crossings on the Ochlokonee 
River and at new subdivisions or existing ramp 
access locations on Lake Talquin. 
 
Policy 6.3.7: The standards listed in Policy 6.3.6 shall be evaluated against proposed 
new residential development. If adequate park space and/or water access points are not 

 
Recreation and Open Space Element ǀ Gadsden County Comprehensive Plan          November 20, 2018 
 
 
 
 
        
 
 
 
 
 
 
       Page 3 of 4 
sufficient based upon the impact of the new development, then the developer shall 
create the parks and/or access points needed to serve the projected population of the 
proposed development.   
 
Policy 6.3.8: No new residential development shall be issued a Final Development 
Order unit it has demonstrated that the level of service standard for the parks and 
recreation system shall be met.","Based on the provided excerpts from the Gadsden County Comprehensive Plan, the following answer can be provided:

Gadsden County mentions wildlife habitat protection, ecological corridors, or connected greenways in the following excerpts:

* In the Conservation Element, Policy 5.2.7 states that the County shall cooperate with adjacent counties and municipalities to conserve, appropriately use, and protect unique vegetative communities by participating in intergovernmental coordination committees to establish joint management procedures for protection of natural resources. [Gadsden County, p.5]
* In the Conservation Element, Policy 5.2.6 mentions the protection of native vegetative communities from destruction by development activities through the development review process. [Gadsden County, p.5]
* In the Recreation and Open Space Element, Policy 6.3.4 mentions the development of a recreational master plan, including conceptual greenway maps, which include proposed new recreational trail systems and conservation greenways to link existing and new open space and outdoor recreation areas. [Gadsden County, p.3]

However, there is no specific mention of ecological corridors or connected greenways in the provided excerpts. The term ""ecological corridors"" is not mentioned at all, and while the term ""greenways"" is mentioned, it is in the context of recreational trail systems and conservation areas, rather than specifically referring to ecological corridors.

It is worth noting that the provided excerpts do not provide a comprehensive answer to the question, and further research may be necessary to determine the full extent of Gadsden County's policies regarding wildlife habitat protection, ecological corridors, or connected greenways."
"What policies does Hernando County include for open space, greenways, or conservation lands?","ensate for disruptions 
that have the potential to significantly degrade wildlife movement 
within and adjacent to Hernando County. 
The Hernando County Environmentally Sensitive Lands (ESL) 
Program shall provide public education on the benefits of natural 
areas protection and the conservation of locally significant 
resources. 
Encourage appropriate agencies and private organizations to assist 
the County in conserving and preserving natural area linkages 
which may function as wildlife corridors and/or recreation areas. 
Mechanisms to be coordinated may include conservation of 
agricultural lands, preservation of rural development patterns, land 
acquisitions, conservation easements, the transfer or purchase of 
development rights, development incentives, and landowner 
agreements. 
 
Land Acquisition 
 
Wildlife Crossings 
Design standards for wildlife crossings should be utilized where 
warranted on a site-specific situation. 
 
 
Wildlife Surveys 
Criteria 8. To compensate for the loss of viable wildlife 
habitat, Cemex shall be required to mitigate through 
the provision of a conservation easement over other 
property that provides a viable wildlife habitat 
adjacent to the Florida Ecological Greenways Network. The type and amount of habitat necessary 
to mitigate impacts shall be identified by the 
comprehensive wildlife survey. The final mitigation 
location and acreage shall be determined prior to 
rezoning the property for mining. 
 
 
Open Space Planning 
 
Countryside Community features include the following: 
a. Layout that clusters the non-agricultural, non-recreational uses 
to the most advantageous areas that preserve lands in 
contiguous open space in natural areas, agricultural lands and 
rural scenic views; 
b. Agricultural pursuits (including community gardens), passive 
recreational areas, and open active recreational areas (field 
sports, trails, etc.) should be placed contiguous with natural 
open space and, as such, may be considered part of that open 
space if there are no buildings and the spirit of the development 

purpose (to preserve linked open space and rural views) is met; 
c. Open space shall consist of uplands and wetlands to a lesser 
extent; 
d. Low impact stormwater design shall be utilized to the 
maximum extent possible, taking into consideration the most 
advantageous configuration of open space and development 
areas. Stormwater handling areas may be included in 
contiguous open space as part of the allowable wetlands 
portion; 
e. Development amenities such as drainage, lighting, landscaping, 
building placement and street layout shall be designed to 
minimize fragmentation of open space to the lowest possible 
 
Native forest cover in the open space shall not be cleared but the 
understory may be managed to accommodate land management 
needs; 
An open space easement that runs with the land shall be 
recorded in perpetuity for the open space, including covenants 
appropriate to the sensitivity, character and function of the 
open space area. 
 
incorporation of compact development plans with clustered 
housing, town center design(s) and open/recreation areas 
situated adjacent to natural lands and open space;

Golf courses shall be designed, constructed and 
maintained to meet, or exceed, the Audubon International 
Signature Program (AISP) Natural Resource Management Plan’s 
Environmental Design Standards, or other equivalent program 
design standard. It shall be the objective to use these, or equivalent, 
program design standards to avoid adverse environmental impacts. 
In the event a golf course or courses are not constructed the areas 
that would have been classified as maintained areas shall be 
converted to open space over and above the minimum open space 
required by Strategy1.05F(20). For the purposes of this strategy, 
the maintained areas shall equal 150 acres per 18 holes of golf. 
The design and location of this acreage shall be determined by the 
County at the time of conversion. 
 
Where immediately adjacent to existing Spring Hill single family 
detached residential lots, Spring Center will consist of single 
family detached lots. Higher density, or multifamily housing will 
be separated by a buffer or interconnected open space and a 
transition of building heights. 
 
Hernando County will consider developing and maintaining a 
countywide master plan for parks, park facilities and open space 
that includes, at a minimum: 
a. an evaluation of the parks system in conjunction with annual 

budgetary allocations, capital funding and adequate facilities; 
b. development of a long-term strategy for parks and major 
facilities that will meet identified needs for both the permanent 
and visitor population; 
c. identification of options for development of a County 
Recreation Center to serve the recreation needs of Hernando 
County citizens, attract visitors, and serve regional user 
populations. 
 
Regional park and open space facilities are generally recognized as 
those lands in Hernando County located primarily within the 
Chassahowitzka National Wildlife Refuge, the Withlacoochee 
State Forest, the Weeki Wachee Preserve and other state and 
federal owned preserve and recreation areas. Regional facilities generally involve over 100 acres and are maintained by state and 
federal entities. 
 
Hernando County shall manage preserves under its 
Environmentally Sensitive Lands (ESL) Program for the purpose 
of providing ecologically valuable open space that is also 
accessible for passive recreational and educational pursuits where 
appropriate. 
 
Hernando County will utilize a level of service of 2 acres of parks 
containing active recreation facilities per 1,000 residents at peak 
population, and, at least 2 additional acres of parks containing 
passive recreation and open space per 1,000 residents at peak 
population calculated on a countywide basis. 
 
The parks and open space standards for Hernando County should 
include the following design features: 
a. incorporation of low-impact development principles that 
maximize drainage efficiency, promote green space and 
incorporate valuable natural resources into the design including 
karst features, wetlands, forest units, shade trees and scenic 
views; 
b. incorporation of layouts, amenities and design themes that 
encourage direct bicycle and pedestrian connection to 
surrounding communities for convenient and safe alternatives 
to automobile access; 
c. incorporation of parking for daily use and additional low- 
impact overflow parking for events; 
d. e. coordination of nearby transit access as part of a focal point; 
provision of convenient and safe vehicle, pedestrian and 
bicycle access to district and community parks; 
f. mitigation of noise, lighting and other potential encroachments 
on the peaceful enjoyment of adjacent property, especially 
residential.

efficiency, promote green space and 
incorporate valuable natural resources into the design including 
karst features, wetlands, forest units, shade trees and scenic 
views; 
b. incorporation of layouts, amenities and design themes that 
encourage direct bicycle and pedestrian connection to 
surrounding communities for convenient and safe alternatives 
to automobile access; 
c. incorporation of parking for daily use and additional low- 
impact overflow parking for events; 
d. e. coordination of nearby transit access as part of a focal point; 
provision of convenient and safe vehicle, pedestrian and 
bicycle access to district and community parks; 
f. mitigation of noise, lighting and other potential encroachments 
on the peaceful enjoyment of adjacent property, especially 
residential. 
 
Hernando County shall consider during the review of development 
permits the importance of wildlife corridor connections from the 
Green Swamp to the Chassahowitzka National Wildlife Refuge in 
accordance with recommendations from professionally accepted 
sources used for State planning purposes in order to protect the 
functional integrity of large habitat areas in public ownership and 
the movement of native and protected wildlife. Mechanisms to be 
utilized will be considered on a site specific basis including the 
provision of open space, the mitigation of habitat loss, and the 
provision of conservation easements. 
 
Ensure that land development regulations allow for development 
layout that promotes clustering and open space protection for 
significant habitat areas. 

 
Review of developments and amendments to the Comprehensive 
Plan shall include a review of the impact to remaining habitat in 
the historic coverage of hammock woodlands habitat, as 
maintained in the County’s Geographical Information System 
(GIS) database (Hammocks of the Government Land Survey 1843- 
1845: Hernando County, Florida). Development within these areas 
shall provide for conservation of habitat, rare species, significant 
geologic features, remnant ecological assemblages and 
archaeological resources. Habitat conservation measures may 
include the preservation of open space, development layout, 
conservation easements, incentives that encourage flexible design, 
and/or mitigation. 
 
 
Alternate methods for property development that may be 
considered by the County to assist in preserving development 
rights while carrying out the objectives of this Plan include 
transferable development rights, density bonuses, variances, 
waivers, deviations, planned developments, clustering, 
conservation easements, buffers, open space preservation and other 
flexible development techniques.

Hernando County 
Wildlife Corridors 
A scientifically designed wildlife and wildlife habitat 
mitigation plan shall be a requirement of the Development 
Order. The mitigation plan shall be approved by both the 
Florida Fish and Wildlife Conservation Commission (FWC) 
and Hernando County. The wildlife and wildlife habitat 
mitigation plan shall place primary emphasis on preservation of 
high quality habitat and connecting wildlife corridors (as 
determined by County Staff in conjunction with FWC) on site. 
Where wildlife takings and off site mitigation are utilized, the 
Developer shall acquire the necessary suitable mitigation 
acreage and facilitate its transfer and management to the 
appropriate entity. 
 
Density. The Quarry Preserve PDD shall be developed such that 
compact higher density residential development is situated in 
proximity to the Town Center and Business Park land uses. In the 
Quarry Preserve PDD, net residential acreages shall be calculated 
by excluding right-of-way, wetlands, stormwater management 
areas, environmental preservation areas, and common areas. 
Environmental preservation areas such as wildlife habitat, karst 
features, conservation areas, a wildlife corridor and other 
environmentally sensitive lands shall only be excluded if the lands 
are designated on the Master Plan defined by Strategy 1.05F(47) as 
such or are dedicated to the County or other public agency through 
a conservation easement. Common areas such as parks, buffers, 
and managed areas shall only be excluded if publicly owned or 
committed to a Homeowner’s Association formed pursuant to 
Chapter 720, Florida Statutes 
 
Neighborhood Parks and Pathways. The Quarry Preserve shall 
provide a system of neighborhood parks and open space 
throughout the residential communities connected through the use 
of wildlife corridors, greenways, trails, bikeways or other 
measures. A “Pathways Plan” depicting internal pedestrian, 
bicycle, and multi-modal trails, sidewalks, and other pathways 
shall be submitted to the County and must be approved with the 
first residential conditional plat and updated as the project moves 
forward in phases. The trail network shall provide for 
pedestrian/bicycle access throughout the Project and will be 
designed in a manner to provide connectivity within and between 
all residential pods, the Town Center, the public use site, school(s), 
highway oriented commercial areas, institutional uses, and all 
employment centers. 
 
Environmental Management Plan. To achieve the protection of 
natural resources on the site, an Environmental Management Plan 
(EMP) shall be prepared by the developer for review and approval 
by the County prior to the authorization by the County of any 
development activity occurring on site, excluding rezoning the site 
consistent with the Master Plan defined by Strategy1.05F(47). 
Elements of the EMP may be submitted to State, regional and 
Federal agencies for review, and approved by those agencies when 
required by applicable State or Federal regulations. The EMP shall 

act as the umbrella document and shall address, at a minimum, 
wildlife corridors, wildlife management/enhancement, landscape 
restoration, invasive exotic species removal, the use of native 
plants for landscaping, pet management, the protection of karst 
features, the protection of surface and groundwater resources, 
wetland protection, wetland buffers, golf course natural area 
design, the use of pesticides and fertilizers, water conservation 
techniques, low impact design techniques for stormwater 
management, best management practices, prescribed burn 
regimens, and groundwater monitoring. The EMP shall be updated 
as required for each subsequent conditional plat or site plan as 
applicable. At a minimum, the EMP shall contain the following 
components:

egulations. The EMP shall 

act as the umbrella document and shall address, at a minimum, 
wildlife corridors, wildlife management/enhancement, landscape 
restoration, invasive exotic species removal, the use of native 
plants for landscaping, pet management, the protection of karst 
features, the protection of surface and groundwater resources, 
wetland protection, wetland buffers, golf course natural area 
design, the use of pesticides and fertilizers, water conservation 
techniques, low impact design techniques for stormwater 
management, best management practices, prescribed burn 
regimens, and groundwater monitoring. The EMP shall be updated 
as required for each subsequent conditional plat or site plan as 
applicable. At a minimum, the EMP shall contain the following 
components: 
 
Wildlife Corridor. A viable wildlife corridor as generally depicted 
on the adopted Master Plan defined by Strategy1.05F(47) shall be 
established and designated within the Quarry Preserve PDD to 
provide connectivity to conservation areas adjacent to the site and 
facilitate the movement of wildlife. The average width of the 
wildlife corridor (including the Nature Preserve) within the Quarry 
Preserve shall be a minimum of 2800 feet with a minimum width 
of 300 feet in the locations depicted on the Master Plan defined by 
Strategy1.05F(47). Where the designated wildlife corridor crosses 
open pasture land, native vegetation (trees, shrubs, grasses and 
ground cover) shall be planted to achieve an opacity dense enough 
to provide wildlife cover and food source at full growth in 
accordance with the provisions of the approved Environmental 
Management Plan. Road crossings of the wildlife corridor shall be 
minimized, and include a wildlife underpass. Improved 
multipurpose trails will not be constructed within the designated 
wildlife corridor. 
 
Vegetation in the Wildlife Corridor and Edge. The wildlife 
corridor shall be vegetated with wildlife food source plants, and 
the “edge” shall be planted with native vegetation at an appropriate 
opacity. 
 
 Environmental resources shall not be adversely impacted. The 
integrity of aquifer recharge and groundwater quality shall not 
be adversely affected or compromised. Standards for 
floodplain protection shall be met. Critical wildlife habitats 
shall be protected and existing major wildlife corridors shall be 
accommodated in the design of the development; 
 
Hernando County shall consider during the review of development 
permits the importance of wildlife corridor connections from the 
Green Swamp to the Chassahowitzka National Wildlife Refuge in 
accordance with recommendations from professionally accepted 
sources used for State planning purposes in order to protect the 
functional integrity of large habitat areas in public ownership and 
the movement of native and protected wildlife. Mechanisms to be 
utilized will be considered on a site specific basis including the 
provision of open space, the mitigation of habitat loss, and the 
provision of conservation easements. 
Where significant loss or fragmentation of environmental and 
wildlife corridors is identified during the review of a proposed 

Comprehensive Plan amendment, mitigation alternatives, including 
design considerations, shall be used to compensate for disruptions 
that have the potential to significantly degrade wildlife movement 
within and adjacent to Hernando County. 
The Hernando County Environmentally Sensitive Lands (ESL) 
Program shall provide public education on the benefits of natural 
areas protection and the conservation of locally significant 
resources. 
Encourage appropriate agencies and private organizations to assist 
the County in conserving and preserving natural area linkages 
which may function as wildlife corridors and/or recreation areas. 
Mechanisms to be coordinated may include conservation of 
agricultural lands, preservation of rural development patterns, land 
acquisitions, conservation easements, the transfer or purchase of 
development rights, development incentives, and landowner 
agreements.","Based on the provided excerpts from Hernando County's comprehensive plan, the following policies are included for open space, greenways, or conservation lands:

1. **Wildlife Corridors**: Hernando County shall consider the importance of wildlife corridor connections from the Green Swamp to the Chassahowitzka National Wildlife Refuge during the review of development permits [Hernando County, p.1-3].
2. **Wildlife Corridor Designation**: A viable wildlife corridor shall be established and designated within the Quarry Preserve PDD to provide connectivity to conservation areas adjacent to the site and facilitate the movement of wildlife [Hernando County, p.1-3].
3. **Open Space Preservation**: Environmental preservation areas, such as wildlife habitat, karst features, conservation areas, a wildlife corridor, and other environmentally sensitive lands, shall only be excluded from net residential acreages if designated on the Master Plan or dedicated to the County or other public agency through a conservation easement [Hernando County, p.1-2].
4. **Neighborhood Parks and Pathways**: The Quarry Preserve shall provide a system of neighborhood parks and open space throughout the residential communities connected through the use of wildlife corridors, greenways, trails, bikeways, or other measures [Hernando County, p.1-2].
5. **Environmental Management Plan (EMP)**: An EMP shall be prepared by the developer for review and approval by the County prior to the authorization of any development activity on site, excluding rezoning the site consistent with the Master Plan [Hernando County, p.1-3].
6. **Open Space Easement**: An open space easement that runs with the land shall be recorded in perpetuity for the open space, including covenants appropriate to the sensitivity, character, and function of the open space area [Hernando County, p.2-4].
7. **Conservation Easements**: Conservation easements may be used as a mechanism to mitigate habitat loss and provide connectivity to conservation areas [Hernando County, p.1-3].
8. **Transfer of Development Rights**: Alternate methods for property development, including transferable development rights, may be considered by the County to assist in preserving development rights while carrying out the objectives of the Plan [Hernando County, p.6-8].
9. **Wildlife Habitat Mitigation**: A scientifically designed wildlife and wildlife habitat mitigation plan shall be a requirement of the Development Order, and the mitigation plan shall place primary emphasis on preservation of high-quality habitat and connecting wildlife corridors [Hernando County, p.1-2].
10. **Open Space Planning**: Countryside Community features include the preservation of lands in contiguous open space in natural areas, agricultural lands, and rural scenic views [Hernando County, p.2-4].

These policies aim to protect and preserve open space, greenways, and conservation lands in Hernando County, while also promoting connectivity and habitat conservation."
"Are wildlife crossings, road mitigation, or animal passage structures discussed in Highlands County?","Highlands County 
Wildlife Corridors 
The Sustainable Community Overlay shall identify and protect 
Sustainable Green Assets by designating them on the Future Land Use 
Map as part of the overlay as either Natural Resource Areas or 
Agricultural Areas. Phased protection will be provided for these lands 
initially through land use controls set forth in the policies of this 
comprehensive plan and subsequently through permanent conservation 
easements recorded in conjunction with phased development of the 
CUDA. Sustainable Green Assets designated within the overlay will be 
designed to ensure continued connectivity and functionality for 
regionally significant wildlife corridors external to the overlay, based on 
the best available data. Delineation of areas for the transfer of density 
through recordation of conservation easements will place priority on the 
transfer of density from contiguous lands designed to strike a balance 
between buffering adjacent existing conservation lands, establishing an 
edge of the CUDA, protecting a proportionate share of the natural 
communities in the overlay identified for long-term protection, achieving 
compatibility of resource protection and continued agricultural 
operations, and facilitating long-term management of the protected lands. 
 
Natural Resource Areas shall be delineated to maintain the 
landscape-scale matrix of agricultural land uses, native vegetation 
communities, wetlands, and drainage networks, in a manner that 
is compatible with wildlife utilization, wetland protection, and 
watershed protection. The Natural Resource Areas shall be 
established for the purposes of maintaining the long-term 
ecological functions of lands and watersheds within the 
Sustainable Community Overlay, to protect native wetland and 
forested habitats within the Sustainable Community Overlay, to 
provide a landscape framework for future habitat preservation or 
restoration options, and to ensure continued connectivity and 
functionality for regionally significant wildlife corridors. 
 
Sustainable Green Assets designated within the 
overlay will be designed to ensure continued connectivity and functionality for 
regionally significant wildlife corridors external to the overlay, based on the best 
available data. Delineation of areas for the transfer of density through 
recordation of conservation easements will place priority on the transfer of 
density from contiguous lands designed to strike a balance between buffering 
adjacent existing conservation lands, establishing an edge of the CUDA, 
protecting a proportionate share of the natural communities in the overlay 
identified for long-term protection, achieving compatibility of resource 
protection and continued agricultural operations, and facilitating long-term 
management of the protected lands. 
 
Platting and subdivision design shall be sensitive to wetlands, 
upland preservation areas, and wildlife corridors in regards to the 
location of roads or other land uses in conflict with the intended 
protection of these areas. 
In keeping with the utility service area and service provisions 
outlined in the Development Agreement, to be entered into 
between the Developer and Highlands County, the Development 
shall connect to and be served by a centralized water treatment 
facility provided by Silver Lake Utility to be constructed in Phase

coordinated with the 
objectives and policies of the Future Land Use, Capital Improvements and Natural 
Resources Elements.  
 
Policy 6.2: 
Protection of Adjacent Natural Resources 
 
The County shall continue to implement land uses and mitigation policies to avoid 
adverse structural and non-structural impacts from transportation terminals and 
related facilities upon adjacent natural resources and land uses.  

Adopted 
Effective Date:  August 23, 2011 
 
Highlands County Comprehensive Plan  
Transportation Element 
10 
 
 
Policy 6.3: 
Protection of On-Site Natural Resources 
 
The County shall enforce the protection and conservation of natural resources 
within transportation hubs, airports and related facilities, through its Land 
Development Regulations to the extent feasible. 
 
 
OBJECTIVE 7: 
ACCESS MANAGEMENT 
 
The County shall continue to coordinate with FDOT in the refinement 
of the County's existing Access Management Standards as a means to 
maximize transportation efficiency, safety and roadway capacity.  
 
 
Policy 7.1: 
Access to Roadways 
 
The County shall continue to implement, in its Land Development Regulations, 
specific language to minimize access points on arterial and major collectors to 
assist in maintaining their adopted LOS. 
 
The County shall continue to identify and develop frontage or backage roads to 
improve safety and protect capacity of the adjacent thoroughfare.  
 
Policy 7.2: 
Commercial Intersections 
 
The County shall continue to implement Land Development Regulations (LDRs) 
addressing the location of commercial development and other high traffic 
generators near the intersections of arterial/arterial or arterial/collector streets, 
while ensuring that access does not interfere with normal traffic flow at these 
intersections. 
 
Policy 7.3: 
Traffic Studies 
 
The County shall continue to maintain its LDR provisions that require 
development applications be accompanied with a traffic study which identifies the  
impacts the development will create.  
 
The County Engineer or designee shall use the County Concurrency Management 
System procedures to evaluate traffic impacts associated with the proposed 
project.  
 
 
 
 

Adopted 
Effective Date:  August 23, 2011 
 
Highlands County Comprehensive Plan  
Transportation Element 
11 
 
 
Policy 7.4: 
Access Control to Roadways.  
 
In coordination with the FDOT, the County shall continue to enforce the control 
of connections and access points of driveways and local roads to collector and 
arterial roadways through its LDRs. 
 
Policy 7.5: 
On-Site Vehicular Traffic Control 
 
The County shall continue to require and implement through LDR provisions for 
adequate on-site parking and for safe and convenient on-site vehicular and non-
vehicular traffic circulation.  
 
Policy 7.6: 
Connectivity between Neighborhoods  
 
The County shall seek opportunities to develop connections between 
neighborhoods to facilitate the reduction of vehicle miles traveled within the 
community thereby reducing the use of collector and arterial routes for local trips. 
 
Policy 7.7: 
Connectivity Through Cross Access between Major Destination Facilities  
 
The County shall seek opportunities in areas of major destination facilities to keep 
and create cross access provisions, such as easements for vehicles and 
pedestrians, achieving a reduction in the immediate vehicular volumes on the 
collector or arterial road.

es, as indicated in A and B, 
known to adversely affect the endangered and threatened species and their 
habitats. 
 
Land Acquisition 
Use environmental clearance reviews, clearinghouse 
development review procedures, coordination with other 
agencies, and land acquisition strategies (including fee purchase, 
easements, donations and other less than fee mechanisms) as the 
principal vehicles to protect natural resources; 
 
The County will encourage private enterprise to work towards the reduction of 
platted lots without central water and wastewater services through participation 
in State land acquisition programs such as Florida Forever, Florida Communities 
Trust, Southwest Florida Water Management District, the South Florida Water 
Management District, and various other programs. 
 
The County shall consider adoption of a land acquisition program along with the 
establishment of a fund to reduce encroachment, protect environmentally 
sensitive land, and preserve agricultural areas of the County. 
 
Highlands County shall permit the location of schools within agricultural Future 
Land Use categories only upon demonstrated need consistent with the following 
criteria. In the planning, siting, land acquisition, and development of the facility, 
evaluation shall include consideration of: 

A. The student population density of the area, such as sufficient student 
population of the existing rural communities; 
B. Public safety. 
 
Wildlife Crossing 
Where new crossings are necessary to ensure the health, safety and 
welfare of the citizenry, transportation corridors shall be designed as 
limited access facilities that prohibit non-emergency stopping. Roadway 
and associated utility corridors should be designed to have minimal 
adverse impacts to the environment and shall include provisions for 
wildlife crossings based on the standards of Florida Fish and Wildlife 
Conservation Commission (FWC) and the U.S. Fish and Wildlife Service 
(FWS). 
 
Planned Transportation Improvements and Alignments in Relation to 
Environmental Issues 
Ensure that the transportation network will avoid, minimize, and mitigate habitat 
fragmentation by applying the following wildlife design criteria: 
A. Require that wildlife habitat linkage analysis be used as a standard 
procedure for updating the County’s long range transportation plan 
network. 
B. Design wildlife crossing structures for multiple species and sustained 
habitat connectivity. 
C. Provide fencing or barrier walls to direct wildlife to crossing entrances 
where appropriate. 
D. New roadway crossings through wildlife/greenway corridors are 
discouraged. Where new crossings are necessary to ensure the health, 
safety and welfare of the citizenry, transportation corridors shall be 
designed as limited access facilities that prohibit non-emergency stopping. 
Roadway and associated utility corridors shall be designed to have 
minimal adverse impacts to the environment and shall include provisions 
for wildlife crossings based on the standards of Florida Fish and Wildlife 
Conservation Commission (FWC) and the U.S. Fish and Wildlife Service 
(FWS). 
 
Wildlife Surveys 
N/A 
Open Space Planning 
Agriculture is the predominant land use for the rural areas of 
Highlands County. This category encompasses those activities 
generally associated with rural settlements, active agriculture 
including bio fuel feedstock and other resource based activities, 
and recreation and open space. 
a. Starting Density: 0.20 or less, units per acre, or one (1) 
dwelling for every five acres.

this Element into all County surface water management plans, public works 
projects, and infrastructure improvement plans. 
 
Policy 3.12: 
Wildlife/Greenway Corridor Strategy  
 
A. 
Ecological and Habitat Connectivity as Part of the Development Review 
Process  
 
As a measure to promote a conservation strategy for the establishment of 
wildlife/greenway corridors within the County, new development plans, 
including roads, shall identify existing conservation areas, protected areas, 
waterways and wildlife/greenway corridors adjoining the project site.  
 
 
B. 
Contiguity  
 
The County shall require, whenever applicable and feasible, projects that 
plan to designate on-site dedications for conservation purposes to locate 
them contiguous with an existing adjacent conservation area. 
 
C. 
By December 2011, the County will amend the Conservation Overlay 
Map to show adopted wildlife/greenway corridors as a means to identify 
significant environmental and wildlife corridors, such as the Arbuckle 
Creek - Carter Creek - Morgan Hole Creek corridor, the Fisheating Creek 
corridor and the Josephine Creek-Yellow Bluff Creek corridor, among 
others, and reinforce this Policy by designating these riparian greenways 
on the FLUM with a Conceptual Plan Line (CPL) for the purpose of 
guiding development and restricting activities, as indicated in A and B, 
known to adversely affect the endangered and threatened species and their 
habitats.  
 
The County shall also provide consistency with Policy 1.7.1 of the 
Strategic Regional Policy Plan (SRPP), where applicable, by identifying 
those greenway corridors, designated by the Central Florida Regional 
Planning Council (CFRPC) as having regional significance within 
Highlands County, on the Conservation Overly Map series. 
 

Adopted                                                                                         Effective Date:  August 23, 2011 
 
 
Highlands County 2030 Comprehensive Plan 
Natural Resources Element 
Page 20 
D. 
Discourage New Roadway Crossings through Wildlife/Greenway 
Corridors  
 
Where new crossings are necessary to ensure the health, safety and 
welfare of the citizenry, transportation corridors shall be designed as 
limited access facilities that prohibit non-emergency stopping. Roadway 
and associated utility corridors should be designed to have minimal 
adverse impacts to the environment and shall include provisions for 
wildlife crossings based on the standards of Florida Fish and Wildlife 
Conservation Commission (FWC) and the U.S. Fish and Wildlife Service 
(FWS). 
 
Policy 3.13: 
Parks for Resource Preservation     
 
Where compatible with the goals, objectives, and policies of the Comprehensive 
Plan and whenever feasible, locate future parks to encompass areas of undisturbed 
native vegetative communities and environmentally sensitive lands for passive 
recreational use, such as hiking trails, primitive camping and other conservation 
based activities, as opposed to active recreational use.   
 
Management plans for such parks shall be consistent with the protection, 
preservation, and conservation of those natural resources occurring on the site.   
 
Evaluation of the priority for acquisition shall consider the location of sites within 
the urban development areas in order to preserve natural open-space most at risk 
for development.

portionate share of the natural communities in the overlay 
identified for long-term protection, achieving compatibility of resource 
protection and continued agricultural operations, and facilitating long-term 
management of the protected lands. 
 
Platting and subdivision design shall be sensitive to wetlands, 
upland preservation areas, and wildlife corridors in regards to the 
location of roads or other land uses in conflict with the intended 
protection of these areas. 
In keeping with the utility service area and service provisions 
outlined in the Development Agreement, to be entered into 
between the Developer and Highlands County, the Development 
shall connect to and be served by a centralized water treatment 
facility provided by Silver Lake Utility to be constructed in Phase 

I. Phase 1A development may be served by temporary facilities 
subject to approval by the County through the Development 
Agreement process. 
Development shall be in compliance with the Development of 
Regional Impact Development Order for Lake Placid Groves. 
All wetlands, upland conservation, and wildlife corridor areas 
depicted on the Master Development Plan, Map H, shall be 
conserved in perpetuity with a conservation easement, in favor of 
the County recorded with the Highlands County Clerk. 
Prior to final approval of a PD, for development adjacent to the 
wildlife corridor shown on Map H, further evaluation should be 
made for the purpose of determination of adequate width to 
provide a sustainable and viable wildlife corridor. 
 
Transportation and associated infrastructure that responds to potential 
direct and indirect impacts to habitats and wildlife, shall be planned, 
designed, and constructed to avoid, minimize, and where necessary, 
mitigate impacts to both public and private conservation lands or lands 
containing high quality resources, including wildlife corridors. 
 
By December 2011, the County will amend the Conservation Overlay 
Map to show adopted wildlife/greenway corridors as a means to identify 
significant environmental and wildlife corridors, such as the Arbuckle 
Creek - Carter Creek - Morgan Hole Creek corridor, the Fisheating Creek 
corridor and the Josephine Creek-Yellow Bluff Creek corridor, among 
others, and reinforce this Policy by designating these riparian greenways 
on the FLUM with a Conceptual Plan Line (CPL) for the purpose of 
guiding development and restricting activities, as indicated in A and B, 
known to adversely affect the endangered and threatened species and their 
habitats. 
 
Land Acquisition 
Use environmental clearance reviews, clearinghouse 
development review procedures, coordination with other 
agencies, and land acquisition strategies (including fee purchase, 
easements, donations and other less than fee mechanisms) as the 
principal vehicles to protect natural resources; 
 
The County will encourage private enterprise to work towards the reduction of 
platted lots without central water and wastewater services through participation 
in State land acquisition programs such as Florida Forever, Florida Communities 
Trust, Southwest Florida Water Management District, the South Florida Water 
Management District, and various other programs.","Based on the provided excerpts from the Highlands County comprehensive plan, wildlife crossings, road mitigation, or animal passage structures are discussed in the following policies:

1. **Wildlife Crossing**: Excerpt 3, pp. 2-4, states that ""Where new crossings are necessary to ensure the health, safety and welfare of the citizenry, transportation corridors shall be designed as limited access facilities that prohibit non-emergency stopping. Roadway and associated utility corridors should be designed to have minimal adverse impacts to the environment and shall include provisions for wildlife crossings based on the standards of Florida Fish and Wildlife Conservation Commission (FWC) and the U.S. Fish and Wildlife Service (FWS)."" [Highlands County, pp. 2-4]
2. **Wildlife/Greenway Corridor Strategy**: Excerpt 4, pp. 359-361, Policy 3.12, states that ""The County shall require, whenever applicable and feasible, projects that plan to designate on-site dedications for conservation purposes to locate them contiguous with an existing adjacent conservation area."" [Highlands County, pp. 359-361]
3. **Discourage New Roadway Crossings through Wildlife/Greenway Corridors**: Excerpt 4, pp. 359-361, Policy 3.13, states that ""Where new crossings are necessary to ensure the health, safety and welfare of the citizenry, transportation corridors shall be designed as limited access facilities that prohibit non-emergency stopping. Roadway and associated utility corridors should be designed to have minimal adverse impacts to the environment and shall include provisions for wildlife crossings based on the standards of Florida Fish and Wildlife Conservation Commission (FWC) and the U.S. Fish and Wildlife Service (FWS)."" [Highlands County, pp. 359-361]
4. **Platting and Subdivision Design**: Excerpt 5, pp. 1-3, states that ""Platting and subdivision design shall be sensitive to wetlands, upland preservation areas, and wildlife corridors in regards to the location of roads or other land uses in conflict with the intended protection of these areas."" [Highlands County, pp. 1-3]

These policies indicate that Highlands County has considered wildlife crossings and road mitigation in its comprehensive plan, with a focus on minimizing adverse impacts to the environment and protecting wildlife corridors.

It is worth noting that while these policies discuss wildlife crossings and road mitigation, they do not provide specific details on the design or implementation of these measures. Additionally, the language used in these policies is often permissive or recommendatory, rather than mandatory."
What does Indian River County say about protecting conservation areas or natural resources during development?,"orcement. Notwithstanding, the County should continue its policy defer certain regulatory 
responsibilities to other jurisdictional agencies, when appropriate, to avoid undue redundancy. 
An overview of the legislative authority and responsibilities associated with the agencies listed is 
contained in the Coastal Management Element. The Intergovernmental Coordination Element 
provides a detailed description and analysis of intergovernmental coordination in the county. 
Community Development Department 
Indian River County 121 

Comprehensive Plan 
Conservation Element 
GOAL, OBJECTIVES AND POLICIES 
GOAL 
It is the goal of Indian River County to protect, conserve, enhance, or appropriately use the 
County's natural resources in a manner which maximizes their natural functions and values. 
OBJECTIVE 1 Air Quality 
Through 2020, air quality within Indian River County will continue to exceed state and federal 
minimum ambient air quality standards. 
Policy 1.1: The county shall require that a burn permit be issued by the Fire Division prior to 
allowing burning of land clearing debris associated with development within the Urban 
Service Area. Issuance of a burn permit will be contingent upon the use of an air curtain 
incinerator, minimum separation distance from residential developments, wind direction, 
and/or any other conditions imposed by the Fire Division. 
Policy 1.2: In coordination with the Office ofRadiation Control and the Indian River County 
Health Department, the county shall make available information on the detection and control 
of radon gas. 
Policy 1.3: The county shall coordinate with the State Division of Forestry to ensure that 
appropriate fire prevention methods are implemented for the burning ofland clearing debris 
outside the Urban Service Area. 
Policy 1.4: To reduce air-borne pollution, the county will ensure that land clearing and tree 
removal associated with urban development meets the criteria contained in county land 
development regulations. These criteria include, but are not limited to: phased clearing, 
minimizing cleared areas, and stabilizing cleared areas with ground cover. Bona fide 
agricultural operations will remain exempt from permitting requirements. 
Policy 1.5: The county shall regulate excavation and mining activities to reduce air-borne 
particulates by requiring dust control measures, by limiting hours of operation, by requiring 
reclamation that includes soil stabilization, and by requiring Stormwater Pollution Prevention 
Plans (SWPPs). 
Policy 1.6: The county shall promote the reduction of vehicular travel and associated 
emissions by encouraging planned residential developments, by promoting the establishment 
of bicycle and walking paths, and by planning for limited retail land uses closely accessible 
to residential areas. 
Community Development Department 
Indian River County 122 

Comprehensive Plan 
Conservation Element 
OBJECTIVE 2 Surface Water Quality 
By 2020, water quality throughout the Indian River Lagoon and the St. Sebastian River shall, 
at a minimum, meet State Class Ill water quality standards, and State Class II standards, 
where practicable. 
Policy 2.1: Consistent with Policy 2.1 of the Coastal Management Element, the county 
hereby adopts the State designation of Class II- ""shellfish propagation or harvesting,"" as 
defined in the FDEP' s 2008 Surface Water Quality Standards report, as the minimum water 
quality standard for the following portions of the IRL located within Indian River County: 
from the north county line south to the CR 510 causeway east of the Intracoastal Waterway 
(ICW); south ofthe CR 510 causeway to theN orth Relief Canal, and from the northern tip of 
Round Island to the south county line.

on materials. 
Policy 8.6: Consistent with Conservation Policy 6.4, the county, in evaluating lands to be 
acquired for conservation purposes, will give priority to those lands that create new or 
enhanced greenways and recreational trail systems. 
Community Development Department 
Indian River County 136 

Comprehensive Plan 
Conservation Element 
OBJECTIVE 9 Commercial Uses of Natural Resources 
Through 2025, the county will provide opportunities for the commercial use of natural 
resources. Notwithstanding, there will be no adverse environmental impacts in Indian River 
County attributed to the commercial use of natural resources. 
Policy 9.1: The county, through LDR Chapter 934, shall regulate and issue permits for all 
proposed excavation/mining projects in the unincorporated county. County regulations for 
excavation/ mining projects shall include: 
a requirement that pollution prevention plans addressing wind and water erosion be 
depicted on mining site plans and approved by County engineering staff prior to 
Planning and Zoning Commission review; 
~ 
a requirement that baseline water quality data be collected at project outfall points; 
~ 
a requirement that applicants monitor discharge at outfall points to ensure no increase 
in levels of turbidity at outfall points; and 
~ 
a requirement of comprehensive dust control plans as part of mining site plans. 
Policy 9.2: As set forth in the policies under Objective 2 of the Coastal Management 
Element, Objective 2 of the Conservation Element, and Objective 7 of the Stormwater 
Management Sub-element, the county shall undertake measures, such as establishing Water 
Quality Level of Service standards and prohibiting new point source discharges to increase 
the productivity of fishery habitat, to improve estuarine water quality, and to protect the 
estuarine ecological systems of the IRL, especially emergent and submergent aquatic 
vegetation. 
Policy 9.3: The county shall support the City of Sebastian's efforts to preserve and 
reestablish working waterfronts in Sebastian by seeking grants to restore the Archie Smith 
Fish House to a demonstration working waterfront. 
Policy 9.4: The county shall continue to prohibit, by legal document, the planting of 
agricultural disease host plants in development projects that are subject to county site plan 
approval. The legal document will be structured to sunset the prohibition if circumstances 
change such that the prohibition is no longer necessary. 
Policy 9.5: The county shall evaluate energy conservation actions identified under the Florida 
Green Building Coalition (FGBC) green building certification program and adopt such 
actions when economically feasible. 
Community Development Department 
Indian River County 137 

Comprehensive Plan 
Conservation Element 
OBJECTIVE 10 Soil Erosion 
Through 2025, there will be no adverse off-site soil erosion impacts associated with land 
development and agricultural activities and beach shoreline systems will be stabilized. 
Policy 10.1: Consistent with Policy 7.9 ofthe Stormwater Management Sub-element, the 
county, in cooperation with the Indian River Soil and Water Conservation District 
(IRSWCD), shall provide technical assistance to agricultural operations in implementing 
conservation plans and non-structural best management practices (BMPs).

projects. 
Policy 7.11: The county shall take actions recommended by the Committee for a Sustainable 
Treasure Coast to sustain quality natural systems in Indian River County, including use of 
land acquisition, development cluster requirements, conservation easements, transfer of 
development rights and mitigation banks to conserve natural systems. 
Community Development Department 
Indian River County 135 

Comprehensive Plan 
Conservation Element 
OBJECTIVE 8 Recreational Uses of Natural Resources 
Using 2008 recreational and open space land acreage as a baseline, the county, by 2020, shall 
increase, by a minimum of 500 acres, the amount of recreational and open space land 
accessible to the public for resource-based passive recreation, compatible with natural 
resource conservation. 
Policy 8.1: As set forth in Objective 6 of the Recreation and Open Space Element, the county 
shall take measures to provide sufficient resource-based parks, access, and outdoor 
recreational opportunities for the residents of Indian River County. These measures shall 
include developing public access improvements on county-acquired beachfront and riverfront 
conservation lands. 
Policy 8.2: The county shall preserve native vegetative communities on county-owned 
recreational and open space land in conjunction with development design, to the maximum 
extent feasible. 
Policy 8.3: The county shall coordinate with the U.S. Fish and Wildlife Service, the Florida 
Fish and Wildlife Conservation Commission, and other appropriate agencies to ensure that 
rare, threatened, or endangered plant or animal species identified or expected to occur on 
county recreational and open space lands are protected from adverse development impacts. 
Protection measures shall include: conducting an environmental survey prior to site 
development, preserving native vegetative communities on county-owned land to the 
maximum extent feasible, and where feasible, relocating animals to undeveloped portion of 
the site. 
Policy 8.4: The county will pursue grant funding from the Florida Inland Navigation 
District's Waterway Assistance Program, or other appropriate grant programs, to fund 
construction of restroom facilities on the Lost Tree Islands and Prange Island. 
Policy 8.5: The county shall support the establishment of-recreational access sites and 
improvements in the Upper St. Johns River Basin in Indian River County by providing 
construction funding assistance and, where feasible, construction materials. 
Policy 8.6: Consistent with Conservation Policy 6.4, the county, in evaluating lands to be 
acquired for conservation purposes, will give priority to those lands that create new or 
enhanced greenways and recreational trail systems. 
Community Development Department 
Indian River County 136 

Comprehensive Plan 
Conservation Element 
OBJECTIVE 9 Commercial Uses of Natural Resources 
Through 2025, the county will provide opportunities for the commercial use of natural 
resources. Notwithstanding, there will be no adverse environmental impacts in Indian River 
County attributed to the commercial use of natural resources. 
Policy 9.1: The county, through LDR Chapter 934, shall regulate and issue permits for all 
proposed excavation/mining projects in the unincorporated county.

F!ED 
....__ ........... 
Community Development Department 
L...a .... 
~ -r 
L. ... r 
lriJUS 
Indian River County 71 

Comprehensive Plan 
Conservation Element 
Figure 8.22b 
SHEU.FlSH HARVESTINC AREA CLASSIFICATiON MAP #'fC {Effective: June 14, 19t:l7) 
Indian River/St. Lucie (#70) Shelffi&h Harvesting Area in tndian. River and St. Lode Counties 
t 
, 
r , 
1 t 
, 
. 
I f 
tll'!Jt$ 
LEGEND 
~ 
AF'f>ROVJ!:O (7®1) 
RESTRICTED {l'OOe) 
PROHIBITED 
D u""""NCLASSIFIED 
Community Development Department 
Indian River County 72 

Comprehensive Plan 
Conservation Element 
Conservation and Recreational Uses of Natural Resources 
At the present time, approximately 105,380 acres of conservation and recreational lands in Indian 
River County are under public ownership or public conservation easement. This land is distributed 
among federal, state, regional and local governments. Table 8.6 contains a list of such lands 
currently under public ownership or public conservation easements. In addition to the lands listed in 
Table 8.6, upland set-aside conservation areas, which have been required by the County since 1991 
for new development projects, have been established in residential and non-residential developments 
throughout the county. 
The Recreation and Open Space Element provides a detailed inventory of recreation and open space 
properties and uses in Indian River County. As identified in the Recreation and Open Space 
Element, ""pastoral"" open space is open space area set aside for conservation, natural resource 
protection, or passive use purposes. This includes the county's environmentally sensitive areas, 
resource based parks, and various conservation areas. 
TABLE8.6 
PUBLICLY OWNED CONSERVATION AND RECREATIONAL LANDS 
IN INDIAN RIVER COUNTY 
Name 
Acreage 
Owner 
Ansin Tract /Canoe Launch Park 
28 
IRC 
Archie CarrN.W.R. 
75 
FDEPIUSFWS 
Blue Cypress Conservation Area 
49,890 
SJRWMD 
Captain Forster Hammock Preserve 
112 
..... FDEP 
Cypress Bend Community Preserve (f.k.a. Russell Grove) 
47 
IRC 
Corrigan 460 Tract (w/ easement) 
458 
SJRWMDIIRC 
Dale Wimbrow/Donald MacDonald Park 
74 
IRC 
Fellsmere Water Management Area 
10,209 
SJRWMD 
Flinn Tract Conservation Area 
37 
IRC/SJRWMD/FIND 
Fort Drum Marsh Conservation Area 
20,862 
SJRWMD 
Golden Sands Beach Park 
18 
IRC 
Green Salt Marsh 
16 
IRC 
Hallstrom Farmstead 
93 
IRC 
Harmony Oaks Conservation Area 
90 
IRC 
Kiwanis-Hobart Park 
654 
IRC 
Indian River Blvd. Mitigation Area 
114 
IRC/State 
Kennedy PINWR Buffer 
24 
IRC 
Korangy Tract 
132 
IRC 
Lost Tree Islands Conservation Area 
508* 
IRCNBIIRS 
Mills Ranch Conservation Easement 
960 
Private/SJR WMD 
North Sebastian Conservation Area 
541 
IRC/SJRWMD 
Community Development Department 
Indian River County 73 

Comprehensive Plan 
Conservation Element 
Oslo Riverfront C. A. (including south of Oslo Rd) 
419 
IRC/SJRWMD 
Oyster Bar Marsh C.A. 
96 
IRC 
Padgett Branch Conservation Easements 
1,585 
Private/IRe 
Pelican Island N.W.R. 
4,860* 
USFWS 
Prange Island( s) 
27 
IRCNB 
Rodney Kroegel Homestead 
3 
IRC 
Round Island South C.A. 
59 
IRC 
Sand Lakes C.A. 
1,321 
SJRWMD/IRC 
St. Sebastian River Preserve State Park 
10,000 
SJRWMD/FDEP 
Sebastian Harbor Preserve C.A. 
163 
IRC 
Sebastian Highlands Scrub C.A. 
10 
IRC 
Sebastian Inlet State Recreation Area 
457 
FDEP 
Sebastian Stormwater Park 
176 
SJRWMD 
Sexton Ranch Conservation Easements 
462 
Private/IRC 
South County Park C.A. 
10 
IRC 
South Prong Preserve 
37 
IRC 
Vero Beach Airport Conservation Area 
800 
VB 
Wabasso Scrub 
111 
IRC 
TOTAL 
105,382 
.• 
* Includes submerged lands in the Indian River Lagoon.

ds Manager and a Lands Conservation 
Technician to oversee management of County owned (and leased) conservation areas. According to the 
County's Environmental Lands Program Guide, typical conservation area management tasks include: 
o Invasive plant control 
o Prescribed burns 
o Trail blazing and maintenance_ 
o Perimeter security (fencing) 
o Construction and maintenance of public access facilities 
o Historic building restoration and maintenance 
Several sources of funding are available for management and development of conservation lands. 
One such source is the County environmental lands bond fund which may be used to provide for 
property security, initial resource management improvements and initial public access capital 
Community Development Department 
Indian River County 115 

Comprehensive Plan 
Conservation Element 
improvements. In the future, the County should consider reserving a certain percentage of County 
environmental land bond funds for initial management improvements. 
For upland and wetland enhancement projects, mitigation accounts may also be used to fund resource 
management on conservation lands. A third source of funds for resource management activities is the 
County's tree removal violation fines account. On an annual basis, operations, staffing and 
development funds are budgeted from these sources by the County Parks Division, subject to County 
Commission approval. Matching funds may be obtained through various grant programs and from 
donations of cash, materials or labor by local businesses and citizens. Going forward, the County 
should adopt a comprehensive plan policy that reflects use of these funding sources for conservation 
land management. 
Over the past several years, private development off-site mitigation projects have been allowed to 
occur on County conservation lands. This allowance helps the County achieve its management 
objectives of eradicating invasive plants and restoring disturbed areas to natural conditions without 
expending county tax dollars. To formalize the allowance of mitigation and to establish parameters, 
the County should develop mitigation policies. The mitigation parameters in those policies should 
include: requiring that private developers carry out the mitigation work (instead of paying the County 
to do the mitigation); requiring that developers be responsible for annual reporting to permitting 
agencies; and requiring that developers be responsible for follow-up treatments and plantings (as 
warranted) for a minimum of five years to ensure that the mitigation project is successfully 
established. Moreover, the County should reserve certain opportunities for mitigation on County 
conservation lands for County public works and utilities projects, as the need may arise. 
Although natural resource protection is the County's primary reason for acquiring conservation 
lands, the County always tries to make acquired conservation lands accessible to the public for 
resource-based passive recreation compatible with natural resource conservation. For that reason, 
each ofthe conservation areas acquired has an individual management plan which calls for public 
access improvements.","Based on the provided excerpts from the Indian River County comprehensive plan, the county has implemented various policies to protect conservation areas and natural resources during development.

To reduce air-borne pollution, the county requires that land clearing and tree removal associated with urban development meets specific criteria, including phased clearing, minimizing cleared areas, and stabilizing cleared areas with ground cover [Indian River County, pp. 127-129, Policy 1.4]. The county also regulates excavation and mining activities to reduce air-borne particulates by requiring dust control measures, limiting hours of operation, and requiring reclamation that includes soil stabilization [Indian River County, pp. 127-129, Policy 1.5].

Regarding surface water quality, the county aims to meet State Class III water quality standards by 2020, and State Class II standards, where practicable [Indian River County, pp. 127-129, Objective 2]. The county has designated specific areas within the Indian River Lagoon as minimum water quality standards [Indian River County, pp. 127-129, Policy 2.1].

To protect soil erosion, the county provides technical assistance to agricultural operations in implementing conservation plans and non-structural best management practices (BMPs) [Indian River County, pp. 141-143, Policy 10.1]. The county also regulates excavation and mining activities to reduce soil erosion by requiring reclamation that includes soil stabilization [Indian River County, pp. 127-129, Policy 1.5].

In terms of recreational uses of natural resources, the county aims to increase the amount of recreational and open space land accessible to the public by 2020, by a minimum of 500 acres [Indian River County, pp. 135-136, Objective 8]. The county preserves native vegetative communities on county-owned recreational and open space land to the maximum extent feasible [Indian River County, pp. 135-136, Policy 8.2].

The county also has a policy to give priority to lands that create new or enhanced greenways and recreational trail systems when evaluating lands to be acquired for conservation purposes [Indian River County, pp. 136, Policy 8.6].

Regarding commercial uses of natural resources, the county regulates and issues permits for all proposed excavation/mining projects in the unincorporated county, including requirements for pollution prevention plans, baseline water quality data, and comprehensive dust control plans [Indian River County, pp. 137-138, Policy 9.1].

In terms of conservation and recreational lands, the county has approximately 105,380 acres of conservation and recreational lands under public ownership or public conservation easement [Indian River County, pp. 71-73, Table 8.6]. The county also has a policy to make acquired conservation lands accessible to the public for resource-based passive recreation compatible with natural resource conservation [Indian River County, pp. 115-116].

Overall, the county has implemented various policies to protect conservation areas and natural resources during development, including regulations on land clearing, excavation, and mining activities, as well as policies to promote recreational uses of natural resources and make conservation lands accessible to the public.

Sources:

[Indian River County, pp. 127-129]
[Indian River County, pp. 135-136]
[Indian River County, pp. 137-138]
[Indian River County, pp. 71-73]
[Indian River County, pp. 115-116]"
"Does Lake County include policies for wildlife corridors, greenway linkages, or habitat connectivity?","basis.  
32 
OBJECTIVE VI-1.4  COORDINATION WITH LOCAL, REGIONAL, STATE AND FEDERAL 
33 
AGENCIES FOR PROTECTION OF WILDLIFE AND HABITAT 
34 
Lake County shall coordinate with the plans and programs of local, regional, state and federal agencies in 
35 
order to more effectively and efficiently protect and manage the wildlife and habitat resources of the 
36 
County including, but not limited to, listed species, wetlands and freshwater habitats, environmentally 
37 
sensitive areas, and wildlife corridors. 
38 
Policy VI-1.4.1  Habitat and Wildlife Preservation 
39 
The County shall cooperate with federal, state, and local agencies to protect and maintain viable habitat 
40 
for species designated as endangered, threatened, or species of special concern.  Lake County shall conserve 
41 

2030 Comprehensive Plan 
Updated October 7, 2025 
286 
habitat and wildlife populations in order to maintain the health of natural ecosystems and maintain 
1 
biodiversity.  
2 
Policy VI-1.4.2  Freshwater Habitat and Wildlife 
3 
The County shall seek and utilize management plans developed by the Florida Fish and Wildlife 
4 
Conservation Commission, Lake County Water Authority, Florida Department of Environmental Protection, 
5 
and U. S. Fish and Wildlife Service, and other relevant agencies in developing strategies for the protection 
6 
and restoration of significant aquatic habitat and aquatic species, including but not limited to species listed 
7 
as endangered, threatened, or species of special concern. 
8 
Policy VI-1.4.3  Identification and Protection of Wildlife and Habitat Corridors 
9 
Lake County shall cooperate with federal, state and local agencies and conservation organizations to 
10 
identify wildlife and habitat corridors that serve as biological connections between natural areas, and shall 
11 
implement programs that protect the viability of these corridors. These programs shall include focused land 
12 
acquisition initiatives, conservation easements, and appropriate regulatory measures.  
13 
Policy VI-1.4.4  Identify and Protect Designated Species and Critical Habitat 
14 
The County shall cooperate with state and federal agencies to determine the presence and habitat 
15 
distribution of designated species.  The County shall cooperate with these agencies to prevent further 
16 
reductions in designated species populations.  
17 
Policy VI-1.4.5  Predevelopment Survey for Designated Species and Protection from 
18 
Development 
19 
Activities that require the alteration or clearing of habitat of designated species shall be surveyed for 
20 
occurrences of designated species by a qualified biologist prior to the issuance of a development permit.    
21 
Where viable habitat for designated species occurs on a site, and evidence of individuals are present, a 
22 
management plan protecting these species shall be submitted by the applicant.  The plan must be approved 
23 
by the County in consultation with Florida Fish and Wildlife Conservation Commission before development is 
24 
authorized.  
25 
Policy VI-1.4.6  Designated Species Management Plans 
26 
The County shall adopt agreements with local governments and state and federal agencies as necessary, 
27 
pertaining to the protection and enhancement of designated species.

County shall pursue joint agency funding for the purchase, development, and management of public 
15 
parks, environmental lands, and trails. 
16 
Policy VI-1.9.8  Trails Program 
17 
Lake County shall continue working towards expanding and improving its trails program by coordinating 
18 
with federal, state, regional, and local public agencies and private organizations to implement the Lake 
19 
County Trails Master Plan, September 2008, or its successor document.  
20 
OBJECTIVE VI-1.10  EXCHANGE OF SUPPORT AND DATA 
21 
The County shall increase the effectiveness and efficiency of public programs and minimize costs by 
22 
providing, seeking and sharing information. 
23 
Policy VI-1.10.1  Internet Services 
24 
Lake County will continue to provide information on its Internet webpage. This information includes the 
25 
agendas and minutes of the meetings of the Board of County Commissioners and many of its supporting 
26 
citizen and staff committees, information on the County Departments, important county documents and 
27 
progress statements on major work efforts, such as road construction projects.  
28 
Policy VI-1.10.2  Sharing of Geographical Information Systems Data 
29 
The County will continue to provide access to its GIS data via the internet webpage and an FTP site.  Maps 
30 
produced using GIS databases maintained by the County, shall use the most complete and current data 
31 
available on the date of production.  
32 
Policy VI-1.10.3  Review of County Plans 
33 
The County shall coordinate the transmission of copies of the County’s proposed Comprehensive Plan updates, 
34 
Land Development Regulations, other design standards and Capital Improvements Programs for Municipal, 
35 
School Board and adjacent county review and comment prior to Board action. 
36 

2030 Comprehensive Plan 
Updated October 7, 2025 
299 
Policy VI-1.10.4  Sharing of Resources 
1 
The County will continue to provide land use data and socio-economic data to the municipalities, the School 
2 
Board, the LSMPO and other units of government and agencies. 
3 
 
 
4 

2030 Comprehensive Plan 
Updated October 7, 2025 
300 
 
1 
 
2 
CHAPTER VII:  PARKS AND RECREATION ELEMENT 
3 
 
4 
PLANNING HORIZON 2030 
5 
 
 
6 

2030 Comprehensive Plan 
Updated October 7, 2025 
301 
Parks and Recreation Element 
1 
Public parks play an integral part in the quality of life in any community. They provide larger open areas 
2 
for sporting activities, play, and relaxation than are available to most residential lots and constitute breaks 
3 
in and relief from the built environment. They can be located within residential, business or industrial areas 
4 
and may serve a neighborhood, the community at large, or the region. The Parks and Recreation Element 
5 
documents the inventory of existing parks and recreation facilities and improvements, identifies standards of 
6 
development, assesses needs and priorities based upon local standards and citizen input, and recommends 
7 
a framework for development of an adequate parks and recreation system to meet the current and future 
8 
needs of the community through the year 2030.  
9 
The primary focus of this element is to enhance existing parks, recreation, and open space opportunities for 
10 
all Lake County citizens and visitors.

y. 
12 
Policy III-3.1.4  Lake Apopka Restoration Area 
13 
Lake County shall preserve the environmental integrity of the Lake Apopka Restoration Area as an intact 
14 
ecosystem and important bird rookery by protecting its natural resources including, but not limited to, 
15 
hydrologic regimes, waters, wetlands, floodplain, and wildlife. 
16 
Policy III-3.1.5  Lake Wales Ridge 
17 
Within 12 months of the effective date of the Comprehensive Plan, Lake County shall establish a program 
18 
to secure the protection of rare and native upland communities unique to the Lake Wales Ridge. 
19 
OBJECTIVE III-3.2  HABITAT AND WILDLIFE PRESERVATION 
20 
Lake County shall conserve habitat and wildlife populations in order to maintain the health of natural 
21 
ecosystems and maintain biodiversity. In addition, the County shall cooperate with federal, state, and local 
22 
agencies to protect and maintain viable habitat for species designated as endangered, threatened, or 
23 
species of special concern. 
24 
Habitat management of conservation lands is vital towards maintaining the quality of land.  Prescribed 
25 
burning is a vital management tool for an array of wildlife species.  The County shall provide for the use of 
26 
prescribed fires on conservation lands. 
27 
Policy III-3.2.1  General Wildlife Habitat and Populations 
28 
Wildlife in existing natural areas such as surface waters and their perimeters, wetlands, floodplains, and 
29 
native uplands shall be conserved and enhanced by management techniques which encourage the 
30 
improvement of biological diversity and wildlife resources. Lake County, through implementation of this Plan 
31 
and the Land Development Regulations, shall maintain species diversity and viable populations of non-listed 
32 
wildlife species through the provision of open space and public conservation land. 
33 
Policy III-3.2.2  Neighborhood Wildlife Management Programs 
34 
Wildlife habitat within developed areas shall be enhanced through a County neighborhood wildlife 
35 
management program encouraging such techniques as urban forestry, scenic road preservation, wildflower 
36 
planting, bird sanctuary areas, wildlife-friendly stormwater systems, and native landscaping.  
37 
Policy III-3.2.3  Prescribed Fire in the Management of Conservation Land 
38 
Fire is an important and natural process for many of Florida’s natural plant communities such as, but not 
39 
limited to, pine flatwoods, sandhill, sand pine scrub, and xeric oak scrub.  The use of prescribed fire is 
40 
important to the continued health of these natural communities and improves their wildlife habitat value. 
41 

2030 Comprehensive Plan 
Updated October 7, 2025 
248 
The County shall encourage Best Management Practices associated with native habitats, such as prescribed 
1 
fires, and shall coordinate with the federal, state, and local agencies regarding management programs and 
2 
policy.   
3 
Policy III-3.2.4  Freshwater Habitat and Wildlife 
4 
The County shall seek and utilize management plans developed by the Florida Fish and Wildlife 
5 
Conservation Commission, Lake County Water Authority, Florida Department of Environmental Protection, 
6 
and U.

ensive Plan with the plans and programs of regional, 
21 
state and federal agencies in order to more effectively and efficiently address cross-jurisdictional issues.  
22 
Ensuring that the impacts resulting from the implementation of the Lake County Comprehensive Plan upon 
23 
development in municipalities, adjacent counties, regions and the State are addressed through the effective 
24 
use of the following intergovernmental coordination mechanisms is also a County priority.  A tool that will be 
25 
used to achieve this goal is to establish Joint Planning Area Agreements with the 14 municipalities and utilize 
26 
the informal mediation process of the East Central Florida Regional Planning Council to implement the goals, 
27 
objectives and policies of the Comprehensive Plan.  
28 
 
29 
GOAL VI-1  INTERGOVERNMENTAL COORDINATION  
30 
The County shall ensure the effectiveness and efficiency of all governmental services and programs by 
31 
fostering intergovernmental coordination between the County, its municipalities, LSMPO, Lake County School 
32 
Board, adjacent governments, utilities and quasi-public agencies, and regional, state and federal 
33 
governments.  The County shall coordinate with other local governments and agencies to encourage consistent 
34 
facility, services and land use plans, to ensure cost-effective services, to maintain compatible land uses, and 
35 
to implement resource planning and management plans.  
36 
OBJECTIVE VI-1.1  COORDINATION OF THE LAKE COUNTY COMPREHENSIVE PLAN 
37 
WITH ADJACENT LOCALITIES AND OTHER UNITS OF GOVERNMENT 
38 
Lake County shall coordinate its programs and Comprehensive Plan with the programs and plans of 
39 
municipalities, agencies and adjacent counties to ensure effective and efficient delivery of public services, 
40 
and will strive to update, maintain, or adopt new interlocal agreements within one year of the adoption of 
41 
the Intergovernmental Coordination Element.  Lake County shall ensure that the impacts resulting from the 
42 
implementation of the Comprehensive Plan upon development in municipalities, adjacent counties, regions 
43 
and the State are addressed through the effective use of the following intergovernmental coordination 
44 
mechanisms. 
45 

2030 Comprehensive Plan 
Updated October 7, 2025 
276 
Policy VI-1.1.1  Intergovernmental Agreements with Adjacent Jurisdictions 
1 
The County shall endeavor to develop and maintain intergovernmental agreements or joint planning 
2 
agreements with adjacent jurisdictions to provide for the following:  
3 
• 
Coordination of land use density and intensity and transportation facilities along the County 
4 
boundary; 
5 
• 
Improved opportunities to review and comment on proposed Developments of Regional Impact, 
6 
Comprehensive Plan amendments, Planned Developments, preliminary site plans and capital projects 
7 
in proximity to its border; 
8 
• 
Sharing of planning, development, and capital improvement data; 
9 
• 
Exchange of plans, studies, ordinances, and Land Development Regulations that may affect either 
10 
government; and 
11 
• 
Distribution of information concerning the level of service standards for public facilities and services. 
12 
Policy VI-1.1.2  Joint Planning Committees 
13 
The County shall form and utilize joint Municipal/County planning committees, to ensure consistency between 
14 
Comprehensive Plan programs and issues. 
15 
Policy VI-1.1.3  Adoption of Joint Planning Areas 
16 
Within 12 months of the adoption of this Comprehensive Plan the County shall pursue Joint Planning Areas 
17 
(JPAs) with each of the municipalities in Lake County and with adjacent counties to address, at minimum, 
18 
future annexations, provision of services and facilities and land use compatibility.

duled prior to site development. 
41 
The County reserves the right to perform compliance inspections. 
42 

2030 Comprehensive Plan 
Updated October 7, 2025 
250 
Policy III-3.2.15  Management of Private Lands 
1 
The County shall encourage proper management of natural communities and designated species on private 
2 
lands.   
3 
Policy III-3.2.16  Explore a Land Banking Program for Habitat Mitigation 
4 
Lake County, in cooperation with the Lake County Water Authority, and other state and regional regulatory 
5 
and land use management agencies, shall investigate the feasibility of establishing an off-site ""land banking"" 
6 
or land trust program as an option for the mitigation of the unavoidable loss of protected rare or 
7 
endangered lands, natural upland communities, and wetlands.  The monies generated from this program 
8 
shall be dedicated to the purchase of significant environmentally sensitive lands for preservation.   
9 
Policy III-3.2.17  Wildlife Consideration within Development Projects 
10 
The County shall require the following methodology regarding the development of property potentially 
11 
containing species designated as endangered, threatened, or species of special concern: 
12 
As a condition for development approval, the developer/applicant shall be required to complete a site 
13 
survey of plants and animals including listed species, utilizing the most current wildlife methodology guidelines 
14 
published by Florida Fish and Wildlife Conservation Commission and current information from FNAI.  
15 
Development shall be clustered in such a way as to avoid Sensitive Natural Habitat as identified in the site 
16 
survey. 
17 
Protection of listed species shall be accomplished either through onsite preservation or relocation within the 
18 
designated area in accordance with a management plan acceptable to, and permitted by FFWCC, U.S. Fish 
19 
and Wildlife Service, or other agency having jurisdiction. Incidental taking of listed species shall be 
20 
prohibited unless the jurisdictional agency determines that a particular group of animals on the site can not 
21 
benefit from either onsite preservation or relocation, and expressly approves the incidental taking.  To the 
22 
extent possible, commensal species shall also be relocated with the designated species.   
23 
Even if an incidental take permit, or similar permit is issued, the County may limit the developable area of 
24 
a site and require, as a condition of approval, preservation of the species on-site if a biological study 
25 
demonstrates that:  
26 
• 
that sufficient habitat would still be available to maintain a viable population of the species; and 
27 
• 
that the proposed development could be clustered or otherwise redesigned. 
28 
If a listed species is determined to exist on a site within areas of ecological significance, as determined by 
29 
the jurisdictional agency, the following shall apply in the given order of priority:  
30 
• 
The developer/applicant must accomplish development in such a fashion as to avoid the habitat of 
31 
the listed species; or  
32 
• 
The developer/applicant must demonstrate to the County that it is not possible to avoid the habitat 
33 
of said species with the approved use, and then relocate the species on site to an equally suitable 
34 
area consistent with guidelines published by FFWCC; or  
35 
• 
The developer/applicant must demonstrate to the County via site analysis that development with 
36 
the approved use cannot be accomplished through onsite relocation and that a conservation benefit 
37 
can be achieved for the species and natural community through off-site relocation.","Based on the provided excerpts from the Lake County comprehensive plan, the following policies related to wildlife corridors, greenway linkages, or habitat connectivity can be identified:

1. **Wildlife Corridors**: Policy VI-1.4.3, ""Identification and Protection of Wildlife and Habitat Corridors"" (Lake County, p. 10), states that Lake County shall cooperate with federal, state, and local agencies and conservation organizations to identify wildlife and habitat corridors that serve as biological connections between natural areas, and shall implement programs that protect the viability of these corridors. These programs shall include focused land acquisition initiatives, conservation easements, and appropriate regulatory measures.

2. **Greenway Linkages**: There is no explicit policy related to greenway linkages in the provided excerpts. However, Policy VI-1.9.8, ""Trails Program"" (Lake County, p. 18), mentions the expansion and improvement of the trails program, which may include greenway linkages.

3. **Habitat Connectivity**: Policy III-3.2.1, ""General Wildlife Habitat and Populations"" (Lake County, p. 29), states that wildlife in existing natural areas shall be conserved and enhanced by management techniques that encourage the improvement of biological diversity and wildlife resources. This policy aims to maintain species diversity and viable populations of non-listed wildlife species through the provision of open space and public conservation land.

4. **Land Banking Program for Habitat Mitigation**: Policy III-3.2.16, ""Explore a Land Banking Program for Habitat Mitigation"" (Lake County, p. 6), proposes the establishment of an off-site ""land banking"" or land trust program as an option for the mitigation of the unavoidable loss of protected rare or endangered lands, natural upland communities, and wetlands.

5. **Wildlife Consideration within Development Projects**: Policy III-3.2.17, ""Wildlife Consideration within Development Projects"" (Lake County, p. 10), requires developers to complete a site survey of plants and animals, including listed species, and to cluster development to avoid sensitive natural habitats. This policy also requires the protection of listed species through onsite preservation or relocation within the designated area.

In summary, while there are policies related to wildlife corridors, habitat connectivity, and wildlife consideration within development projects, there is limited evidence of explicit policies related to greenway linkages."
"What land acquisition, purchase, or conservation easement mechanisms are described in Leon County?","Leon County Comprehensive Plan Doc 
 
Wildlife corridor 
In addition to the Gateway Corridor components identified in 
Policy 2.6.2, encourage the redevelopment of the North Monroe 
Corridor by establishing and maintaining the Lake Protection 
Corridor zoning district for areas north of Interstate-10 that are 
within the Lake Jackson Basin. Land development regulations 
shall also provide provisions for non-conforming uses and 
properties in the Lake Protection land use category to be deemed 
conforming when redevelopment or site improvements result in 
the site meeting the design standards and water quality standards 
for the Lake Jackson basin established in land development 
regulations. 
 
Land acquisition 
Objective 1.2 [LM]– Preservation of Natural Areas (City 
of Tallahassee/Leon County) (EFF. 1/23/26) 
Preserve important natural areas, including conservation areas, 
environmentally sensitive features, and water resources through 
a combination of identification, analysis, designation of resources 
on the Future Land Use Map, policies in the Conservation 
Element, land development regulations, and acquisition. 
Prioritize the protection of these areas when making decisions 
regarding land use, transportation, and infrastructure location 
and expansion. 
Policy 1.2.1 [LM]- Acquisition of Conservation and 
Preservation Lands (City of Tallahassee/Leon County): 
(EFF. 1/23/26) 
The City and County shall monitor existing and potential funding 
sources for the acquisition of land to restore, connect, and protect 
natural habitats and sensitive lands. The Planning Department 
shall coordinate with the appropriate departments, agencies, or 
partners to support application and securing of funding for 
priority acquisition areas. 
 
Wildlife Crossings  
n/a 
 
Wildlife Surveys  
Policy 1.6.2: [C] (REV. EFF. 8/17/92) 
Within one year of the establishment of an environmentally 
sensitive land acquisition program and any acquisition selection 
committee a survey shall be initiated to determine the 
community’s definition of greenspace and 
preservation/conservation lands and the community’s objectives 
for acquisition of such lands. Purchasing criteria shall then be 
developed which reflect those objectives, and these criteria shall 
be the standards used by the local government in developing their 
acquisition program. These may include habitats of listed species, 
environmentally significant lands that are not sufficiently 
represented on other protected lands in the county, and habitats 
and vegetative communities (e.g., upland communities) that are 

not well protected through regulatory processes. 
Policy 3.1.4: [C] (REV. EFF. 12/7/99) 
By 2001, local government shall develop habitat protection and 
management guidelines that at a minimum meet or exceed state 
and federal requirements for threatened, endangered species and 
species of special concern. Through local ordinances, continue to 
require proposed development to indicate any habitats of 
endangered, threatened, and species of special concern which 
may exist on-site or may be expected to occur on-site. In addition, 
the applicant must discuss the wildlife habitat characteristics of 
the site and list any wildlife species observed through field survey. 
State and Federal requirements will give guidance until local 
management guidelines are developed. 
Policy 1.2.3: [HC] (EFF. 7/1/94; REV. EFF. 4/10/09) 
To further the purposes of affordable housing, the County will 
continue to survey all publicly owned land to determine what 
parcels are not needed for public purposes. After these parcels are 
evaluated for environmental and other constraints, the County 
will donate or sell appropriate parcels to non-profit providers of 
affordable housing and encourage other public agencies to donate 
or sell properties for the same purpose.

torical growth rate of 
Leon County. Specifically, Tallahassee-Leon County should 
continue to grow with an emphasis on selected growth that pays 
for itself through the provision of well-paid jobs and economic 
leverage factors which enhance the quality of life of the 
community. The universities and state government, which have 
been our traditional economic strengths, should be built upon 
and encouraged to expand. Thus, selected recruitment and 
continued expansion of the universities and state government 
should form the nucleus for the continued growth of Leon 
County. 
Our comprehensive plan is a living document, used every day in 
decisions made by local governments. It is regularly reviewed and 
amended to ensure that it remains current and consistent with 
our community vision.

I. Land Use and Mobility 
  
 
Tallahassee-Leon County 2050 Comprehensive Plan (as of 2025 Amendment 25-01ESR and 25-02ESR, eff. 01/23/2026) 
1 
 
LAND USE AND MOBILITY ELEMENT 
GOALS, OBJECTIVES, AND POLICIES 
Goal 1 [LM]  
(Eff. 1/23/26) 
– A Healthy Environment: 
The community will maintain a healthy environment with 
drinkable water, breathable air, unpolluted lakes, rivers, and 
soils, renewable energy sources, conservation areas that protect 
valuable or irreplaceable natural resources, and open spaces 
available and accessible to all residents and visitors to our 
community. 
To achieve this goal, our community will: 
• 
Identify natural resources that contribute to a healthy 
environment and human well-being. Prioritize the 
preservation of natural areas (including conservation 
areas, environmentally sensitive features, and water 
resources) when making land use and transportation 
decisions. 
• 
Provide access and opportunities for passive and active 
open spaces that promote healthy active lifestyles for 
all citizens. 
• 
Coordinate between the City and County, with 
neighboring jurisdictions, and with regional, state, and 
federal agencies to cooperatively support protection of 
natural resources that extend beyond jurisdictional 
boundaries. 
. 
 
OBJECTIVE 
1.1 
[LM]– 
IDENTIFICATION 
OF 
NATURAL 
RESOURCES 
AND 
HISTORIC 
FEATURES 
(CITY 
OF 
TALLAHASSEE/LEON COUNTY): (EFF.1/23/26) 
Identify natural, cultural, archaeological, and historic resources 
that contribute to human well-being and community character 
 
Policy 
1.1.1 
[LM]- 
Geographic 
Data 
(City 
of 
Tallahassee/Leon County):   
(EFF.1/23/26) 
In order Local governments shall maintain a geographic 
information system enabling mapping and spatial analyses that 
includes, at a minimum, the following data: 
• 
Wetlands, waterbodies, watercourses 
• 
Floodplains and floodways 
• 
Significant and severe grades 
• 
Drainage basins and related features 
• 
High quality successional and native forests 
• 
Active and other karst features 
• 
Significant trees 
• 
Canopy road corridors 
• 
Local soil types and conditions 
• 
Known operating and abandoned landfill sites 
• 
Known active and former mining sites 
• 
Historic resources of national, state and local significance 
• 
Florida Ecological Greenway Network Primary Springs 
Protection Zone 
• 
Perpetual conservation easements. 
 

I. Land Use and Mobility

making decisions 
regarding land use, transportation, and infrastructure location 
and expansion. 
Policy 1.2.1 [LM]- Acquisition of Conservation and 
Preservation Lands (City of Tallahassee/Leon County):
 
(EFF. 1/23/26) 
The City and County shall monitor existing and potential funding 
sources for the acquisition of land to restore, connect, and protect 
natural habitats and sensitive lands. The Planning Department 
shall coordinate with the appropriate departments, agencies, or 
partners to support application and securing of funding for 
priority acquisition areas. 
Policy 1.2.2 [LM]- Environmental Analysis (City of 
Tallahassee/Leon County): 
 
 (EFF. 1/23/26) 
Planning Department staff shall conduct an environmental 
analysis when amendments to the Comprehensive Plan are 
proposed. The analysis shall include natural resources and 
geographic features, including those listed in Policy 1.1.1, that 
contribute to human well-being and community character and 
identify the potential impacts to environmental and human 
health. 
Policy 1.2.3 [LM]- Transportation Impact Mitigation 
(City of Tallahassee/Leon County): 
(EFF. 1/23/26) 
The planning and design of new or the expansion of existing local 
transportation facilities shall account for natural, cultural, and 
historic resources and existing neighborhoods. These projects 
shall prioritize avoiding and minimizing impacts to those 
features. Where avoidance and minimization are not feasible or 
practical, impacts to the features shall be mitigated. 

I. Land Use and Mobility 
  
 
Tallahassee-Leon County 2050 Comprehensive Plan (as of 2025 Amendment 25-01ESR and 25-02ESR, eff. 01/23/2026) 
3 
 
Policy 
1.2.4 
[LM]- 
Transportation 
Corridor 
Environmental Features (City of Tallahassee/Leon 
County): 
(EFF. 1/23/26) 
By The City and the County shall consider context-based 
beautification, landscaping, and stormwater facility and land 
development regulations that provide environmental protection 
measures for transportation corridors, where feasible by: 
a. Increasing the amount of site and adjacent green 
spaces/open spaces. 
b. Utilizing native or adapted vegetation and natural systems, 
such as bioswales, to control runoff. 
c. Maintaining and/or enhancing ground cover, 
canopy, and understory vegetation where new 
roads are built. 
d. Protecting designated canopy roads by designing 
public infrastructure improvements to minimize 
development 
impacts 
consistent 
with 
the 
Conservation 
Element 
and 
Canopy 
Roads 
Management Plan. 
e. Enhancing the character of transportation 
corridors and gateways to the community 
through access management strategies, preserved 
green space for landscaping, and consolidated 
signage. 
Policy 1.2.5 [LM]- Connected Open Space (City of 
Tallahassee/Leon County): 
(EFF. 1/23/26) 
Open space that is proposed in a development application shall 
be organized in a manner that prioritizes natural areas with 
sensitive onsite environmental features and creates continuous 
and contiguous open space areas to the greatest extent possible 
to minimize habitat fragmentation. Where feasible, the siting of 
open space shall occur in a manner that creates cohesive and 
connected open space across property boundaries to ensure 
interconnected greenspaces. 
Policy 1.2.6 [LM]- Conservation Element (City of 
Tallahassee/Leon County): 
(EFF. 1/23/26) 
Should conflicts arise between implementation of policies in the 
Land Use and Mobility Element and the Conservation Element 
on matters of natural resources, the Conservation Element 
policies shall take precedent.

rtment will provide a streamlined permitting 
process. The County’s streamlined permitting procedure will 
provide in part for: a mandatory maximum review time for 
projects by type (e.g., 120 days for average and small sized 
projects; 180 days for large projects) for the processing of all 
rezoning, site plan, PUD, or subdivision reviews; in conjunction 
with the City and County GIS, the creation of a computerized 
wide-area and local-area network which will facilitate the delivery 
of development services on a one-stop basis and reduce 
application and permitting processing time. The streamlined 
permitting process for affordable housing and a process for the 
review of local ordinances and regulations for their impact on 
affordable housing shall be developed by the Housing Advisory 

V. Housing 
 
 
Tallahassee-Leon County 2050 Comprehensive Plan (as of 2025 Amendment 25-01ESR and 25-02ESR, eff. 01/23/2026) 
169 
 
Committee and adopted by the County as provided under the 
SHIP Program. 
 
Policy 1.2.3: [HC] 
(EFF. 7/1/94; REV. EFF. 4/10/09) 
To further the purposes of affordable housing, the County will 
continue to survey all publicly owned land to determine what 
parcels are not needed for public purposes. After these parcels are 
evaluated for environmental and other constraints, the County 
will donate or sell appropriate parcels to non-profit providers of 
affordable housing and encourage other public agencies to donate 
or sell properties for the same purpose. 
 
Policy 1.2.4: [HC] 
(EFF. 7/1/94; REV. EFF. 8/9/12) 
Contingent on the availability of funding, the County shall enter 
into public/private partnerships to encourage the private sector 
to provide reduced cost home repair and improvement loans and 
first mortgage home financing pursuant to the provisions of the 
Community Reinvestment Act. In order to make the program 
feasible, the County will investigate the establishment of a loan 
guarantee fund, establish a timeline, and annually review 
implementation of public-private funding partnerships for very 
low, low and moderate-income homeowner repair and 
improvements loans and first-time home buyer home purchase 
loans in order to reduce the risks to the private sector of providing 
home improvement and home purchase loans to very low, low, 
and moderate income owners. 
 
Policy 1.2.5: [HC] 
(EFF. 7/1/94; REV. EFF. 4/10/09) 
The mixed use land development categories shall allow affordable 
housing in certain commercial areas where appropriate to the 
plan of development consistent with environmental constraints. 
The land development regulations shall include provisions to 
implement this policy. 
 
Policy 1.2.6: [HC] 
(EFF. 7/1/94; REV. EFF. 4/10/09) 
The Leon County Growth and Environmental Management 
Department will undertake a study to determine how its 
concurrency requirements may be modified to provide incentives 
for the inclusion of affordable housing in residential development 
plans. This study shall be submitted to Leon County Board of 
County Commissioners for consideration by December 31, 2009. 
 
Policy 1.2.7: [HC] 
(EFF. 7/1/94; REV. EFF. 4/10/09) 
The Leon County Housing Services Division will work with major 
employers to incorporate employee home ownership assistance 
programs as part of employee retention programs. Program 
components can include, if employers agree, mortgage 
guarantees and forgivable down payment loans.

land use category is to maintain and 
promote agriculture, silviculture, and natural resource-based 
activities, to preserve natural systems and ecosystem functions, 
and to protect the scenic vistas and pastoral development 
patterns that typify Leon County’s rural areas. Typical land uses 
within this category shall include agriculture, silviculture, and 
natural resource-based activities. Due to the very low intensity 
development pattern that is intended for the category, urban 
services are not planned or programmed for the area. 
The Rural land use category shall allow single family residential 
uses at a maximum density of one dwelling unit per 10 acres. 
Non-residential uses functionally related to and directly in 
support of agriculture, the growth and cultivation of trees, and 

I. Land Use and Mobility 
  
 
Tallahassee-Leon County 2050 Comprehensive Plan (as of 2025 Amendment 25-01ESR and 25-02ESR, eff. 01/23/2026) 
20 
 
other natural resource-based activities, including ecotourism 
activities, may be permitted at a maximum intensity of 2,000 
square feet per acre. The location of such uses shall be limited to 
the intersection of major collector and arterial or the intersection 
of two arterial designated roadways with development standards 
provided in land development code regulations for these nodes, 
except for non-residential uses supporting ecotourism activities, 
which shall be allowed near the waterbodies and natural features 
that are the focus of the ecotourism activity. 
Community services, light infrastructure, and recreational uses 
may be permitted provided they are compatible with the natural 
and rural surroundings. Facilities associated with these uses may 
be permitted at a maximum intensity of 5,000 square feet per 
acre, with the primary structure not to exceed 7,500 square feet. 
Active recreational uses not functionally related to or supportive 
of agriculture, silviculture, or natural resource-based ecotourism 
activities are prohibited. This includes, but is not limited to, golf 
course, drag strips, and racetracks. 
To ensure that such uses are developed in a manner that is 
compatible with the rural nature of the area, additional design 
standards and limitations shall be included in the land 
development code. 
The following special conditions shall apply to the Rural Land 
Use category: 
1. Development proposals within the Rural Land Use 
category shall be evaluated for compatibility with 
adjacent agricultural and silvicultural uses and shall 
consider the land management activities associated with 
such uses, including prescribed fires which result in 
smoke. 
Development 
that 
is 
incompatible 
with 
agricultural uses, or has the potential to fragment, 
encroach upon, or displace such uses, shall not be 
permitted. 
2. Property within the Rural Land Use category shall not be 
converted to a more intense land use category unless the 
subject site adjoins the Urban Services Area or a 
designated Rural Community. 
3. Non-residential development shall be subject to design 
standards that preserve the scenic and rural character of 
this category and protect existing rural residential 
development from offsite impacts of non-residential 
development.","Based on the provided excerpts from the Leon County comprehensive plan, the following land acquisition, purchase, or conservation easement mechanisms are described:

1. **Land Acquisition**: The County shall monitor existing and potential funding sources for the acquisition of land to restore, connect, and protect natural habitats and sensitive lands [Leon County, p. 3].
2. **Conservation Easements**: The County shall consider context-based beautification, landscaping, and stormwater facility and land development regulations that provide environmental protection measures for transportation corridors, which may include perpetual conservation easements [Leon County, p. 8].
3. **Public/Private Partnerships**: The County shall enter into public/private partnerships to encourage the private sector to provide reduced cost home repair and improvement loans and first mortgage home financing [Leon County, p. 175].
4. **Donation or Sale of Publicly Owned Land**: The County will continue to survey all publicly owned land to determine what parcels are not needed for public purposes and donate or sell them to non-profit providers of affordable housing [Leon County, p. 174].
5. **Streamlined Permitting Process**: The County will provide a streamlined permitting process for affordable housing, which will include a mandatory maximum review time for projects by type [Leon County, p. 174].

It is worth noting that while the excerpts mention various mechanisms for land acquisition and conservation, they do not provide a comprehensive list of all available options. Additionally, some policies are focused on specific goals, such as affordable housing, rather than general land acquisition or conservation.

In terms of enforceable policies, the following are relevant:

* Policy 1.2.1 [LM] Acquisition of Conservation and Preservation Lands (City of Tallahassee/Leon County): The City and County shall monitor existing and potential funding sources for the acquisition of land to restore, connect, and protect natural habitats and sensitive lands [Leon County, p. 3].
* Policy 1.2.4 [LM] Transportation Corridor Environmental Features (City of Tallahassee/Leon County): The City and the County shall consider context-based beautification, landscaping, and stormwater facility and land development regulations that provide environmental protection measures for transportation corridors [Leon County, p. 8].
* Policy 1.2.3 [HC] To further the purposes of affordable housing, the County will continue to survey all publicly owned land to determine what parcels are not needed for public purposes and donate or sell them to non-profit providers of affordable housing [Leon County, p. 174].

Overall, the Leon County comprehensive plan includes various mechanisms for land acquisition, conservation, and affordable housing, but the specific policies and procedures may require further review and clarification."
"Does Manatee County require biological assessments, wildlife surveys, or listed species reviews for development?","e. 
 
 

COMPREHENSIVE PLAN
OF
MANATEE COUNTY, FLORIDA
Published in 2017 by Order of the Board of County Commissioners
Supp. No. 9

CURRENT OFFICIALS
of
MANATEE COUNTY, FLORIDA
James Satcher
Reggie Bellamy
Kevin Van Ostenbridge
Misty Servia
Vanessa Baugh
Carol Whitmore
George Kruse
County Commissioners
William Clauge
Attorney for the Board of
County Comissioners
Angelina Colonneso
Clerk of the Circuit Court
Dr. Scott L. Hopes
County Administrator
iii
Supp. No. 8

PREFACE
This volume contains the Comprehensive Plan of Manatee County, Florida, as
adopted by the Manatee County Board of County Commissioners. The source mate-
rials used in the preparation of this volume was the Comprehensive Plan, adopted May
11, 1989, and ordinances subsequently adopted by the Board of County Commission-
ers.
The source of each section is included in the history note appearing in parentheses at
the end thereof. The absence of such a note indicates that the section is new and was
adopted for the first time with the adoption of this Comprehensive Plan. By use of the
table of amendments appearing in the back of this volume, the reader can locate any
section of the Comprehensive Plan, as supplemented, and any subsequent ordinance
included herein.
Except as otherwise noted, the Comprehensive Plan has been printed as adopted
and the original numbering of sections has been retained. Capitalization and expres-
sion of numbers within the text has been unchanged from the original. Obvious
typographical errors have been corrected without notation; words or phrases added by
the editor for purposes of clarification are enclosed in brackets.
Page Numbering System
The page numbering system used in this volume is a prefix system. The letters to the
left of the colon are an abbreviation which represents a certain portion of the volume.
The number to the right of the colon represents the number of the page in that portion.
In the case of an element of the Comprehensive Plan, the number to the left of the
colon indicates the number of the element. The following are typical parts of Compre-
hensive Plans, which may or may not appear in this volume at this time, and their
corresponding prefixes:
COMPREHENSIVE PLAN
1:1
TABLE OF AMENDMENTS
TOA:1
STATE LAW REFERENCE TABLE
SLT:1
INDEX
CPi:1
Index
The index has been prepared with the greatest of care. Each particular item has been
placed under several headings, some of which are couched in lay phraseology, others in
legal terminology, and still others in language generally used by local government
officials and employees. There are numerous cross references within the index itself or
which stand as guideposts to direct the user to the particular item in which the user is
interested.
v
Supp. No. 3

Looseleaf Supplements
A special feature of this publication is the looseleaf system of binding and supple-
mental servicing of the publication. With this system, the publication will be kept
up-to-date. Subsequent amendatory legislation will be properly edited, and the affected
page or pages will be reprinted. These new pages will be distributed to holders of copies
of the publication, with instructions for the manner of inserting the new pages and
deleting the obsolete pages.

ures.
Implementation Mechanism(s):
(a)
County review and comment on proposed site design and layout.
(b)
Appropriate revisions to the Land Development Code by the County.
Policy 2.9.1.8. Encourage the design of residential projects providing continuous green space con-
necting neighborhoods.
Objective 2.9.1
MANATEE COUNTY COMPREHENSIVE PLAN
2:66
Supp. No. 3

Policies 2.9.1.9. Require where feasible, pedestrian and bicycle access to community spaces, schools, 
recreational facilities, adjacent neighborhoods, employment opportunities, professional and commercial 
uses. (See also Objective 3.3.3) 
Implementation Mechanism(s): 
(a) 
County review of site design and coordination with the School Board. 
(b) 
Maintain appropriate provisions in the Land Development Code to implement this policy. 
Policy 2.9.1.10. Provide for the integration and assimilation of smaller residential infill parcels into 
existing neighborhoods by encouraging consistency in building setbacks, lot size, dwelling unit sizes, 
building heights, and street patterns. 
Policy 2.9.1.11. The County shall address the cumulative impacts of the inter-related issues between 
land use, infrastructure, and transportation and determine public/private funding mechanisms to 
support community needs. 
(Ord. No. 16-23, § 6(Exh. D), 9-19-16; Ord. No. 18-04, § 6(Exh. D), 8-23-18) 
Objective 2.9.2. Adverse Impact on Communities. 
Mitigate or where possible, prevent adverse impacts on residential uses. (See also Objective 2.6.2) 
Policy 2.9.2.1. Prohibit the location of land uses (e.g., vehicular racing facilities, outdoor concert 
facilities) which generate significant noise impacts on existing or future residential areas, in locations 
proximate to residential uses, unless mitigation measures can reduce noise impacts to acceptable levels. 
Policy 2.9.2.2. Regulate the appropriate location of wildlife, classified as Class I or II under Rules 
adopted to implement § 379.303, F.S., and poisonous and venomous reptiles as defined in Rules 
implementing § 379.372, F.S., to protect and preserve the residential neighborhoods of Manatee County. 
Implementation Mechanism: 
(a) 
Maintain land development regulations containing requirements for appropriate location, 
buffering, environmental protection and other land use related aspects of wildlife posses-
sion and handling, pursuant to Florida Fish and Wildlife Conservation Commission 
regulations. 
Policy 2.9.2.3. Prohibit the development of any industrial use within any residential designation. 
Policy 2.9.2.4. Require all residential development in areas vulnerable to flooding be consistent with 
policies under Objectives 2.3.3 and 4.3.2. 
Implementation Mechanism(s): 
(a) 
County review and comment on proposed development requests. 
(b) 
Identification of vulnerable property by the County. 
(Ord. No. 16-23, § 6(Exh. D), 9-19-16; Ord. No. 18-04, § 6(Exh. D), 8-23-18) 
Objective 2.9.3. Innovative Community Planning. 
Establish innovative community planning efforts. [See Element 4 - Coastal Management] 
 Objective 2.9.3
FUTURE LAND USE
2:67
Supp. No. 11 

Policy 2.9.3.1. Continue implementation of the community planning program. This program shall 
identify critical neighborhood issues, resources, and themes, and shall include community citizen input.

scale which will permit its use as an
information planning resource, a planning tool, and a regulatory device.
Objective 2.3.1
MANATEE COUNTY COMPREHENSIVE PLAN
2:50.4
Supp. No. 8

Policy 2.2.3.1. Provide the Future Land Use Map Series in a suitable manner for use as an informa-
tional tool for preliminary property assessments by interested parties:
Implementation Mechanism:
(a)
Map series following this objective.
Policy 2.2.3.2. Provide the Future Land Use Map Series suitable for use as a regulatory tool, utilizing
a scale which is suitable for determining location of even small parcels of property.
Implementation Mechanism:
(a)
One (1) inch: One thousand (1,000) feet scale map series adopted, and available in
reproducible form from Manatee County.
(Ord. No. 18-04, § 6(Exh. 6), 8-23-18)
GOAL 2.3
A Land Use Pattern Sensitive to Natural Features and Environmental Constraints.
Objective 2.3.1. Clustering and Density/Intensity Transfers to Preserve Natural Resources.
Promote the clustering of uses and the transfer of density/intensity to:
•
Protect sensitive environments while preserving development potential;
•
Decrease impervious surface in important groundwater recharge areas;
•
Decrease runoff to potable water reservoirs;
•
Limit development in areas subject to natural disasters which may cause damage to life and/or
property;
•
Preserve endangered and threatened species;
•
Preserve open areas to increase light, air, and quality of life;
•
Decrease development costs by limiting infrastructure; and
•
Decrease maintenance costs for new infrastructure. [See Element 4 - Coastal Management and
Element 5 - Transportation]
Policy 2.3.1.1. Permit the transfer of density or intensity from undisturbed jurisdictional wetlands
and associated buffers to upland portions of the same project site. Such transfer shall be limited to
wetland acreage less than or equal to twenty (20) percent of total gross project acreage. The develop-
ments will still be subject to:
• Limitations on gross and net density and floor area ratio as established for each land use category,
and
• Compliance with other goals, objectives, and policies, and applicable land development regulations.
Implementation Mechanism:
(a)
Maintain Land Development Code provisions to ensure compliance with this policy.
Objective 2.3.1
FUTURE LAND USE
2:51
Supp. No. 9

Policy 2.3.1.2. Minimize the alteration or relocation of any perennial lake or stream by allowing the
clustering of density/intensity away from the water body and the floodplain onto upland portions of the
same site. Any alteration or relocation of a perennial lake or stream requires a finding of overriding
public interest by the Board of County Commissioners.
Implementation Mechanism:
(a)
Establish minimum lot sizes and clustering standards in the LDC.
(b)
Require Board approval of a site plan that proposes to alter or relocate a perennial lake or
stream for compliance with this policy.
Policy 2.3.1.3. Promote the transfer of density or intensity from environmentally significant uplands,
such as habitat for endangered and threatened species to other areas of the development site.
Implementation Mechanism:
(a)
Establish clustering development standards in the LDC.

ficant adverse impact on Manatee County's infrastructure and facilities or would be
inconsistent with the Comprehensive Plan, unless mitigation measures are taken by the municipality.
Objective 11.1.3. Implementation Framework.
Provide an effective framework for Comprehensive Plan implementation which identifies the inter-
and intra- governmental impacts and responsibilities of planning policies to ensure Comprehensive Plan
compliance.
Policy 11.1.3.1. Identify and carry out the primary and secondary coordination responsibilities
associated with policy implementation. Coordination responsibilities identified pursuant to this policy
shall be provided by way of representative examples of ""implementation mechanisms"" for policies in the
Objective 11.1.1
MANATEE COUNTY COMPREHENSIVE PLAN
11:4

Comprehensive Plan. These implementation mechanisms shall not be considered as binding or all-
inclusive, and shall be adjusted as necessary without a required plan amendment pursuant to § 163.3187,
F.S.
Implementation Mechanism(s):
(a)
Identify and continually update intra- and inter-governmental coordination activities for
each governmental entity responsible for implementation of this Comprehensive Plan.
(b)
Planning Department maintenance of the Policy Implementation and Coordination
Summary (PICS) document.
Policy 11.1.3.2. Identify Manatee County's responsibilities for coordinating with other local, regional,
state, and federal governments, School Board and special districts to implement this Comprehensive
Plan. Review these efforts for effectiveness through Comprehensive Plan monitoring.
Implementation Mechanism:
(a)
Update of the Policy Implementation and Coordination Summary (PICS) as necessary by
the Planning Department.
Policy 11.1.3.3. Manatee County shall continue coordination efforts with the Economic Development
Council to increase the economic vitality of the County.
Objective 11.1.4. Efficiency in Service Delivery.
Maintain a government environment conducive to the efficient and effective provision of services to
County citizens.
Policy 11.1.4.1. Continue to meet with the Fire Districts, Cities, Sheriffs Office, Florida Department
of Health, American Red Cross, School Board, and other participating agencies through the Disaster
Preparedness Planning Committee (DPPC) to ensure effective coordination during emergency situa-
tions.
Policy 11.1.4.2. Continue to cooperate with the local municipalities to develop and maintain a
County-wide parks system that meets the needs of all County residents in accordance with appropriate
interlocal agreements.
Policy 11.1.4.3. Continue to study opportunities for consolidation of government functions with
adjacent municipalities and implement appropriate consolidations.
Objective 11.1.5. Coordination.
Promote consistency between this Comprehensive Plan and the plans of the School Board and other
units of government which affect or provide services within the County, which have no regulatory
authority over the use of land to further plan implementation.
Policy 11.1.5.1. Maintain and improve existing coordination mechanisms to ensure the planning
activities, master plans and services/facilities of the School Board, University of South Florida, New
College, Fire Districts, Port Authority, Airport Authority, private utility companies, regional water
supply districts, and other local jurisdictions are consistent with the Comprehensive Plan.
Objective 11.1.5
INTERGOVERNMENTAL COORDINANTION
11:5

llution source
prior to beginning construction. The permit is sufficient to allow construction of the source, and
operation while the new or modified source is beginning operation and conducting tests to determine
whether the source is in compliance with applicable emission control standards.
Controlled Access Facility: A street or highway to which the right of access is highly regulated by the
governmental entity having jurisdiction over the facility in order to maximize the operational efficiency
and safety of the high-volume through traffic utilizing the facility. Owners or occupants of abutting
lands and other persons have a right of access to or from such facility at such points only and in such
manner as may be determined by the governmental entity (or as amended by § 334.03, F.S.).
Critical Habitat: Viable areas of habitation for Endangered and Threatened species as confirmed by
appropriate jurisdictional agency documentation, or by reports which may be submitted by an applicant
requesting a development order on a site containing an area of such habitation by Endangered or
Threatened species. The extent of these areas shall have a definitive boundary which may vary in extent
based upon the individual species, e.g., bald eagle's nest or pond harboring a protected turtle.
DACS Shellfish Harvesting Area: Coastal waters classified by the Florida Department of Agriculture
and Consumer Services for the harvesting of shellfish. Classifications are based on bacteriological and
sanitary surveys which define levels of bacteriological pollution and document all possible sources of
pollution, both actual and potential. Waters are classified as follows pursuant to Chapter 5L-1, F.A.C.:
Approved: Normally open to shellfish harvesting; may be temporarily closed under extraordinary
circumstances (e.g., red tides, hurricanes, sewage spills).
Conditionally Approved: Periodically closed to shellfish harvesting based on predictable pollutional
events.
Ele. 1
MANATEE COUNTY COMPREHENSIVE PLAN
1:12
Supp. No. 9

Prohibited: Shellfish harvesting is not permitted due to actual or potential pollution.
Unclassified: Shellfish harvesting is not permitted pending bacteriological and sanitary surveys.
Deepwater Ports: The ports of Jacksonville, Tampa, Port Everglades, Miami, Port Canaveral, Ft.
Pierce, Palm Beach, Port Manatee, Port St. Joe, Panama City, St. Petersburg, and Pensacola.
Development: The construction, reconstruction, conversion, structural alteration, relocation or en-
largement of any structure; any mining, excavation, landfill or non-agricultural land disturbance, and
any non-agricultural use or extension of the use of land. Includes redevelopment but does not include
environmental preserve restoration taking place within environmental preserves.
Development Order: Any order granting, denying, or granting with conditions an application for a
development permit.
Development Permit: Any building permit, zoning permit, subdivision approval, rezoning, certifica-
tion, special exception, variance, or any other official action of local government having the effect of
permitting the development of land.
Development Site: The property under consideration for a development, which may contain one (1) or
more lots under single or multiple ownership, but processed under a single development application.","Based on the provided excerpts from the Manatee County Comprehensive Plan, it appears that Manatee County requires biological assessments, wildlife surveys, or listed species reviews for development in certain circumstances.

Policy 2.9.2.2 states that the County shall regulate the location of wildlife, classified as Class I or II under Rules adopted to implement § 379.303, F.S., and poisonous and venomous reptiles as defined in Rules implementing § 379.372, F.S., to protect and preserve residential neighborhoods [Manatee County, p.179]. This policy requires the County to maintain land development regulations containing requirements for appropriate location, buffering, environmental protection, and other land use-related aspects of wildlife possession and handling, pursuant to Florida Fish and Wildlife Conservation Commission regulations [Manatee County, p.179].

Additionally, Policy 2.9.2.4 requires all residential development in areas vulnerable to flooding to be consistent with policies under Objectives 2.3.3 and 4.3.2 [Manatee County, p.180]. This policy requires the County to review and comment on proposed development requests and identify vulnerable property by the County [Manatee County, p.180].

However, it is unclear whether these policies require biological assessments, wildlife surveys, or listed species reviews for all development projects. The language used in these policies suggests that such assessments or surveys may be required in specific circumstances, such as when development is proposed in areas with sensitive wildlife habitats or in areas vulnerable to flooding.

In terms of specific policy language, the excerpts do not provide clear evidence of a requirement for biological assessments, wildlife surveys, or listed species reviews for all development projects. However, the policies mentioned above suggest that such assessments or surveys may be required in certain circumstances.

Therefore, the answer to the question is that Manatee County requires biological assessments, wildlife surveys, or listed species reviews for development in certain circumstances, but the specific requirements are not clearly stated in the provided excerpts."
"What Marion County policies address habitat conservation, wildlife movement, or ecological connectivity?","l, recreational, and other economically beneficial uses; 

MARION COUNTY COMPREHENSIVE PLAN 
2035 
 
Conservation Element  
 
9- 2 
Adopted 
May 8, 2014 
g. Wellhead and wellfields serving centralized potable water systems for municipal and local 
governments or private systems regulated by the State of Florida Public Service Commission;  
h. Fisheries, wildlife, and wildlife habitat;  
i. 
Migratory wildlife routes and ecological corridors; and County-owned and/or managed regional 
and/or resource-based parks. 
Policy 1.1.3:  The County shall require the identification of environmentally sensitive and locally significant 
natural resources as part of the review process for development applications, focusing on land use, zoning, 
subdivision, improvement plan, and site plan applications.  The detail of the data in early development 
review stages may be from generalized county, state, and/or federal sources, while later development 
review stages will require more detailed site specific information to be generated by the applicant.   
Policy 1.1.4:  The County may utilize resources developed by federal, state, regional, and/or local sources 
to identify and evaluate environmental characteristics and development potential, including, but not 
limited to, the following sources: 
a. USDA NRCS (f/k/a Soil Conservation Service) Soil Survey of Marion County; 
b. FEMA FIRM, as amended; 
c. Florida Department of Environmental Protection Florida Natural Areas Inventory (FDEP FNAI) 
Program, including the Natural Areas Inventory of Marion County, Florida; 
d. FDEP Florida Fish and Wildlife Conservation Commission (FWC) publications including, but not 
limited to, Species Richness Maps, species management plans, etc.; 
e. FDEP Basin Management Action Plans (BMAP); 
f. Florida Department of Agriculture and Consumer Services (FDACS) and its jurisdictional agencies’ 
best management practices manuals; 
g. St. Johns River Water Management District (SJRWMD) and Southwest Florida Water Management 
District (SWFWMD) publications and programs including but not limited to, Well/Wellfield 
Capture Zones Maps, High & Prime Aquifer Recharge Area Maps, and Karst Sensitive Areas Maps; 
h. Withlacoochee Regional Water Supply Authority Water Supply Plan (WRWSA-WSP); 
i. 
Marion County produced publications including, but not limited to, the Marion County Water 
Supply Plan (MC-WSP), Marion County Aquifer Vulnerability Assessment (MCAVA), Marion County 
Springs Protection Zones (SPZs), and Marion County Environmentally Sensitive Overlay Zones 
(ESOZs). 
Policy 1.1.5:  The County will make available to the public maps and other information to allow for the 
general identification of environmentally sensitive and locally significant natural resources in the County 
to the greatest extent practicable.  When information is provided by non-county sources, the County will 
facilitate providing that information to the public to the greatest extent practicable. 
OBJECTIVE 1.2:  The County shall protect, conserve, and enhance the quality and natural function 
of environmentally sensitive  and locally significant natural resources within the County, while 
encouraging and supporting the appropriate use of such resources, as further defined in the LDC. 
Policy 1.2.1:  The County shall protect, conserve, and enhance environmentally sensitive and locally 
significant natural resources from adverse impacts to the greatest extent practicable focusing on, but not 
limited to, the following activities:

location, capacity, service type, and owner, as well as other information 
deemed appropriate by the County.  
 
GOAL 8:  RESOURCE PROTECTION STRATEGIES 
To protect the unique assets, character, and quality of life throughout the county, 
the County will implement and maintain appropriate strategies that minimize 
potential adverse impacts to the surrounding area created by development through 
the implementation of land use policies and LDC. 
 
OBJECTIVE 8.1:  PROTECT AGRICULTURE, EQUESTRIAN, AND RURAL 
CHARACTER 
To establish a framework for addressing development within the Rural Areas that will 
encourage the preservation of agriculture as a viable short- and long-term use of lands and 

MARION COUNTY COMPREHENSIVE PLAN  
2045 
 
 
Future Land Use Element 
          
1‐34 
Adopted 
 
April 30, 2021 
 
as an asset of  the County's economy, and that will provide clear, fair and consistent 
standards for the review and evaluation of future development proposals. 
 
Policy 8.1.1:  Protection of Existing Residential Development  
The County shall recognize existing residential development and require that new development 
address issues of compatibility through implementation and maintenance of LDC that address 
density and intensity impacts of new development to the surrounding area and uses. 
 
Policy 8.1.2:  Support Economic Viability of Agricultural Lands 
The County shall preserve the economic viability of agricultural lands and prevent the premature 
conversion of these lands to other uses. 
 
Policy 8.1.3:  Support Agricultural Production 
Through the resources of the Agricultural Extension Service, the County shall actively promote the 
conservation of bona fide agricultural uses, and will provide information to agricultural producers to 
improve production and methods. 
 
Policy 8.1.4:  Protection of Scenic Views and Vistas 
All non-agricultural development or uses shall be designed to maintain open vistas and protect the 
integrity of the rural character of the major roadways within the Rural Area.  
 
Policy 8.1.5:  Context Sensitive Transportation Design 
The County shall require that all future roadway projects outside of the UGB be designed consistent 
and compatible with the land use context of the area and shall reinforce landscape and habitat 
preservation by limiting access and roadway intersections. The design shall also incorporate 
signage and design features to accommodate wildlife crossings near wildlife habitat areas. 
 
Policy 8.1.6:  Central Utilities in Rural Area Outside UGB 
The County shall limit the extension of central potable water and wastewater service within the Rural 
Area outside of the UGB or PSAs as follows: 
1. Individual on-site wells may be allowed as the method of providing potable water; 
2. Individual on-site septic systems may be allowed as the method of disposal of wastewater;  
3. New development shall not be designed nor constructed with centralized water or 
wastewater systems with the exception of:  
a. Serving areas with existing urban FLU designations, as of January 1, 2014, that are 
outside of the UGB; 
b. Future Land Use designations, specialized development, and/or overlays allowed in 
accordance with this element;  
c. Existing Developer’s or Settlement Agreement approved by the County prior to January 
1, 2014; or

MARION COUNTY COMPREHENSIVE PLAN  
2045 
 
 
Future Land Use Element 
          
1‐1 
Adopted 
 
April 30, 2021 
 
INTRODUCTION 
 
The Marion County Future Land Use Element Goals, Objectives and Policies are designed to 
provide a comprehensive, area-wide vision for sustainable urban, suburban and rural growth that 
supports a transportation network, variety of land uses, natural and agricultural resources, and 
open space. The 2045 Future Land Use Map and the Goals, Objectives and Policies established 
herein, shall guide the future development of areas throughout the County to insure that such 
future development supports the vision and development pattern of Marion County in a 
sustainable manner. 
 
GOAL 1:  PURPOSE OF THE FUTURE LAND USE ELEMENT 
To protect the unique assets, character, and quality of life in the County through 
the implementation and maintenance of land use policies and a Land Development 
Code (LDC) that accomplish the following: 
 
1. Promote the conservation and preservation of natural and cultural resources;  
2. Support and protect agricultural uses;   
3. Protect and enhance residential neighborhoods while allowing for mixed use 
development within the county;  
4. Strengthen and diversify the economic base of the County;   
5. Promote development patterns that encourage an efficient mix and 
distribution of uses to meet the needs of the residents throughout the county;  
6. Ensure adequate services and facilities to timely serve new and existing 
development; and   
7. Protect and enhance the public health, safety, and welfare.  
8.   Protect private property rights. 
 
OBJECTIVE 1.1:  PLANNING FRAMEWORK 
To create a planning and implementation strategy that will enhance the livability of the 
County and preserve the County’s natural, cultural, physical and economic resources to 
discourage urban sprawl, promote sustainable, energy-efficient land use patterns, and 
reduce pollution, and provide for economic development opportunities. 
 
Policy 1.1.1:  Marion County Planning Principles 
The County shall rely upon the following principles to guide the overall planning framework and 
vision for the County:  
1. Preserve, protect and manage the County’s valuable natural resources.  
2. Recognize and protect the rural equestrian and agricultural character as an asset of the 
County's character and economy while providing clear, fair and consistent standards for the 
review and evaluation of any appropriate future development proposals. 

MARION COUNTY COMPREHENSIVE PLAN  
2045 
 
 
Future Land Use Element 
          
1‐2 
Adopted 
 
April 30, 2021 
 
3. Support the livability of the existing cities and towns in the County by planning for the logical 
extension of development in a manner that enhances the scale, intensity and form of these 
areas through the introduction of sustainable smart growth principles and joint planning 
activities. 
4. Support economic development through government practices that place a priority on public 
infrastructure necessary to attract such activities and that foster a local economic 
development environment that is conducive to the creation and growth of new businesses, 
the expansion of existing businesses, and is welcoming to private entrepreneur activities.

pproved by the County prior to the issuance of a 
permit or development order. 
b. Mitigation for Listed Species:   If protection would result in the taking of private 
property or, if after consulting the relevant federal and/or state agencies, the County 
Commissioners determine that mitigation will result in a greater benefit to the relevant 
species and habitat, mitigation shall be required as a condition of a development order 
or permit. The method of protection required by the County shall be determined on a 
case-by-case basis and shall be directly related to the following criteria, whether on or 
off-site:   
 (1) Number and types of listed species present of presumed to be present on the site 
as determined by a site survey;  
(2) Size, type, quality, and location of habitat;  

MARION COUNTY COMPREHENSIVE PLAN  
2045 
 
 
Future Land Use Element 
          
1‐38 
Adopted 
 
April 30, 2021 
 
(3) Life cycle needs supplied by the habitat, i.e., nesting, roosting, breeding, foraging, 
etc.;  
(4) Size of the habitat in relation to the size of the site proposed for development or 
land clearing; and  
(5) Location of the site and habitat in relation to existing or proposed wildlife corridors, 
designated conservation areas, lands with conservation easements, or natural 
reservations;  
 
c. Additional Requirements for Off-Site Mitigation:  When it is determined by the 
County that alternative off-site actions will provide equivalent or better protection or 
viability for affected listed species or habitat, the County has the option of allowing an 
applicant to meet the requirements of one or more of the following options:  
(1) Monetary contribution to the Parks and Environmental Land Acquisition Program 
(PELAP) for the acquisition of environmentally sensitive lands within the County, 
and the funds shall be applied to lands that are known to contain viable populations 
of listed species or habitat similar in type and quality to that on the site proposed 
for development or clearing. 
(2) Species relocation to similar habitat on protected lands, which must be approved 
by the appropriate state regulatory or management agency.  
(3) Land that is within or contiguous with the Ocala National Forest, Cross Florida 
Greenway, Silver River State Park, Rainbow River State Park, St. Johns River 
Water Management District lands, or other Preservation designated land within the 
County can be acquired and donated to the appropriate managing agency. Lands 
donated under this option must be of equivalent acreage and contain listed species 
habitat of the same type and value as that upon the proposed development site. 
(4) Off-site mitigation options shall satisfy the habitat requirements of listed species. 
Monetary contributions and land donations shall be sufficient to replace the habitat 
functions of the area to be protected and managed as required in this policy. A 
minimum of one-for-one replacement value of habitat shall be required for 
monetary contributions or land donations.  
d. Requirements for Conservation Easement and Permanent Open Space: The 
conservation easement or permanent open space per the habitat management plan 
shall be dedicated to the County, or to a public or non-profit conservation agency or 
organization; or by virtue of designation of the protected area as Preservation on the 
Future Land Use Map Series (FLUM).

ntified 
resources and/or the quality and/or character of such resources or surroundings which would 
create a public nuisance, such as wind-borne dust or odor.   
Policy 1.2.2:  The County shall require development design, construction, and management techniques to 
protect environmentally sensitive and locally significant natural resources, including but not limited to the 
following: 
a. Compliance with stormwater management LOS standards as provided in the Stormwater Element 
(SE) and reflected in the Capital Improvement Element (CIE); 
b. The reduction of densities in specified habitats or areas when development is proposed within 
those areas, unless development is clustered to protect and conserve the habitats, including those 
adjusted densities provided in FLUE Objective 9.1; 
c. The clustering of development to create open spaces that function to buffer and protect identified 
resources on-site and off-site to development, and provide habitat linkages when possible; 
d. The establishment and management of buffers and other land use controls between development 
activities and identified resources, with emphasis on ensuring the buffer establishes a balance 
between the scale and intensity of development and the scope, quality, and character of the 
resource; 
e. The use of Marion Friendly flora to prevent or discourage non-native invasive species; 
f. The implementation of water conservation, irrigation, and fertilizer management provisions; 
g. The implementation of design and development standards regarding setbacks, lot dimensions, 
and building location/design, particularly when such sites abut or are determined to be 
connected, such as but not limited to, hydrologically connected, to identified resources; 

MARION COUNTY COMPREHENSIVE PLAN 
2035 
 
Conservation Element  
 
9- 4 
Adopted 
May 8, 2014 
h. The use of mitigation for on-site resources through alternative on-site locations, off-site, or 
monetary methods to ensure the protection/conservation of the resource; the intent of off-site 
or monetary mitigation is to achieve a minimum of one-for-one mitigation/replacement, with 
focus on maintaining the mitigation action within the County unless otherwise authorized,  
i. 
The Transfer of Development Rights (TDR) and the Transfer of Vested Rights (TVR) Programs as 
provided within the FLUE; and 
j. 
The establishment of an Urban Growth Boundary (UGB) within which the provision of adequate 
public facilities shall be provided to all developments. 
OBJECTIVE 1.3:  The County shall continue to encourage acquisition of environmentally sensitive 
and/or locally important resources when such acquisition is determined to be in the public 
interest and particularly when such acquisitions maintain and support the character and quality 
of life of citizens and visitors, and may benefit economic diversity and development in the County.   
Policy 1.3.1:  The County shall participate to the greatest extent practicable in efforts to identify and 
acquire environmentally sensitive and/or locally important resources for conservation and/or recreation 
purposes. The County, upon affirmative determination by the Board of County Commissioners, may act 
as a lead agency and/or participate in such resource identification and acquisition. 
Policy 1.3.2:  Funds for any land acquisition will be maximized to the fullest extent possible by bonding 
funds when necessary and by actively seeking matching funds and grants though governmental (e.g., local, 
regional, state, federal, etc.) or non-governmental (e.g., private and/or non-profile funds and/or trusts, 
etc.) when available.  
Policy 1.3.3:  The purchase or acceptance of conservation easements in lieu of acquisition by fee simple 
title will also be considered and supported when practicable.","Based on the provided excerpts from the Marion County Comprehensive Plan, the following policies address habitat conservation, wildlife movement, or ecological connectivity:

1. **Policy 1.1.3**: The County shall require the identification of environmentally sensitive and locally significant natural resources as part of the review process for development applications, focusing on land use, zoning, subdivision, improvement plan, and site plan applications. [Marion County, pp. 108-110]
2. **Policy 1.1.4**: The County may utilize resources developed by federal, state, regional, and/or local sources to identify and evaluate environmental characteristics and development potential, including migratory wildlife routes and ecological corridors. [Marion County, pp. 108-110]
3. **Policy 1.2.1**: The County shall protect, conserve, and enhance environmentally sensitive and locally significant natural resources from adverse impacts to the greatest extent practicable, focusing on, but not limited to, the following activities: [Marion County, pp. 108-110]
4. **Policy 8.1.5**: The County shall require that all future roadway projects outside of the UGB be designed consistent and compatible with the land use context of the area and shall reinforce landscape and habitat preservation by limiting access and roadway intersections. The design shall also incorporate signage and design features to accommodate wildlife crossings near wildlife habitat areas. [Marion County, pp. 33-35]
5. **Policy 1.2.2**: The County shall require development design, construction, and management techniques to protect environmentally sensitive and locally significant natural resources, including the clustering of development to create open spaces that function to buffer and protect identified resources on-site and off-site to development, and provide habitat linkages when possible. [Marion County, pp. 109-111]
6. **Policy 1.3.1**: The County shall participate to the greatest extent practicable in efforts to identify and acquire environmentally sensitive and/or locally important resources for conservation and/or recreation purposes. [Marion County, pp. 109-111]

Additionally, the following objectives and goals support habitat conservation, wildlife movement, or ecological connectivity:

1. **Objective 1.2**: The County shall protect, conserve, and enhance the quality and natural function of environmentally sensitive and locally significant natural resources within the County, while encouraging and supporting the appropriate use of such resources. [Marion County, pp. 108-110]
2. **Objective 8.1**: PROTECT AGRICULTURE, EQUESTRIAN, AND RURAL CHARACTER To establish a framework for addressing development within the Rural Areas that will encourage the preservation of agriculture as a viable short- and long-term use of lands and as an asset of the County's economy. [Marion County, pp. 33-35]
3. **Goal 1**: PURPOSE OF THE FUTURE LAND USE ELEMENT To protect the unique assets, character, and quality of life in the County through the implementation and maintenance of land use policies and a Land Development Code (LDC) that accomplish the following: Promote the conservation and preservation of natural and cultural resources. [Marion County, pp. 1-2]

It is worth noting that while the provided excerpts do not explicitly mention ""ecological connectivity,"" the policies and objectives mentioned above do address habitat conservation, wildlife movement, and the protection of environmentally sensitive and locally significant natural resources, which are related concepts."
"Does Martin County use acquisition, conservation easements, or similar tools to protect environmentally sensitive lands?","ty of preserve areas within this element. 
In 1989, Martin County adopted the Public Land Acquisition Manual which specifies 
administrative procedures for evaluating offered open spaces and conservation lands. The 
Land Acquisition Selection Committee identified other programs available for acquiring and 
protecting these parcels. Consequently, several of the parcels acquired by the Lands For You 
Program used matching funds to complete the purchase of lands. The Lands For You 
Program also identified restrictions that would be placed on the land. Table 9-3 lists lands 
purchased between 1989 and 2001 through the Lands For You Program. The following list of 
lands is a subset of the Public Open Space listed in Table 9-1. 
Table 9-3*
Lands For You Acquisitions 
 LOCATION
ACREAGE 
Bessemer
432.00 
Smith
34.50 
Citrus Boulevard
37.00 
Spices
77.13 
Seabranch
927.00 
Sundial
19.86 
§ 9.2 
MARTIN COUNTY COMPREHENSIVE GROWTH MANAGEMENT PLAN
P9-12
Supp. No. 61, 8-25 

LOCATION
ACREAGE 
Tallis
18.00 
Garritano
7.00 
Daskas
2.00 
Beachwalk
13 
Pasley
7.41 
Graham
32 
Dubner
2.78 
Gomez Avenue
34 
Kiplinger
164 
Pal Mar
13,391 
Pal Mar East
2,831 
Tilton
38.57 
Finn
0.32 
South Fork Addition
37.00 
Lake Okeechobee Ridge
202 
Rocky Point
24.00 
Santa Lucea
10.00 
* Table 9-3 is a subset of Table 9-1. 
The County will continue to support efforts to increase the amount and protection of 
publicly accessible open spaces, such as scenic roadway corridors and neighborhood native 
areas. Such areas define the look and feel of Martin County and are closely tied to its quality 
of life. While it is important to preserve inaccessible areas for their natural values, it is also 
important to preserve areas that are easily accessible to give the public appropriate access to 
the County in its natural state. This effort would include a program to maintain or increase: 
(1) 
Preservation of native trees and vegetation along roadway corridors with natural 
scenic qualities (example: U.S. 1 through Jonathan Dickinson State Park); and 
(2) 
Areas of native plants and animals within or near neighborhoods (examples: Maggy's 
Hammock Park, Seabranch Property). 
For purposes of equity and future acquisition, the County shall continue to investigate 
funding mechanisms to purchase land for conservation and public open space. The County 
should continue its policy of preserving easements along the Okeechobee Waterway and C-23 
Canal as a means of providing public access for fishing, hiking and other passive recreation 
pursuits along these two, and other, public waterways. 
9.3.B. Activities and impacts in special wetland areas. Activities affecting wetlands in 
Martin County fall into three categories: (1) urbanization, (2) agriculture and (3) recreation. 
Urbanization is occurring predominantly in the area east of the Florida Turnpike/
Sunshine State Parkway, affecting the coastal and estuarine wetlands. The population of 
coastal Martin County has been steadily increasing. Residential and business development 
have encroached upon and affected coastal wetland areas, and lands within and adjacent to 
wetlands have been sold for development. Homeowners desire not only to build homes or 
 § 9.3
CONSERVATION AND OPEN SPACE ELEMENT
P9-13
Supp. No. 61, 8-25

ment the objectives of Policy 9.1K.1. and Section 13.2.E. and to 
encourage implementation of recognized land protection programs, Martin 
County has adopted policies under Objective 4.5F encouraging agricultural 
preservation, conservation of public open space and restoration of natural 
areas. These areas provide special public benefits, including recreational 
opportunities, life support services, tourism, commercial and sport fishing, 
scenic values, water purification, water recharge and storage, and sensitive 
habitats critical to the survival of endangered wildlife and plants. 
Urban development in or adjacent to environmentally sensitive areas can 
significantly reduce their environmental values. 
§ 4.2 
MARTIN COUNTY COMPREHENSIVE GROWTH MANAGEMENT PLAN
P4-16
Supp. No. 61, 8-25 

(d) 
Agricultural use and vacant land. Agriculture is one of the County's major 
exporting industries. It is concentrated at locations where soils, climatic 
conditions and other market and industry factors are especially suitable for 
crops such as citrus, vegetables and sugar cane. 
As population growth continues and available land suitable for urbanization 
along the Coastal Ridge declines, development pressure will heighten on 
significant interior agricultural areas. This pressure can come in the form of 
higher land values for urban use, resulting in speculation and conversion to 
urban development. The loss of agricultural lands through urban encroachment 
adversely affects this export industry, as well as the entire service industry, 
which employs pickers, processors, refiners, shippers and similar workers. 
Agricultural land is not viewed by Martin County as vacant land use. 
Agricultural activities are vital to the continued diversity and health of the 
community. Lands used for agricultural purposes are to be protected for future 
benefits and community identity. 
(e) 
Natural vegetation and vacant land. Vegetation has many uses for people. 
Besides providing habitat and food for wildlife, it produces oxygen, removes 
carbon dioxide, absorbs nutrients in waste, purifies the air and reduces soil 
erosion. A visible part of the only subtropical area in the continental United 
States, natural vegetation in Martin County is a strong attraction for many 
tourists and for permanent residents. 
Urban development frequently removes or alters much of the County's natural 
vegetation. In many cases this is unnecessary and could be avoided. Many 
species, such as mangroves in coastal areas, are essential to the integrity and 
maintenance of the lands they occupy. Studies have shown enhanced value of 
residential property where native vegetation is preserved. The natural com-
munities and their value for the planned future of Martin County are detailed 
in the Conservation and Open Space Element. 
(7) 
Public services supporting development. The cost of energy is increasing as the 
supply diminishes. This cost is affecting the County's public service operations and 
maintenance requirements. Operation, maintenance and capital improvement needs 
to support development are becoming more costly. 
Urban development located outside existing urban service areas to take advantage of 
low land costs results in higher future costs. This leapfrog development requires 
extension of public services past undeveloped land, which can be very costly in both 
dollars and energy. Isolated single-use developments, such as large single-family 
subdivisions removed from commercial or industrial centers, force residents into 
needlessly long trips for shopping, public schools and services. The County is 
encouraging the development of multiple-use projects that consolidate urban 
activities so they can be served in a planned expansion of urban services within the 
boundaries set forth in Figure 4-2. 
 § 4.2
FUTURE LAND USE ELEMENT
P4-17
Supp. No. 61, 8-25

f historical, geological and archaeological significance that are 
suitable for public acquisition for protection and/or public access. These efforts shall 
prioritize parcels for protection and/or acquisition. The County shall identify 
programs, including state and federal programs, to protect local open space resources 
and shall identify any restrictions applicable to the land under each program. 
Policy 9.1J.3. Natural area greenways and wildlife corridor. In conjunction with 
Policy 9.1J.2, the County shall continue to coordinate with pertinent state wildlife 
management agencies and regional resource planning agencies to identify natural 
greenways and wildlife corridors to link existing public parks, preserve areas and 
similar areas used for conservation and habitat preservation. The County shall work 
to coordinate the resources of other public and private natural resource preservation 
agencies in order to enhance the County's efforts to fiscally support and encourage 
public land acquisition in conjunction with current land use planning and develop-
ment regulations, and to create a system of natural area greenways and wildlife 
corridors. 
Policy 9.1J.4. Small neighborhood open space areas. The County shall continue to 
identify and acquire publicly accessible open spaces with native flora and fauna in or 
near neighborhoods. These spaces shall provide a break from urban development in 
the manner of Maggy's Hammock Park and Possum Long Nature Center. Passive 
recreation, such as picnicking and hiking, shall be encouraged in these areas. 
Policy 9.1J.5. Linear parks along waterways. Martin County shall continue to 
preserve easements along the C-23 Canal and Okeechobee Waterway to provide 
public access for fishing, hiking and other passive recreational uses. 
Policy 9.1J.6. Design concepts for open space. In making public open space available 
for public use, the County shall use creative, innovative design concepts that employ 
the use of natural materials and conservation of sensitive environmental areas. 
Policy 9.1J.7. Evaluation of publicly owned lands. The County shall evaluate all 
publicly owned lands not in current use or identified for future use, as described in 
Objective 4.5D. In addition to the public uses identified in Objective 4.5D., publicly 
owned lands shall be evaluated for use as public open space. 
Policy 9.1J.8. Landscaping and maintenance of public open spaces. The County shall 
landscape and maintain public lands consistent with the applicable Land Develop-
ment Regulations, as amended. 
Policy 9.1J.9. Funding open space landscaping and maintenance. The County shall 
continue to investigate various funding sources, such as user fees, impact fees and 
volunteer programs, to finance the costs of implementing these policies. 
Policy 9.1J.10. Maintain open space level-of-service standard. Martin County shall 
continue to maintain an open space level of service in the Capital Improvements 
Element of the CGMP. 
§ 9.4 
MARTIN COUNTY COMPREHENSIVE GROWTH MANAGEMENT PLAN
P9-42
Supp. No. 61, 8-25 

Policy 9.1J.11. Continuation of Public Land Acquisition Program. The County shall 
continue to acquire parcels identified for conservation purposes through the 
Environmental Lands Oversight Committee.

Martin County 
Wildlife corrridors: 
• Chapter 8: Conservation and Open Space Element: This section contains the primary 
goals and objectives for protecting natural resources. 
o Policy 8.1A.4. addresses the protection of wildlife corridors and the requirement 
for ""listed species"" surveys. 
Land acquisition: 
• Chapter 8 (Conservation): Outlines the criteria for the county's environmentaly sensitive 
land acquisition programs. 
• Chapter 9: Recreation Element: Discusses land acquisition for the purpose of parks and 
public access. 
• Ordinance References: The supplement sheets (like Supplement No. 61) indicate that 
Chapter 8 was heavily revised in 2025 to update the ""Conservation and Open Space"" 
tables, which include prioritized areas for acquisition. 
Wildlife crossing: 
• Wildlife Crossings are typically managed under the Capital Improvements Element 
(Chapter 14) and Transportation Element (Chapter 5), specifically where new road 
construction or expansions (such as those near the Bridge Road or Kanner Highway 
corridors) intersect with identified primary wildlife habitats. 
Wildlife surveys: 
• Chapter 10: Land Development Regulations (Referenced): While the Plan sets the policy, 
it mandates that Wildlife Surveys must be conducted for any proposed development in 
areas identified as ""Environmentally Sensitive"" or containing ""Upland Habitat."" 
• Policy 8.1A.2. requires developers to submit biological surveys to identify the presence 
of threatened or endangered species before any site clearing occurs. 
Open space planning: 
• Chapter 8, Section P8-1 through P8-44: This is the core of the Open Space Planning 
framework. 
• It defines ""Open Space"" and sets the ""Open Space Ratio"" (OSR) for different land use 
categories (e.g., Rural vs. Urban). 

• Supplement No. 61 (October 2025) specifically updated pages P8-1 to P8-44, indicating 
this is the most current and detailed section regarding open space requirements and 
management. 
• Chapter 4: Future Land Use Element: Integrates open space planning with growth 
management boundaries to prevent urban sprawl into protected agricultural and 
conservation lands.

Development Regula-
tions those regulations that implement the goals, objectives and policies of the Future 
Land Use; Conservation; Coastal Management; Sanitary Sewer Services; Potable Water; 
Drainage and Natural Groundwater Aquifer Recharge; and Recreation elements of this 
Plan and ensure maintenance of the high quality of the natural environment in Martin 
County. 
Policy 4.5A.1. Attention to cumulative impacts of development. The Land Develop-
ment Regulations shall ensure that the development review process addresses the 
cumulative impacts of development projects on natural resources. 
Policy 4.5A.2. Wetlands data. Wetlands data in Martin County shall be provided in 
mapping software available on the Martin County website. 
 § 4.4
FUTURE LAND USE ELEMENT
P4-41
Supp. No. 61, 8-25 

Martin County shall amend future land use designations and/or densities or 
intensities of use as depicted on the FLUM to reflect and be consistent with the 
existence of wetlands as shown on the Martin County website. 
Objective 4.5B. To evaluate and monitor innovative techniques to protect environmentally 
sensitive features and areas and consider the effectiveness of implementing these 
innovations in Martin County. 
Policy 4.5B.1. Innovative techniques to be investigated. Use of the following techniques 
shall be investigated, at a minimum: 
(1) 
Overlay zoning districts for environmentally sensitive geographic areas. The 
underlying zoning district boundaries will retain the applicable minimum 
development regulations; 
(2) 
Scenic highway corridor overlay zones to protect natural beauty and scenic 
vistas along roadways that serve as major access ways, gateways and canopy 
routes through Martin County; 
(3) 
Fiscally sound mechanisms such as tax incentives and transfer of development 
rights to (1) encourage landowners to preserve critical habitats and (2) 
discourage development adjacent to lands held for conservation or preservation 
that are identified in the Conservation Element; 
(4) 
Natural systems used for multiple purposes to the maximum extent possible, 
such as combining wellfields in natural system preserve areas and designating 
parks to prevent development in floodplains or high-hazard coastal areas; 
(5) 
Transfer of development rights or other flexible methods of land development 
transfer to direct development from unsuitable lands to those most suitable for 
active use. 
Policy 4.5B.2. Evaluation of environmental programs for exclusionary impacts. All 
programs designed to protect environmentally sensitive areas shall be evaluated for 
any possible exclusionary impacts. Such programs shall be implemented only upon 
determination that all regulations are fair and equitable. 
Objective 4.5C. To recognize the adopted Soil Survey of Martin County, Florida Area 
(Martin Soil and Water Conservation District, 1981) and coordinate all future land uses, 
including the designations on the Future Land Use Map, with the noted soil and 
topographic conditions. The Soil Survey is adopted by reference as Figure 4-3. Alternatively, 
the USDA Natural Resources Conservation Service (NRCS) has updated soil data 
available to analyze soil in an area of interest that may be utilized. The County shall also 
use available data sources for wetlands, uplands and critical habitats in future delinea-
tion of land uses and evaluation of requests for land use changes. 
Policy 4.5C.1. Use of Soil Survey of Martin County for basic data. The County shall 
continue to rely on the Soil Survey of Martin County or NRCS web soil survey to 
§ 4.4 
MARTIN COUNTY COMPREHENSIVE GROWTH MANAGEMENT PLAN
P4-42
Supp. No. 61, 8-25","Based on the provided document excerpts, Martin County uses acquisition, conservation easements, and similar tools to protect environmentally sensitive lands.

Martin County has a Public Land Acquisition Manual (adopted in 1989) that specifies administrative procedures for evaluating offered open spaces and conservation lands [Martin County, pp. 448-450]. The Lands For You Program, which is mentioned in the manual, used matching funds to complete the purchase of lands and identified restrictions that would be placed on the land [Martin County, pp. 448-450]. This indicates that Martin County has used acquisition as a tool to protect environmentally sensitive lands.

Additionally, Martin County has adopted policies under Objective 4.5F that encourage agricultural preservation, conservation of public open space, and restoration of natural areas [Martin County, pp. 236-238]. This objective aims to protect environmentally sensitive areas, including agricultural lands and natural areas.

The County shall continue to support efforts to increase the amount and protection of publicly accessible open spaces, such as scenic roadway corridors and neighborhood native areas [Martin County, pp. 448-450]. This policy indicates that Martin County will continue to use acquisition and conservation easements to protect environmentally sensitive lands.

Martin County shall also continue to acquire parcels identified for conservation purposes through the Environmental Lands Oversight Committee [Martin County, pp. 477-479]. This policy indicates that Martin County will continue to use acquisition as a tool to protect environmentally sensitive lands.

Furthermore, Martin County has adopted policies that encourage the preservation of easements along the C-23 Canal and Okeechobee Waterway to provide public access for fishing, hiking, and other passive recreational uses [Martin County, pp. 477-479]. This policy indicates that Martin County will continue to use conservation easements to protect environmentally sensitive lands.

In summary, Martin County uses acquisition, conservation easements, and similar tools to protect environmentally sensitive lands. The County has a Public Land Acquisition Manual, has adopted policies under Objective 4.5F, and has policies that encourage the preservation of easements along waterways.

Sources:

* Martin County, pp. 448-450
* Martin County, pp. 236-238
* Martin County, pp. 477-479
* Martin County, pp. 261-263"
"What Monroe County policies address habitat protection, open space, or conservation lands?","Monroe County 
Wildlife corridors: 
• The Plan focuses on identifying and protecting habitat corridors that connect large 
patches of native vegetation. These are prioritized in the Tier System, where Tier I 
(Natural Area) lands include vacant land that can be restored to connect habitat patches 
and reduce fragmentation. 
• Monroe County is a critical part of the Florida Wildlife Corridor, which aims to protect 
functionally connected statewide systems of public and private conservation lands. 
• The County uses land development regulations to steer development away from these 
corridors and encourages the use of conservation easements or deed restrictions to 
maintain landscape-scale ecological connectivity. 
Land acquisition: 
• Monroe County Comprehensive Plan Land Authority (MCLA): This authority is 
responsible for acquiring land to protect property rights, preserve environmentally 
sensitive areas, and provide affordable housing. 
• Funding & Programs: 
o Florida Keys Stewardship Act: Authorizes annual funding (typically $5 million 
from Florida Forever) specifically for land acquisition in the Keys to protect 
critical habitats for endangered species. 
o Density Reduction Program: The County purchases non-conservation land 
(typically Tier 3) to retire development rights, anticipating the eventual cessation 
of new development permits under state mandates. 
• Acquisition is prioritized for Tier I lands, which are characterized as environmentally 
sensitive, and Tier II lands to reduce sprawl and prevent further encroachment on natural 
resources. 
Wildlife crossing: 
• The Plan supports the construction of wildlife underpasses and crossings, particularly to 
address conflicts between motorists and species like the Key deer. 
• These crossings are often paired with fencing to guide animals safely beneath roads like 
US-1, reducing vehicle-related mortality and mitigating the effects of habitat 
fragmentation. 
• While often state-led projects, the County seeks opportunities for wildlife crossings on 
local roadways to support overall ecosystem health and genetic diversity. 
Wildlife surveys: 

• HCP Integration: Under the Habitat Conservation Plan (HCP) for Big Pine Key and No 
Name Key, wildlife surveys are essential for monitoring protected species and 
determining the effectiveness of mitigation strategies like underpasses. 
• The County utilizes scientific data from surveys to identify high-quality habitats (like 
tropical hardwood hammocks and pinelands) and ensures that development does not 
exceed the carrying capacity of these ecosystems. 
Open space planning: 
• The Plan defines open space and sets criteria for its preservation within development 
projects. 
• Open space planning is used to protect environmentally sensitive natural systems, 
including wetlands and native habitats. 
• Through the ROGO (Rate of Growth Ordinance) system, the County provides incentives 
(positive points) for land dedication to be kept as permanent open space or for 
aggregation of lots to reduce development density.

of all official actions which will regulate the use of their property.
Policy 1302.1.1
Monroe County shall continue to utilize an information exchange program, including the full
utilization of an updated mailing list, to provide for the communication of issues in summary
form between the County and all interested parties.
Policy 1302.1.2
Monroe County shall develop public awareness of the Comprehensive Plan by providing for
public education programs designed to promote a widespread understanding of the Plan's
purpose and intent. Further, the adopted comprehensive plan shall be maintained on the
County website.
Policy 1302.1.3
Government and government related entities shall receive a copy of this comprehensive plan
within six weeks after final approval by the State Land Planning Agency.
Policy 1302.1.4
Monroe County shall maintain land development regulations creating a required community
meeting to emphasize the importance of citizen participation as early as possible in the
planning and development review process. The following shall be considered for inclusion:
• Applicants requesting a Major Conditional Use permit, development agreement, Land
Use District (Zoning) Map amendment, Land Use District (Zoning) Map Overlay amend-
ment, or Future Land Use Map amendment shall provide for community participation.
• Between 45 and 120 days prior to any required public hearing(s) a community meeting shall
be held at a location close to the project site.
• This meeting shall be noticed to surrounding property owners and advertised by the
applicant at least 10 days before the community meeting, in a newspaper of general
circulation.
Monroe County Comprehensive Plan
Intergovernmental Coordination Element
Supp. No. 9
E3.13:17

• The applicant shall pay the cost of the public notice and advertising for the community
meeting.
• This meeting shall be facilitated by a representative from the Monroe County Growth
Management Division and the applicant shall be present at the meeting.
(Ord. No. 013-2022, § 2(Exh. 1), 8-17-2022)
Policy 1302.1.5
Monroe County shall maintain land development regulations creating a required community
meeting to emphasize the importance of citizen participation as early as possible in the
planning process. The following shall be considered for inclusion:
• Proposals by the County or a private applicant to amend the text of the Land Development
Code and/or Comprehensive Plan, with a county-wide impact, shall require a community
meeting at least three (3) months prior to any required public hearing.
• A private applicant shall pay the cost of the public notice and advertising for the commu-
nity meeting.
• This meeting shall be noticed and advertised by the County at least 10 days before the
community meeting, in a newspaper of general circulation.
• This meeting shall be facilitated by a representative from the Monroe County Growth
Management Division and the applicant shall be present at the meeting.
(Ord. No. 013-2022, § 2(Exh. 1), 8-17-2022)
Policy 1302.1.6
Monroe County shall maintain land development regulations requiring a private applicant
submitting an application for an amendment to the text of the Land Development Code
and/or Comprehensive Plan to participate in a concept meeting with the Planning and
Environmental Resources Department.

as
designated as units of the CBRS. (See Objective 102.7 and related policies.)
Policy 103.2.8
Monroe County, in conjunction with the USFWS, shall implement activities to prohibit the
destruction of the federally-designated threatened and endangered species and to protect its
habitat by addressing:
1.
enforcement of animal control laws;
2.
construction of fences;
3.
roadside management techniques;
4.
feeding laws;
5.
speed limit enforcement;
6.
removal of invasive plants;
7.
distribution of management guidelines to private landowners; and
8.
attainment of endangered species management objectives.
Monroe County Comprehensive Plan
Future Land Use Element
Supp. No. 9
E3.1:85

Monroe County Comprehensive Plan
<this page is intentionally left blank>
Future Land Use Element
Supp. No. 9
E3.1:86

GOAL 104
Monroe County shall recognize, designate, protect, and preserve its historic resources. [F.S.
§ 163.3177(6)(a)3.f.]
Objective 104.1
Monroe County shall maintain a comprehensive inventory of historical and archaeological
resources within unincorporated Monroe County.
Policy 104.1.1
The Monroe County Growth Management Division shall maintain an inventory of all
known historical and archaeological resources through use of the Florida Master Site File
maintained by Florida's Division of Historical Resources, as documented in the ""Future
Land Use Element"" of the Monroe County Comprehensive Plan Technical Document Update,
May 2010.
Policy 104.1.2
The Monroe County Growth Management Division shall update the inventory of historical
and archaeological resources as new historical and archaeological resources are identified, by
completing and submitting necessary documentation to the Division of Historical Resources
for new resources' inclusion in the Florida Master Site File. Landowners and other interested
parties may also add historical and archaeological resources to the inventory.
Monroe County Comprehensive Plan
Future Land Use Element
E3.1:87

Objective 104.2
Monroe County shall formally recognize significant historical and archaeological resources by
designating them as local historic, cultural and/or archaeological landmarks/districts on the
Florida Keys Historic Register and/or supporting the nomination of appropriate resources to the
National Register of Historic Places.
Policy 104.2.1
Monroe County shall maintain land development regulations which define the procedures
for designating resources as local historic, cultural and archaeological landmarks/districts on
the Florida Keys Historic Register. The Land Development Code shall:
1.
authorize a Florida Keys Historic Register to which local historic, cultural and
archaeological landmarks/districts are named;
2.
authorize a review committee and provide for an historic/archaeological review of
resources nominated to the Florida Keys Historic Register;
3.
list the criteria and procedure for selecting a review committee;
4.
specify criteria and procedures for designating significant historic and archaeological
resources as local historic, cultural and archaeological landmarks on the Florida Keys
Historic Register, guided by the criteria for designation to the National Register of
Historic Places;
5.
include procedures for designation of local historic districts and Historic (H) overlay
zones on the FLUM; and
6.
provide for the documentation and protection of sites which are not designated as local
historic, cultural and archaeological landmarks but are discovered through the devel-
opment process or otherwise discovered.

l and state agencies,
implement a land acquisition program to acquire lands which enhance public access to the
shoreline and water-dependent uses, such as beaches, marinas, docks and lands; however,
Monroe County Land Authority funds shall not be used for this purpose.
Policy 105.2.7
In implementing this Land Acquisition Program, Monroe County is only committed or
financially obligated to the extent that local, state, and federal funds are available. Monroe
County shall petition the federal and state governments to aggressively pursue the acquisi-
tion of all remaining privately-owned vacant lands within their park and conservation
acquisition boundaries and to expand existing acquisition boundaries to include other lands
in close proximity with similar environmentally sensitive features.
Policy 105.2.8
With respect to the relief granted pursuant to Policy 101.7 (Administrative Relief) or Policy
101.17.4 (Beneficial Use), a purchase offer shall be the preferred form of relief for any land
within Tier I and Tier II, Tier III-A or any land within Tier III in accordance with the criteria
in Policy 101.7.1.
Policy 105.2.9
Monroe County shall continue to explore additional funding sources for land acquisition.
Monroe County is only committed or financially obligated to the extent that local, state, and
federal funds are available.
(Ord. No. 013-2022, § 2(Exh. 1), 8-17-2022)
Policy 105.2.10
Monroe County shall identify and secure possible local sources to yield a steady source of
funds and secure increased funding from state and federal, and/or private sources for the
Land Acquisition Program and the management and restoration of acquired resource
conservation lands. With the uncertainty concerning the County's ability to successfully
secure sufficient funding from state and federal governments for their fair share of the
financial support for the Land Acquisition Program and the demands placed on the County's
limited financial resources to address wastewater and other critical issues, it is recognized that
the Land Acquisition Program may extend well beyond 20 years.
Monroe County Comprehensive Plan
Future Land Use Element
Supp. No. 9
E3.1:99

Monroe County Comprehensive Plan
<this page is intentionally left blank>
Future Land Use Element
Supp. No. 9
E3.1:100

GOAL 106
Monroe County shall continue to maintain the Tier System to ensure growth initiatives recognize the
natural and man-made systems in the Florida Keys, the carrying capacity to accommodate further
development, the need for the significant expansion of the public acquisition of vacant developable
lands, and to equitably balance the rights and expectations of private property owners.
Objective 106.1
Monroe County shall adjust the tier boundaries and implement the Florida Keys Carrying
Capacity Study, utilizing updated habitat data and recommendations of the Tier Designation
Review Committee (TDRC) Work Group. [Note: As amended by Final Order DCA07-GM166,
parcels included in the challenge with Tier I and Tier IIIA (SPA) boundaries have been adjusted to
reflect the amended Tier Criteria resulting from the DOAH Case 06-2449(GM)].
Policy 106.1.1
Monroe County shall update habitat data and the Land Development Code Tier (Zoning)
Overlay District Maps to generally coincide with the State comprehensive plan evaluation
and appraisal schedule, beginning one year after the evaluation and appraisal notification
schedule deadline of May 1, 2021.
(Ord.

criteria which will protect wetlands, native upland vegetation and beach/
berm areas.
Policy 102.1.1
The County shall protect submerged lands and wetlands. The open space requirement shall
be one hundred (100) percent of the following types of wetlands:
1.
submerged lands
2.
mangroves
3.
salt ponds
4.
fresh water wetlands
5.
fresh water ponds
6.
undisturbed salt marsh and buttonwood wetlands
Allocated density (dwelling units per acre) shall be assigned to freshwater wetlands and
undisturbed salt marsh and buttonwood wetlands only for use as transferable development
rights (TDRs) away from these habitats. Submerged lands, salt ponds, freshwater ponds, and
mangroves shall not be assigned any density or intensity.
Monroe County Comprehensive Plan
Future Land Use Element
Supp. No. 9
E3.1:69

Objective 102.2
Monroe County shall maintain Environmental Standards (LDC Section 118-1) and Environmen-
tal Design Criteria (LDC Section 118-6) of the Land Development Code. These regulations will
require new development to further protect wetlands, native upland vegetation and beach/berm
areas.
(Ord. No. 013-2022, § 2(Exh. 1), 8-17-2022)
Policy 102.2.1
Monroe County shall maintain environmental standards and environmental design criteria
as indicated in Conservation and Coastal Management Policy 204.2.5 that eliminate the net
loss of disturbed wetlands. Mitigation for wetland impacts shall be in accordance with State
requirements. In instances where mitigation is required by the U.S. Army Corps of Engineers
but not by FDEP or SFWMD, Federal mitigation requirements shall apply.
Policy 102.2.2
Monroe County shall maintain environmental standards and environmental design criteria
as indicated in policies adopted pursuant to Conservation and Coastal Management Objec-
tive 205.2 that protects native upland vegetation and promotes restoration of habitat values
of native upland communities, including hardwood hammocks and pinelands.
Policy 102.2.3
Monroe County shall maintain environmental standards and environmental design criteria
as indicated in policies adopted pursuant to Conservation and Coastal Management Objec-
tive 210.1 that will protect beach/berm resources by addressing permitted uses, siting of
structures, disturbances, removal of invasive vegetation, and restoration of native vegetation
in beach/berm areas.
Monroe County Comprehensive Plan
Future Land Use Element
Supp. No. 9
E3.1:70

Objective 102.3
Monroe County shall maintain land development regulations which will direct new development
to areas having appropriate topography and soil conditions and to where site disturbance and
man's activities will have fewer adverse effects on natural vegetation, terrestrial wildlife, natural
landforms and marine resources. [F.S. § 163.3177(6)(a)3.e.]
Policy 102.3.1
The Permit Allocation System (See Future Land Use Objectives 101.6 and related policies)
shall have the following environmental protection goals:
1.
to reduce the exposure of residents to natural hazards;
2.
to reduce disturbances to natural vegetation resource areas;
3.
to reduce disturbances to terrestrial wildlife resources areas;
4.
to reduce impacts of new development on nearshore waters;
5.
to protect environmentally sensitive lands appropriate for conservation and resource
protection;
6.
to encourage infill development where existing lands are already substantially devel-
oped, served by complete infrastructure facilities and within close proximity to estab-
lished commercial areas and that do not contain significant areas of wetlands or native
upland plant communities;
7.
to ensure that the ecological integrity of natural areas is protected when land is
developed;
8.
to steer growth to the most appropriate areas and away from inappropriate areas; and
9.
to reduce adverse impacts on endangered and threatened species.","Based on the provided excerpts from the Monroe County comprehensive plan, the following policies address habitat protection, open space, or conservation lands:

1. **Habitat Protection:**
   - The County shall protect habitat corridors that connect large patches of native vegetation (Monroe County, p. 1).
   - The County shall implement activities to prohibit the destruction of federally-designated threatened and endangered species and to protect its habitat (Monroe County, p. 166).
   - The County shall maintain land development regulations creating a required community meeting to emphasize the importance of citizen participation as early as possible in the planning and development review process (Monroe County, p. 424).
   - The County shall maintain environmental standards and environmental design criteria that eliminate the net loss of disturbed wetlands (Monroe County, p. 147).

   [Monroe County, p. 1]
   [Monroe County, p. 166]
   [Monroe County, p. 424]
   [Monroe County, p. 147]

2. **Open Space:**
   - The County shall define open space and set criteria for its preservation within development projects (Monroe County, p. 2).
   - The County shall maintain land development regulations creating a required community meeting to emphasize the importance of citizen participation as early as possible in the planning and development review process (Monroe County, p. 424).
   - The County shall maintain environmental standards and environmental design criteria that protect native upland vegetation and promote restoration of habitat values of native upland communities (Monroe County, p. 147).

   [Monroe County, p. 2]
   [Monroe County, p. 424]
   [Monroe County, p. 147]

3. **Conservation Lands:**
   - The County shall acquire land to protect property rights, preserve environmentally sensitive areas, and provide affordable housing (Monroe County, p. 2).
   - The County shall maintain land development regulations creating a required community meeting to emphasize the importance of citizen participation as early as possible in the planning and development review process (Monroe County, p. 424).
   - The County shall maintain environmental standards and environmental design criteria that protect beach/berm resources (Monroe County, p. 147).

   [Monroe County, p. 2]
   [Monroe County, p. 424]
   [Monroe County, p. 147]

4. **Wildlife Crossings:**
   - The County shall support the construction of wildlife underpasses and crossings, particularly to address conflicts between motorists and species like the Key deer (Monroe County, p. 2).

   [Monroe County, p. 2]

5. **Land Acquisition:**
   - The County shall implement a land acquisition program to acquire lands which enhance public access to the shoreline and water-dependent uses (Monroe County, p. 178).
   - The County shall continue to explore additional funding sources for land acquisition (Monroe County, p. 180).

   [Monroe County, p. 178]
   [Monroe County, p. 180]

6. **Tier System:**
   - The County shall maintain the Tier System to ensure growth initiatives recognize the natural and man-made systems in the Florida Keys, the carrying capacity to accommodate further development, the need for the significant expansion of the public acquisition of vacant developable lands, and to equitably balance the rights and expectations of private property owners (Monroe County, p. 178).

   [Monroe County, p. 178]

7. **Environmental Standards:**
   - The County shall maintain environmental standards and environmental design criteria that eliminate the net loss of disturbed wetlands (Monroe County, p. 147).
   - The County shall maintain environmental standards and environmental design criteria that protect native upland vegetation and promote restoration of habitat values of native upland communities (Monroe County, p. 147).
   - The County shall maintain environmental standards and environmental design criteria that protect beach/berm resources (Monroe County, p. 147).

   [Monroe County, p. 147]

In summary, the Monroe County comprehensive plan includes policies that address habitat protection, open space, and conservation lands, including the protection of habitat corridors, wildlife crossings, land acquisition, the Tier System, and environmental standards."
"Does Nassau County discuss wildlife crossings, habitat passage, or transportation mitigation for wildlife?","Nassau County 
Wildlife corridors: 
• The plan explicitly protects wetland and upland areas known to serve as corridors for 
the movement of wildlife. These areas must be preserved and protected to facilitate 
movement through development sites. 
• Policy requires that preserved natural areas within a project be connected to each other 
and, to the greatest extent possible, to off-site natural areas to maintain a functional 
network. 
• This county seeks to create a ""green infrastructure"" network that includes wildlife 
habitats and greenways to provide strategic connections between ecosystem components 
like nature reserves and parks. 
• Atlantic to Okefenokee (A2O) Corridor: A major initiative involves the A2O 
Conservation Corridor, a 55,000+ acre project designed to link the Atlantic coast to the 
Okefenokee National Wildlife Refuge, protecting rare species priority areas and wildlife 
movement routes. 
Land Acquisition: 
• The County operates the Conservation Land Acquisition and Management (CLAM) 
program to identify, rank, and assess conservation lands for acquisition. 
• The plan encourages the establishment of a land acquisition fund for public purchase of 
important ""green infrastructure."" It also leverages state programs like Florida Forever. 
• Methods of Acquisition: In addition to fee-simple purchase, the County utilizes: 
o Incentives are provided in the Land Development Code (LDC) for landowners to 
grant easements. 
o Coordination with groups like the North Florida Land Trust to secure lands. 
o Shifting development rights to less sensitive areas of a site to effectively ""acquire"" 
the preservation of the rest. 
• Chapters 3, 4, 8, 9, and 12 talk extensively about this. 
Wildlife Crossing: 
• Policy CS.03.03 states that road crossings within designated Conservation areas (CSV I 
and II) must be minimized to avoid habitat fragmentation. 
• When roads must cross these sensitive areas, they are required to incorporate fences and 
other features (such as underpasses) to direct wildlife to safe crossing points. 
• The plan supports using wildlife underpasses to reduce vehicle collisions and allow 
uninterrupted movement between habitats, promoting genetic diversity. 

Wildlife Surveys 
• Proposed developments on sites known to contain threatened or endangered species must 
conduct surveys to identify significant habitats. 
• The county uses data from surveys to identify ""Species Focus Areas"" and ensure that if 
on-site habitat is disturbed, similar habitat is protected or restored as mitigation. 
Open Space Planning 
• At least 25% of all open spaces required for planned developments must be preserved as 
natural areas. 
• Open space planning is tied to maintaining specific LOS standards for different park 
types (Community, Regional, etc.) to serve the growing population. 
• Chapter 4 talks extensively about it.

to ensure that stormwater runoff and erosion do not 
affect ambient water quality of adjacent waters in accordance with Chapters 381 and 62-600, F.A.C.  
    
 
 
 
 
 
 
 
 
 
 
 
 
 
 
 
 
 
 
 
 
 
 
 
 
 
 
 
 
 
 
 
 
 
 

Effective as of: 08/22/2020: Ord. 2020-15 
 
 
Nassau County 2030 Comprehensive Plan 
Conservation Element 
Goals, Objectives and Policies 
Page 6 
 
 
OBJECTIVE CS.03 
 
 
The County shall seek to preserve and expand its “green infrastructure” by creating and protecting 
a network of waterways, wetlands, woodlands, wildlife habitats, greenways, and other natural areas 
which sustain clean air, water, and natural resources: provide for a sustainable economy; provide 
recreational opportunities  and enrich the quality of life for County residents and visitors. 
 
 
Policy CS.03.01 
 
The County should actively seek to acquire and/or manage natural lands for its green infrastructure 
that can provide the strategic connection of ecosystem components that are crucial for maintaining 
the values and services of natural systems. This may be achieved through purchase, donation, 
conservation easement, clustering of development rights on the least sensitive areas of a site, 
public/private partnerships, development agreements or development orders. 
 
 
Policy CS.03.02 
 
The County should consider the establishment of a land acquisition fund for the public acquisition 
of important areas of green infrastructure.  
 
 
Policy CS.03.03 
 
In order to avoid habitat fragmentation, roads crossings within areas designated Conservation (CSV 
I and II) on the Future Land Use Map (FLUM) will be minimized and incorporate fences and other 
features to direct wildlife to safe crossings.  
 
 
Policy CS.03.04 
 
Incentives shall be included in the Land Development Code (LDC) for the sale, donation, or granting 
of conservation easements on suitable sites that will contribute to the County’s green infrastructure. 
These incentives shall give priority to sites that may provide strategic connections of ecosystem 
components, including links between nature reserves, parks, cultural and historic sites, natural 
wetlands, beaches and other water bodies. Non-linking sites may be considered to help preserve 
natural floodplains, wetlands, and native habitat or wildlife movement routes. 
 
 
 
 
 
 
 
 
 
 
 
 
 
 
 

Effective as of: 08/22/2020: Ord. 2020-15 
 
 
Nassau County 2030 Comprehensive Plan 
Conservation Element 
Goals, Objectives and Policies 
Page 7 
 
 
OBJECTIVE CS.04 
 
 
The County shall protect the water resources of the County from contamination by industrial 
wastewater disposal and sewage effluent disposal systems.  
    
 
Policy CS.04.01 
 
New septic tank systems must be permitted prior to the issuance of a building permit and inspected 
and approved by the County Health Department prior to issuance of a certificate of occupancy for 
any structure.  
 
 
Policy CS.04.02 
 
 
The Land Development Code (LDC) shall continue to maintain a minimum 100- foot horizontal 
setback for septic systems from the St. Marys River. 
 
 
 
 
 
 
 
 
 
 
 
 
 
 
 
 
 
 
 
 
 
 
 
 
 
 
 
 
 
 
 
 
 
 
 
 

Effective as of: 08/22/2020: Ord. 2020-15

onserve and/or preserve existing natural areas, including wetlands, floodplains, river 
corridors, streams, creeks, and wildlife habitats. 
 
3. Preserve existing and expand outdoor recreation areas, publicly-owned natural and open 
space areas, recreational facilities and services throughout Nassau County. 
 
4. Promote effective local planning processes at the County level that coordinates the location 
of identified infrastructure needs, such as, recreation facilities, school sites, and roads with 
associated land uses and available funds to pay for these facilities. 
 
5. Achieve a network of safe and efficient multi-modal transportation that is capable of 
meeting the transportation needs of residents and visitors at an acceptable level of service 
in a safe and efficient manner. 
  
It is the County’s objective via Policy FL.02.05 is to coordinate community efforts to bring the above 
expressed goals of the Nassau County Vison 2032 Final Report to fruition by creating the William 

Effective as of: 07/31/2025: Ord. 2025-011 
 
 
Nassau County 2030 Comprehensive Plan 
Future Land Use Element 
Goals, Objectives and Policies 
Page 25 
 
Burgess Mixed-use Activity Center Overlay District. The Overlay District establishes a series of 
compact mixed-use activity centers consistent with the expressed goals in the Vision 2032 plan 
while also serving to alleviate traffic from the State Road 200/A1A Corridor, plan for future 
infrastructure, civic spaces/uses and projected population growth. 
 
Development within the William Burgess Mixed Use Activity Center Overlay District shall: 
 
1. Promote sustainable, compact, mixed use development patterns which include a mixture 
of residential, commercial, office, and employment-generating uses. 
 
2. Promote a mixture of housing types at varying densities.  
 
3. Promote multi-modal transportation including walking, biking, and future transit systems, 
including the identification and reservation of a future commuter rail station/transit station. 
 
4. Identify and reserve lands for future transportation corridors, public schools and parks. 
 
5. Identify and preserve environmentally sensitive lands and natural systems, including the 
floodplain, wetlands and areas located within the Coastal High Hazard Area (CHHA). 
 
A) Specific incentives and design guidelines will be adopted into the Land Development Code that 
will incorporate the following goals, principles and standards for development of this District: 
 
1. A high level of interconnectivity of multiple modes of transportation to redirect traffic and 
alleviate the burden on SR 200/A1A. 
 
2. Higher density, mixed use development, designed at a human scale, which provides a 
strong work-life balance and opportunities for affordable housing and economic 
development. 
 
3. Strong pedestrian and bicycle orientation that integrates with the identified commuter 
rail/transit facility located at the intersection of the CSX railing and William Burgess 
Boulevard, as well as, other potential transit facilities/infrastructure along the SR200/A1A, 
US Hwy 17 and William Burgess Boulevard Corridors. 
 
4. High quality public spaces that create opportunities for cultural experiences and outdoor 
interaction, entertainment, and play for all ages and ability levels. Recreation, social and 
civic spaces and facilities shall be a central and foundational element of all site design 
within the District.

ate agencies work together with landowners to ensure 
proper management of endangered and threatened species of plants, fish, wildlife, and their habitat 
in which they are located. These agencies shall also be requested to assist in development of the 
County's land development regulations and future ordinances for protection of these resources. 
The County will participate in the implementation of land development regulations and 
incentives/disincentives necessary to protect endangered and threatened species and the habitat 
in which they are located, such as establishing a beach lighting ordinance, the use of greenways 
and other natural buffers, and reduced densities or intensities of uses adjacent to preserved habitat 
in order to conserve wildlife populations and habitat.      
 
 
Policy CS.06.03 
 
The County shall include provisions in the Land Development Code that encourage the use of 
drought tolerant and native vegetation in landscape design for future developments.  
    
 
Policy CS.06.04 
 
The County shall coordinate with appropriate agencies to prohibit or limit marinas and prohibit 
discharges under applicable law in legislatively designated Outstanding Florida Waters, Class II 
Waters, Wild and Scenic Rivers, and other sensitive areas designated for protection.  
    
 
Policy  CS.06.05 
 
 
Marinas and ports proposed for siting adjacent to Department of Environmental Protection (DEP) 
designated manatee sanctuaries, foraging areas, or in or adjacent to freshwater or warm water 
discharge habitat areas must receive DEP approval prior to requesting County permits for 
construction.  
 
 
 
 

Effective as of: 08/22/2020: Ord. 2020-15 
 
 
Nassau County 2030 Comprehensive Plan 
Conservation Element 
Goals, Objectives and Policies 
Page 10 
 
 
Policy CS.06.06 
 
The County’s Land Development Code (LDC) shall contain provisions to require that developments 
proposed adjacent to, aquatic preserves, wildlife sanctuaries, wildlife refuges, wildlife management 
areas, state or national preserves, state forests, or publicly owned parks or gardens in the County 
shall be environmentally compatible in order to conserve wildlife populations and habitat through 
the use of buffers, lower densities and intensities of use, adjacent to boundaries, etc.  
    
 
Policy CS.06.07 
 
The County shall cooperate and seek partnerships with its adjacent jurisdictions, Federal and State 
agencies, non-profit organizations and private landowners to retain the significant habitats for 
native wildlife and vegetation. If on-site habitat of threatened or endangered species should be 
disturbed by new development, similar habitat should be protected, through land bank mitigation, 
with an emphasis on viability by virtue of its size, configuration, and connecting habitat.  
    
 
Policy CS.06.08 
 
The County shall seek an active role in the management of lands owned by the State of Florida,  
the St. Johns River Water Management District, and other public agencies to ensure the maximum 
enjoyment and benefit to County residents from the use and management of these lands. 
 
 
 
 
 
 
 
 
 
 
 
 
 
 
 
 
 
 
 
 
 
 
 
 
 
 
 
 
 
 

Effective as of: 08/22/2020: Ord. 2020-15

encies, non-profit organizations and private landowners to retain the significant habitats for 
native wildlife and vegetation. If on-site habitat of threatened or endangered species should be 
disturbed by new development, similar habitat should be protected, through land bank mitigation, 
with an emphasis on viability by virtue of its size, configuration, and connecting habitat.  
    
 
Policy CS.06.08 
 
The County shall seek an active role in the management of lands owned by the State of Florida,  
the St. Johns River Water Management District, and other public agencies to ensure the maximum 
enjoyment and benefit to County residents from the use and management of these lands. 
 
 
 
 
 
 
 
 
 
 
 
 
 
 
 
 
 
 
 
 
 
 
 
 
 
 
 
 
 
 

Effective as of: 08/22/2020: Ord. 2020-15 
 
 
Nassau County 2030 Comprehensive Plan 
Conservation Element 
Goals, Objectives and Policies 
Page 11 
 
 
OBJECTIVE CS.07 
 
 
The County will ensure that air quality shall be maintained or improved throughout the County, by 
meeting or exceeding those minimum standards established by state and federal agencies.  
     
 
Policy CS.07.01 
 
All commercial and industrial uses located in the County shall be required to meet or exceed the air 
quality standards established by state and federal agencies.  
    
 
Policy CS.07.02 
 
 
To minimize the impact of vehicular traffic on air quality methods should be investigated to reduce 
vehicle traffic by including bikeways, pedestrian ways, public transportation, and other means into 
the County’s transportation system where applicable.  
 
 
 
 
 
 
 
 
 
 
 
 
 
 
 
 
 
 
 
 
 
 
 
 
 
 
 
 
 
 
 
 
 
 
 
 

Effective as of: 08/22/2020: Ord. 2020-15 
 
 
Nassau County 2030 Comprehensive Plan 
Conservation Element 
Goals, Objectives and Policies 
Page 12 
 
 
OBJECTIVE CS.08 
 
 
 
The County shall promote water and energy conservation strategies to support the protection of the 
County’s natural resources 
 
 
Policy CS.08.01 
 
The County shall encourage energy-efficient land use patterns within the Urban Development Area 
and Rural Transitioning Areas as shown on the Development and Preservation Framework found 
in the background data and analysis for this Plan, promoting a compact mixture of residential and 
non-residential uses in order to conserve energy and reduce greenhouse gas emissions. 
 
 
Policy CS.08.02 
 
The County shall encourage energy efficiency in the design and construction of new housing, and 
shall consider integration of the United States Green Building Council (USGBC) Leadership in 
Energy and Environmental Design (LEED) Green Building Rating System or another nationally 
recognized green building rating system into the Land Development Code to promote sustainable 
site development, water savings, and energy efficiency. 
 
 
Policy CS.08.03 
 
The County shall consider a requirement that buildings financed by, constructed by, or substantially 
renovated by the County be designed or retrofitted to meet the United States Green Building 
Council (USGBC) Leadership in Energy and Environmental Design (LEED) rating system,  or 
another nationally recognized green building rating system. 
 
 
Policy CS.08.04","Based on the provided excerpts from the Nassau County comprehensive plan, the following answer can be provided:

Nassau County discusses wildlife crossings, habitat passage, and transportation mitigation for wildlife in the following excerpts:

1. **Wildlife crossings**: Policy CS.03.03 states that road crossings within designated Conservation areas (CSV I and II) must be minimized to avoid habitat fragmentation. When roads must cross these sensitive areas, they are required to incorporate fences and other features (such as underpasses) to direct wildlife to safe crossing points. [Nassau County, p. 5]
2. **Habitat passage**: The plan explicitly protects wetland and upland areas known to serve as corridors for the movement of wildlife. These areas must be preserved and protected to facilitate movement through development sites. [Nassau County, p. 1]
3. **Transportation mitigation**: The plan supports using wildlife underpasses to reduce vehicle collisions and allow uninterrupted movement between habitats, promoting genetic diversity. [Nassau County, p. 5]
4. **Wildlife corridors**: The plan seeks to create a ""green infrastructure"" network that includes wildlife habitats and greenways to provide strategic connections between ecosystem components like nature reserves and parks. [Nassau County, p. 1]
5. **Species surveys**: Proposed developments on sites known to contain threatened or endangered species must conduct surveys to identify significant habitats. The county uses data from surveys to identify ""Species Focus Areas"" and ensure that if on-site habitat is disturbed, similar habitat is protected or restored as mitigation. [Nassau County, p. 5]
6. **Open space planning**: At least 25% of all open spaces required for planned developments must be preserved as natural areas. [Nassau County, p. 5]

These excerpts demonstrate that Nassau County has policies and objectives in place to protect and preserve wildlife habitats, corridors, and species, as well as to mitigate the impacts of transportation on wildlife.

References:

[Nassau County, p. 1]
[Nassau County, p. 5]
[Nassau County, p. 5]
[Nassau County, p. 5]
[Nassau County, p. 5]
[Nassau County, p. 5]"
What conservation or natural area policies appear in Okaloosa County's comprehensive plan?,"Okaloosa County 
Wildlife corridors: 
• The county goals focus on protecting natural resources, including wildlife habitats, and 
estuarine and riverine systems that act as corridors. 
• Planning strategies prioritize connectivity to the Florida Wildlife Corridor, which 
includes Priority 1, 2, and 3 areas of the Florida Ecological Greenways Network (FEGN). 
• Policy C-1.2.4 emphasizes establishing inter-local agreements with adjacent local 
governments to protect unique vegetative communities and river systems that cross 
jurisdictional boundaries. 
Land acquisition: 
• The county utilizes state programs like Florida Forever and the Rural and Family Lands 
Protection Program for the acquisition of conservation lands or easements. 
• Recent efforts include expanding protected areas near military installations, such as 
Naval Air Station Whiting Field, to protect both the natural resources and the military 
mission. 
• Preference is given to land acquisitions that preserve or enhance wildlife habitats, 
corridors, and linkages to agricultural and rural lands. 
Wildlife crossings: 
• The plan recognizes wildlife underpasses as critical tools for reducing vehicle-animal 
collisions and mitigating habitat fragmentation. 
• Guidelines suggest incorporating wildlife crossings or natural banks for threatened and 
endangered species when new bridge or culvert projects would cause habitat 
fragmentation. 
• Funding is often sought for projects that reduce wildlife-vehicle collisions, particularly 
when paired with fencing that guides animals toward safe underpasses. 
Wildlife surveys: 
• Before specific types of development occur, particularly in sensitive areas like wetlands, 
exact boundaries must be surveyed and clearly identified to protect the habitat (Policy 
2.1A). 
• The plan mandates ongoing inventory and mapping projects for sensitive ecological 
features, including steephead ravines, karst springs, and habitats for endangered or 
threatened species. 

• Local planning utilizes data from the University of Florida Center for Landscape 
Conservation Planning and the Florida Natural Areas Inventory (FNAI) to identify 
priority conservation areas. 
 
Open space planning: 
• Chapter 2.11 of the Comprehensive Plan addresses Recreation and Open Space, focusing 
on maintaining high quality of life and meeting population needs through public and 
private development. 
• The Agricultural (AG) District is used for the preservation of green spaces, conservation 
uses, and outdoor recreation. 
• Policy 2.1A allows for the transfer of development density from protected wetlands to 
other areas of a site to ensure natural areas remain open and undisturbed.

Administration 1.2 
 
 
 
 
 
 
 
 
 
1 
ADMINISTRATION 
 
1.1 Title: This document shall be entitled the Okaloosa County Comprehensive 
Plan and may be referred to as “the Plan”, “this Plan”, or the “Comp Plan”. 
 
1.2 Authority: This Plan is enacted pursuant to the requirements of Chapter 163, 
Part II, Florida Statutes and the general powers granted to counties pursuant to 
Chapter 125, Florida Statutes. ₁ 
1.3 Applicability: The objectives, policies, and provisions of this Plan shall apply 
to the unincorporated area of Okaloosa County within the jurisdiction of the 
Board of County Commissioners as specified in Section 163.3171, Florida Statutes. 
The provisions of this Plan in their application and interpretation are declared to 
be the minimum requirements necessary to accomplish and implement the 
goals, objectives, and policies specified herein. The development and use of all 
land and water within the unincorporated area shall be consistent with this Plan 
and no governmental or private sector development shall be permitted except 
in conformity with this Plan. This Plan is intended to set general guidelines and 
principles concerning its purposes and contents and should be construed 
broadly to accomplish its stated purposes and objectives. ₂ 
1.4 Development defined: For purposes of this Plan the term “development” 
shall mean a human-created change to improved or unimproved real estate 
including buildings or other structures, land clearing, mining, dredging, filling, 
grading, paving, excavating or drilling, or an activity, action or alteration that 
otherwise changes undeveloped property into developed property. ₃ 
 
1.5 Governmental Interests: This Plan is predicated upon and intended to 
promote governmental interests including, but not limited to the following.  
 
Promote an orderly and logical pattern of land use and development. 
 
Provide a standard and uniform enunciation of general planning policies that 
can be applied equally to all persons. 
 
 
Comprehensive Plan 2045 

Administration 1.2 
 
 
Promote the efficient and effective delivery of public facilities and services. 
 
Promote compatibility between land uses so as to avoid the potential for 
nuisances. 
 
Protect viable residential areas and property values. 
 
To the extent practicable, ensure that all persons have quiet use and enjoyment 
of their property. 
 
Promote the preservation and conservation of valuable natural resources. 
 
To the extent practicable, ensure that private property rights are protected and 
that all persons are able to determine their rights and duties relative to the 
comprehensive planning process. 
 
Maximize the location and use of infrastructure facilities to encourage the most 
efficient use of land and water resources. 
 
Promote and provide financially feasible plans and programs for: an orderly 
pattern of growth and development; a safe, convenient, efficient, and 
interconnected multimodal transportation system; safe, sanitary and affordable 
housing; an effective and efficient system of public and private infrastructure, 
utilities and recreation facilities; protection of valuable coastal resources and 
limitation of public expenditures in areas subject to destruction by natural 
disasters; conserve and protect locally significant natural resources; promoting 
coordination between government agencies, and; a schedule of capital 
improvements intended to assist in the implementation of this Plan. 
 
Fulfill the requirements of state law mandated by Chapter 163 Part II, Florida 
Statutes, and; 
 
Generally, promote, protect, and improve the public health, safety, comfort, 
good order, appearance and general welfare of this community.

and the West Florida Strategic Regional Policy Plan. 
 
Policy 5.3 With respect to acquisition, the County, where feasible, shall protect 
environmentally sensitive natural areas through acquisition, establishment of public or 
private conservation easements, purchase of development rights, or through other 
available means as deemed appropriate. 
 
 
Objective 6   To maintain or improve national ambient air quality standards in 
the County, coordinate with appropriate state and federal agencies in the provision 
of planning, management, and educational activities. 
 
Policy 6.1  Ensure that new industrial development is located in compatible land use 
areas where impact on air quality can be minimized and that it complies with state and 
federal regulations regarding emission control. 

Conservation 2.10.10 
 
Policy 6.2 
Pursue all means to implement recommendations in the Ft. Walton Beach 
Urbanized Area MPO Congestion Management System to reduce air pollution caused by 
traffic congestion. 
 
Policy 6.3  Coordinate with state and federal agencies in educating the residents of 
Okaloosa County on ways to reduce polluting activities and protect clean air on the 
roadways, at home, and at play. 
 
 
Objective 7 
Conserve the waters of the state and to protect, maintain, and 
improve the quality thereof for public water supplies, for the propagation of wildlife 
and fish and other aquatic life, and for domestic, agricultural, industrial, 
recreational, and other beneficial uses (s. 403.021, Fla. Stat.). 
 
Policy 7.1 
The Board declares there is substantial public benefit in conserving and 
protecting the water quality of the rivers in north county for recreation, wildlife 
conservation, and water supply purposes in furtherance of state public policy (s. 430.021, 
Fla. Stat). The preservation of vegetation along river banks contributes to the healthy 
functioning and water quality of rivers by: 
 
1. Dissipating water energy through vegetation and root systems resulting in less soil 
erosion and reduction in flood damage; 
 
2. Reducing suspended sediments which creates less turbid water and replenishes 
soils and builds stream banks; 
 
3. Filters pollutants from surface runoff and enhance water quality via biofiltration; 
 
4. Provides wildlife habitat, increased biodiversity, and forage for wildlife and 
livestock; 
 
5. Provides wildlife corridors which enable aquatic and riparian organisms to move 
along river systems avoiding isolated communities, and; 
 
6. Provides native landscape irrigation by extending seasonal or perennial flows of 
water. 
 
Policy 7.2 
There is hereby created and established a “River Protection Zone” (RPZ) 
for all rivers and major tributaries thereto located north of the Eglin Reservation to 
include: Shoal River, Horsehead Creek, Pond Creek, Juniper Creek, and Bear Creek; 
 
Policy 7.3 
Within the established RPZ the following restrictions shall apply. 

Conservation 2.10.11 
 
1. Clearing of natural vegetation is not allowed except: 
 
a. Clearing may be allowed to create driveway access no more than twenty 
(20) feet in width to: a lot or parcel; a building on lot or parcel; or the 
construction site of a building on a lot or parcel, and;

es in parks and recreation facilities. 
The County shall continue to acquire (through lease, acquisition, or dedication) open 
space and natural areas so as to maintain and improve: 
a. Recreational opportunities for all residents; and 
b. The natural function of open space, wetlands and other sensitive lands within the 
County. 
Policy 3.3  The following areas are designated as natural reservations to provide 
open space and recreational uses of all types. 
 
a. Fred Gannon Rocky Bayou State Park; 
b. Blackwater River State Forest; 
c. Rocky Bayou Aquatic Preserve; 
d. Gulf Island National Seashore; 
e. Portions of Eglin Air Force Base and Hurlburt Field; 
f. Newman Brackin Wayside Park; 
g. John Beasley Park; 
h. Marler Park; 
i. Wayside Park II; and 
j. Okaloosa Island 100’ Freeways 
 
Policy 3.4  In addition to open space provided through natural reservations, 
protected environmental lands, and stormwater management areas, the County shall 
ensure open space through regulations in the Land Development Code which shall 
contain requirements for open space in developments by use of landscape and setback 
regulations. 
Policy 3.5  The County shall continue to preserve and protect the beaches and 
shores of Okaloosa County. This shall be done in part through regulations contained 
within the Land Development Code. 

Recreation & Open Space 2.11.3 
 
Policy 3.6  The LDC shall include definitions of open space, parks and recreation 
facilities. 
 
Policy 3.7 The County will provide within its recreation areas a diverse range of 
recreational facilities, both active and passive, and educational programs to meet the 
demands of resident and tourists.

hool Board, and the municipalities of Cinco 
Bayou, Crestview, Destin, Fort Walton Beach, Laurel Hill, Mary Esther, 
Niceville, Shalimar and Valparaiso shall meet jointly to develop 
mechanisms for coordination. Such efforts may include 
Objective 5 Okaloosa County shall develop mitigation strategies and 
redevelopment plans in coordination with adjacent local governments, utility 
companies and other units providing services in order to provide effective 
mitigation as an opportunity to save lives and protect economic and 
environmental resources from future disasters. 
 
Policy 5.1 Okaloosa County shall coordinate and compile its Local 
Mitigation Strategy (LMS) plan with the LMS Working Group composed of 
local governments and organizations, the school board, and utility 
providers. 
 
Policy 5.2 Okaloosa County shall adopt, implement and maintain a LMS 
Plan which identifies existing intergovernmental agreements supporting 
mitigation, inventories of coordinating agencies, and developed 
procedures to resolve conflicts. 
 
Policy 5.3 Okaloosa County shall coordinate with the LMS Working Group 
to develop guiding principles including reduction in the loss of life and 
property, protection of public assets, enhanced cooperation, and 
responsible growth. 
 
Policy 5.4 Okaloosa County shall identify hazards and describe and 
display the various types of hazards (including maps of hurricane and 
tropical storm wind fields, storm surge areas, FEMA Flood Zones, historic 
tornado locations, and areas susceptible to wildfires) facing Okaloosa 
County. 
 
Policy 5.5 Okaloosa County shall identify locations of critical and non- 
critical facilities, repetitive loss properties, and historic flooding locations 
which are vulnerable to future natural disasters. 

Intergovernmental Coordination 2.12.7 
 
GOAL 3: COLLABORATE AND COORDINATE WITH EGLIN AIR FORCE BASE TO 
ENSURE THE CONTINUED COMPATIBILITY OF THE LAND USES IN OKALOOSA 
COUNTY WITH THE MISSIONS. 
Policy 5.6 Okaloosa County shall prioritize mitigation initiatives and list 
projects, addressing potential funding sources and local coordination 
procedures for each project. 
 
 
Objective 1: Coordination of Land Uses with Eglin Air Force Base - Okaloosa 
County shall seek to implement the recommendations of the Eglin Air Force Base 
Joint Land Use Study Final Report, 2009 (JLUS/, and Tri-County Small Areas Final 
Report, 2012 in an effort to minimize potential for encroachment of 
incompatible development on the Reservation and provide needed support 
services and housing for Eglin Air Force Base. 
 
Policy 2.1: Okaloosa County shall invite and include a representative of 
Eglin Air Force Base as a non-voting member of the Planning Commission. 
 
Policy 2.2: Copies of all development proposals and requests for map 
amendments within the Military Influence Overlay District (MIODl Area, as 
defined within the Tri-County Small Areas Studies Final Report, 2012, will 
be provided to Eglin Air Force Base upon submittal for their review and 
comment. 
 
Policy 2.3: Okaloosa County will cooperate with representative of Eglin 
Air Force Base in developing and implementing comprehensive plan and 
land development code provisions to implement the Joint Land Use 
Study and Tri-County Small Areas Studies Final Report recommendations.","Based on the provided excerpts from Okaloosa County's comprehensive plan, the following conservation or natural area policies appear:

1. **Wildlife corridors**: The county goals focus on protecting natural resources, including wildlife habitats, and estuarine and riverine systems that act as corridors [Okaloosa County, pp. 1-2].
2. **Land acquisition**: The county shall protect environmentally sensitive natural areas through acquisition, establishment of public or private conservation easements, purchase of development rights, or through other available means as deemed appropriate [Okaloosa County, Chapter 2.10- Conservation, p. 9].
3. **Wildlife crossings**: The plan recognizes wildlife underpasses as critical tools for reducing vehicle-animal collisions and mitigating habitat fragmentation [Okaloosa County, pp. 1-2].
4. **Wildlife surveys**: Before specific types of development occur, particularly in sensitive areas like wetlands, exact boundaries must be surveyed and clearly identified to protect the habitat (Policy 2.1A) [Okaloosa County, pp. 1-2].
5. **Open space planning**: The county shall continue to acquire open space and natural areas so as to maintain and improve recreational opportunities for all residents and the natural function of open space, wetlands, and other sensitive lands within the County [Okaloosa County, Chapter 2.11- Recreation and Open Space, p. 1].
6. **River Protection Zone (RPZ)**: A ""River Protection Zone"" (RPZ) is established for all rivers and major tributaries located north of the Eglin Reservation, and clearing of natural vegetation is not allowed except for specific purposes [Okaloosa County, Chapter 2.10- Conservation, p. 11].
7. **Conservation of water quality**: The county shall conserve and protect the water quality of the rivers in north county for recreation, wildlife conservation, and water supply purposes [Okaloosa County, Chapter 2.10- Conservation, p. 10].
8. **Preservation of beaches and shores**: The county shall continue to preserve and protect the beaches and shores of Okaloosa County through regulations contained within the Land Development Code [Okaloosa County, Chapter 2.11- Recreation and Open Space, p. 2].

These policies demonstrate a commitment to conservation and natural area protection in Okaloosa County."
"Does Osceola County describe wildlife corridors, habitat networks, or greenway connections?","Osceola County Comprehensive Plan 
Wildlife Corridors: 
• “The Sunbridge (SUN) Future Land Use Map designation will provide a variety of 
housing options; protect environmentally sensitive lands, wildlife corridors, and upland 
habitat, and create a strong sense of place through street layout, open space arrangements, 
streetscape appearance, and linkage to neighborhoods to commercial services and jobs.” 
• Several of their goals also details their commitment to achieving “smart growth” in 
wildlife corridors 
• Policy 5-1.6.16: “Development shall minimize encroachment into wetland habitat areas 
by ensuring that public and private roads avoid crossing wetlands, or require that such 
crossings are sited at the narrowest point of a wetland allowing for an efficient 
transportation design while maintaining the continuity of identified wildlife corridors.” 
• “Policy 13-1.9.2: Wildlife Corridors... A specific goal of this program is to identify lands 
that will maintain, enhance, preserve, and create wildlife corridors connecting large 
conservation land as measured by the acres of contiguous conservation lands sufficiently 
large to support animal species with large range requirements.”  
Land Acquisition: 
• ""Objective 8-1.6: Land Acquisition.” Includes economic viability of nature-based 
tourism, cultural and heritage tourism, archaeological, culural, and historical resources, 
and private participation. 
o “The County may ensure existing and future ecotourism opportunities by 
protecting water resources, including the water quality of the area's lakes and 
rivers, as well as all ecosystems and natural resources. The County may use a 
number of protective mechanisms to protect nature-based tourism.” 
• “Objective 13-1.10: Land Acquisition and Management.” Includes restoring degraded 
natural lands, environmentally significant areas, greenway links and recreational trails, 
and more. 
• Policy 8-2.1.4: Ongoing Land Acquisition Programs 
o “The County shall coordinate with land acquisition programs of the cities of the 
County, and regional, state and federal agencies, to encourage the connection of 
existing publicly owned parcels of land into the Osceola County Trails System. 
The County actively coordinates with the land acquisition programs with Osceola 
County Parks and Public Lands, the Osceola County School Board, the Florida 
Fish and Wildlife Commission (FFWC), the Florida Trails Association, the 
USDA Forest Service, and the water management districts.” 
• Policy 13-1.2.13: Environmental Land Acquisition Programs 

o “Osceola County shall continue its land acquisition programs, including the 
Environmental Lands Conservation Program, which was established by County 
Ordinance, to identify potential restoration, enhancement, and preservation 
projects in floodplains and wetlands adjacent to surface waters to improve the 
quality of runoff into these surface water areas.” 
Wildlife crossing: 
• There is a whole section titled “Wildlife Crossings” saying: 
• Osceola County and the landowner will collaborate with the Florida Fish and Wildlife 
Conservation Commission, the U.S. Fish and Wildlife Service, the Florida Department of 
Transportation and the Central Florida Expressway Authority to establish standards and 
locations for wildlife crossing on public roads that cross wetlands and other potential 
wildlife corridors.

overnmental land use regulations; 
including the Osceola LDC. 
Policy 13-1.9.1: Environmentally Significant Lands. 
Osceola County will continue efforts to identify, restore, purchase, manage, and protect, 
through federal, state, and local acquisition programs and dedicated easements, an 
Policy 13-1.7.3 
OSCEOLA COUNTY COMPREHENSIVE PLAN
CP13:18
Supp. No. 10 

ecologically meaningful pattern of environmentally significant lands and green spaces that 
contain a diverse mixture of natural upland or wetland communities within which native 
plant communities, rare and endangered flora and fauna, endemic species, endangered 
species habitat, a diversity of species, significant water resources, or outstanding aesthetic, 
recreational, or other natural features can be preserved and protected. 
Policy 13-1.9.2: Wildlife Corridors. 
Osceola County shall identify, conserve, manage, restore and protect environmentally 
significant areas in a manner consistent with applicable federal, state, and local laws. A 
specific goal of this program is to identify lands that will maintain, enhance, preserve, and 
create wildlife corridors connecting large conservation land as measured by the acres of 
contiguous conservation lands sufficiently large to support animal species with large range 
requirements. 
Policy 13-1.9.3: Land Conservation Advisory Board (LCAB). 
Osceola County shall continue to use the Land Conservation Advisory Board (LCAB) 
consistent with Ordinance 04-28 to identify and recommend environmentally significant 
land for acquisition. The actions of the board will be in an advisory capacity only. Lands 
acquired under this provision have all development rights permanently extinguished unless 
the activity is strictly compatible with the purposes of the program. 
Policy 13-1.9.4: Master Greenway Plan. 
Osceola County, in cooperation with appropriate agencies, supports a Master Greenway Plan 
for the County that is to be integrated into the Regional Master Greenway Plan for that area 
of the State. Additional sites shall be sought to help complete segments of the Florida Trail, 
conserve the area's native plant and animal communities and allow movement and dispersal 
of species. 
Policy 13-1.9.5: Exotic/Nuisance Plants. 
Osceola County shall discourage the planting and encourage the removal of exotic/nuisance 
plants (as defined by the Florida Invasive Species Council (FISC) and recommend the use of 
the Nature Conservancy's Weed Control Methods Handbook: Tools and Techniques for Use in 
Natural Areas and FISC Exotic Plant Management Plans and Guidebooks. On its own public 
lands, Osceola County will control or eradicate exotic/nuisance plants according to these 
guidelines. 
(As amended April 21, 2008; Ord. No. 2025-21, § 3(Exh. 1), 3-17-2025) 
Policy 13-1.9.6: Habitat for Listed Species. 
Osceola County recognizes the existence and strategic value of habitat within the County for 
federal and state listed species of flora and fauna. In particular, the County recognizes three 
upland plant communities as sensitive and significant due to the presence of resident 
 Policy 13-1.9.6
CONSERVATION ELEMENT
CP13:19
Supp. No. 10 

population of protected flora and fauna; longleaf pine/turkey oak, sand pine scrub, and dry 
prairie.

ers (SOR) programs to complement the lands acquired 
through local sources and to facilitate management plans designed to preserve or enhance 
onsite/adjacent Protected Species and their habitats. Osceola County will also coordinate 
with private land trusts, such as The Nature Conservancy (TNC) and the Trust for Public 
Land (TPL), to acquire and manage environmentally significant lands. 
Policy 13-1.9.10: Ecological Evaluation Required for New Developments. 
In order to ensure that the structure and function of environmental areas are preserved, 
Osceola County may require an Ecological Evaluation be performed by a qualified 
Environmental Consultant, whenever new development is proposed, prior to the approval of 
Policy 13-1.9.6 
OSCEOLA COUNTY COMPREHENSIVE PLAN
CP13:20
Supp. No. 10 

site clearing activities. This requirement shall not apply to developments of less than four 
residential units, or where environmentally sensitive areas or listed species are not 
identified on the property. 
Policy 13-1.9.11: Retention of Agricultural Uses. 
In the creation of wildlife corridors, Osceola County shall promote, through incentives, the 
retention of agricultural uses (e.g., pastures and groves), in order to further biodiversity. 
Policy 13-1.9.12: Management Plan for Conservation Uses. 
Osceola County shall, in cooperation with other federal, state and local agencies and entities, 
create a Management Plan for any conservation lands currently under County ownership or 
acquired as part of the Osceola County Environmental Lands Conservation Program. The 
plan will include provision to provide management activities necessary to preserve, enhance, 
restore, conserve, maintain, or monitor the land, as appropriate. The plan will ensure the 
uses are consistent with the preservation, enhancement, restoration, conservation, and 
maintenance of the land, and will estimate the annual capital and operating costs of the 
plan. Management activities in the plan may include, but are not limited to: exotic/nuisance 
plant species removal, native vegetative communities restoration, natural hydrology 
restoration, natural fire regime restoration, feral hog or livestock removal from natural 
areas, and similar activities. 
Policy 13-1.9.13: Natural Areas and Open Space. 
The County shall encourage the protection, and enhancement of natural areas and open 
space as measured by the acreage set aside for these purposes. This will be accomplished by 
government agencies, not-for-profit corporations, or private enterprises using a fee simple 
purchase, purchase of development rights, purchase of conservation easements, and other 
means appropriate, as condition and resources permit, to acquire natural lands and open 
space identified by federal, state, and local agencies as being of environmental or 
recreational significance. 
 OBJECTIVE 13-1.10: Land Acquisition and Management 
Osceola County shall implement a land acquisition program in which the County will 
identify, prioritize, and fund conservation and preservation programs that will include 
acquiring and managing public lands. 
Policy 13-1.10.1: Environmentally Significant Areas. 
The County shall identify environmentally significant areas for acquisition, protection, and 
enhancement. These areas include wetlands, surface waters, threatened or endangered 
ecosystems, lands that contain Protected Species, areas of aquifer recharge, and unique or 
rare wildlife habitats. 
 Policy 13-1.10.1
CONSERVATION ELEMENT
CP13:21
Supp. No. 10

all continue its land acquisition programs, including the 
Environmental Lands Conservation Program, which was established by County 
Ordinance, to identify potential restoration, enhancement, and preservation 
projects in floodplains and wetlands adjacent to surface waters to improve the 
quality of runoff into these surface water areas.” 
Wildlife crossing: 
• There is a whole section titled “Wildlife Crossings” saying: 
• Osceola County and the landowner will collaborate with the Florida Fish and Wildlife 
Conservation Commission, the U.S. Fish and Wildlife Service, the Florida Department of 
Transportation and the Central Florida Expressway Authority to establish standards and 
locations for wildlife crossing on public roads that cross wetlands and other potential 
wildlife corridors. To facilitate these wildlife crossings, Osceola County shall require 
appropriately sized crossing and fencing to direct species to the crossing 
• They also allude to wildlife crossings throughout their goals to provide environmentally 
friendly  
Wildlife Surveys: 
• There is a section on “Wildlife Data” that includes using the FFWC and U.S. Fish and 
Wildlife survey methodologies. 
o Policy 5-1.6.15: Wildlife Data. 
• Used in greenways, trails, parks, and recreational open space: “Each CMP/DSAP shall 
plan, design, and address funding for the greenways and multi-use trail network within its 
boundaries, based on all relevant data and analysis used in preparation of the North 
Ranch Element and on detailed surveys that will be consistent with and facilitate 
connections for the Greenways and Trails System shown in Maps 2 and 5.” 
Open Space Planning: 
• The Sunbridge (SUN) Future Land Use Map designation will provide a variety of 
housing options; protect environmentally sensitive lands, wildlife corridors, and upland 
habitat, and create a strong sense of place through street layout, open space arrangements, 
streetscape appearance, and linkage to neighborhoods to commercial services and jobs. 
• Several (20+) objectives/policies use the words “open space” while discussing planning 
objectives. 
o Examples: Policy 1-1.3.7: Land Use Development Code (LDC) amendments 
implement Future Land Use Element. Under criteria it states, ""Provide for open 
space.”

etain existing native vegetation to reduce
capital costs and to conserve natural resources and water resources, when appropriate.
(Ord. No. 2020-19, § 4(Exh. C), 1-13-2020)
Policy 8-1.4.4: Evaluation of Conservation and Preservation Lands.
Prior to the County purchasing property for conservation and preservation purposes, the site
shall be evaluated for future passive, resource-based recreational opportunities according to
established guidelines.
(Ord. No. 2020-19, § 4(Exh. C), 1-13-2020)
Policy 8-1.3.5
OSCEOLA COUNTY COMPREHENSIVE PLAN
CP8:10
Supp, No. 1

Policy 8-1.4.5: Grants.
The County shall pursue grants and allocate funds to maintain current public access and to
increase public access to public parks and recreational areas, as well as the shorelines of
lakes, rivers, and waterways. Consistent with Conservation Element Policy 13-1.9.13,
Osceola County shall coordinate with the State of Florida Conservation and Recreation
Lands (CARL), Florida Communities Trust (FCT), and Save Our Rivers (SOR) programs to
complement the lands acquired through local sources and to facilitate management plans
designed to preserve or enhance onsite/adjacent protected species and their habitats.
Osceola County will also coordinate with private land trusts, such as The Nature
Conservancy (TNC) and the Trust for Public Land (TPL), to acquire and manage
environmentally significant lands.
(Ord. No. 2020-19, § 4(Exh. C), 1-13-2020)
Policy 8-1.4.6: Shoreline Pedestrian Access.
The County shall ensure that parking spaces, walkways, or walkovers are provided to
maintain access to public areas, including the shorelines of public lakes, rivers and
waterways. Impacts to environmentally significant lands or jurisdictional wetlands will be
prohibited unless no practicable alternative exists. In the case of an unavoidable impact, all
appropriate state and federal entitlements will be obtained prior to the start of construction.
Consistent with Conservation Element Policy 13-1.9.12, Osceola County shall also provide
for the management and protection of native vegetative communities. The alteration of
habitats where protected species are known to exist shall be prohibited unless project
alternatives are impracticable and mitigation measures will still insure the viability of the
onsite population.
(Ord. No. 2020-19, § 4(Exh. C), 1-13-2020)
Policy 8-1.4.7: Land Management Plan.
Consistent with Conservation Element Policy 13-1.9.12, Osceola County shall, in cooperation
with other local, state and federal agencies and entities, create a Management Plan for any
lands currently under County ownership or acquired as part of the Land Conservation
Program. The Plan will include provisions to provide management activities necessary to
preserve, enhance, restore, conserve, maintain, or monitor the land, as appropriate. The
plan will insure the uses are consistent with the preservation, enhancement, restoration,
conservation, and maintenance of the land, and will estimate the annual capital and
operating costs of the Plan. Management activities in the plan may include, but are not
limited to exotic/nuisance plant species removal, native vegetative communities' restoration,
natural hydrology, restoration, natural fire regime restoration, feral hog or livestock removal
from natural areas, and similar activities.
(Ord. No. 2020-19, § 4(Exh. C), 1-13-2020)
Policy 8-1.4.7
PARKS AND RECREATION ELEMENT
CP8:11
Supp, No. 1","Based on the provided document excerpts, Osceola County describes wildlife corridors, habitat networks, and greenway connections in the following ways:

1. **Wildlife Corridors**: Osceola County aims to identify, conserve, manage, restore, and protect environmentally significant areas in a manner consistent with applicable federal, state, and local laws. A specific goal of this program is to identify lands that will maintain, enhance, preserve, and create wildlife corridors connecting large conservation land as measured by the acres of contiguous conservation lands sufficiently large to support animal species with large range requirements. [Osceola County, pp. 308-310, Policy 13-1.9.2]
2. **Habitat Networks**: Osceola County shall promote, through incentives, the retention of agricultural uses (e.g., pastures and groves), in order to further biodiversity, in the creation of wildlife corridors. [Osceola County, pp. 310-312, Policy 13-1.9.11]
3. **Greenway Connections**: Osceola County supports a Master Greenway Plan for the County that is to be integrated into the Regional Master Greenway Plan for that area of the State. Additional sites shall be sought to help complete segments of the Florida Trail, conserve the area's native plant and animal communities, and allow movement and dispersal of species. [Osceola County, pp. 308-310, Policy 13-1.9.4]
4. **Wildlife Crossings**: Osceola County and the landowner will collaborate with the Florida Fish and Wildlife Conservation Commission, the U.S. Fish and Wildlife Service, the Florida Department of Transportation, and the Central Florida Expressway Authority to establish standards and locations for wildlife crossing on public roads that cross wetlands and other potential wildlife corridors. [Osceola County, pp. 1-2, ""Wildlife Crossings"" section]
5. **Greenways and Trails**: Osceola County shall plan, design, and address funding for the greenways and multi-use trail network within its boundaries, based on all relevant data and analysis used in preparation of the North Ranch Element and on detailed surveys that will be consistent with and facilitate connections for the Greenways and Trails System shown in Maps 2 and 5. [Osceola County, pp. 242-244, Policy 5-1.6.15]

In summary, Osceola County's comprehensive plan includes policies and objectives that aim to protect and conserve wildlife corridors, habitat networks, and greenway connections, as well as establish wildlife crossings and greenways and trails systems."
What does Pasco County require or recommend for open space preservation and conservation lands?,"of the Environmental Lands Acquisition Selection Committee, providing data to the Environmental
Lands Acquisition Selection Committee for the assessment of nominated parcels of lands, recommending parcels
for the consideration of the Board of County Commissioners, soliciting matching funds from State and Federal
partnership agencies to maximize the acquisition revenue in Pasco County, and the coordination of resource
management plans for acquired lands.
POLICY CON 1.4.3: ENVIRONMENTAL MANAGEMENT PLANS
Pasco County shall ensure the protection and proper use of environmentally sensitive lands acquired by the
County through Environmental Lands Acquisition and Management Program or dedicated to and accepted by
the County within a critical linkage by developing environmental management plans. These plans should provide
at a minimum:
a.
Maintaining hydrological characteristics.
b.
Removal or control of nuisance, exotic, plant, and animal species.
c.
Preservation of native vegetation.
d.
Ecological processes, particularly fire, if applicable.
e.
Implementation mechanisms.
f.
Other information required by the Land Development Code.
POLICY CON 1.4.4: INTERGOVERNMENTAL PARTNERSHIPS
Pasco County shall actively seek matching funds for the Environmental Lands Acquisition and Management
Program from other State and Federal programs, such as the Florida Department of Environmental Protection's
Florida Forever Program, the Florida Department of Community Affairs' Florida Communities Trust Program,
and the Southwest Florida Water Management District.
POLICY CON 1.4.5: INTERGOVERNMENTAL COORDINATION: MANAGEMENT PLANS
Pasco County shall continue to work with local, regional, State, and Federal entities that own land in the County
to establish a cohesive plan for the ongoing management of these lands. Best Management Practices shall be used
for control of fire, smoke, and flooding.
POLICY CON 1.4.1
PASCO COUNTY COMPREHENSIVE PLAN
CH3:18

POLICY CON 1.4.6: COORDINATED CONSERVATION STRATEGY
Pasco County shall coordinate with other resource agencies to evaluate mitigation opportunities that can support
and reinforce the County's regional conservation strategy.
POLICY CON 1.4.7: PUBLIC EDUCATION
Pasco County shall encourage the development of educational programs to inform the public of the actions and
results of the County's Environmental Lands Acquisition and Management Program.
POLICY CON 1.4.8: MULTIPLE-USE OPPORTUNITIES
Pasco County shall provide multiple-use opportunities on County-owned environmentally sensitive lands that are
consistent with natural resource protection and conservation goals to provide for passive recreation, wildlife
habitat, watershed protection, erosion control, maintenance, or enhancement of water quality, aquifer recharge
protection, and other such natural functions.
OBJECTIVE CON 1.5: ECOLOGICAL PLANNING UNITS
To identify, protect, and conserve the natural resources with particular ecological significance within areas
identified as Ecological Planning Units in the 2002 Habitat Study, Assessment of Measures to Protect Wildlife
Habitat in Pasco County, and depicted in Map 3-3: Ecological Planning Units.
POLICY CON 1.5.1: COORDINATION WITH ACQUISITION/LAND MANAGEMENT
Pasco County shall evaluate opportunities to purchase lands or conservation easements within ecological
planning units under the County's Environmental Lands Acquisition and Management Program.

Pasco County shall continue to condition all appropriate land development approvals to implement the Best 
Management Practices for reduction of erosion, fugitive dust, and air emissions related to the construction of the 
development consistent with the Pasco County Land Development Code. 
POLICY CON 2.1.5: PERMITS WITH REGARD TO ADVERSE IMPACTS 
Pasco County shall continue to evaluate all land development activities which will require a permit under Florida 
Administrative Code, Chapter 62, as amended, with regard to adverse impacts upon surrounding land uses. 
Florida Administrative Code, Chapter 6A, requires a permit to construct and operate a stationary air-pollution 
source. 
 POLICY CON 2.1.5
FUTURE LAND USE ELEMENT
CH3:27
Supp. No. 5 

Map 3-1 Significant Habitat Area Inventory 
 
 POLICY CON 2.1.5
FUTURE LAND USE ELEMENT
CH3:29
Supp. No. 5 

Map 3-3 Ecological Planning Units 
 
POLICY CON 2.1.5 
PASCO COUNTY COMPREHENSIVE PLAN
CH3:30
Supp. No. 5 

Map 3-4 Critical Linkages 
 
 POLICY CON 2.1.5
CONSERVATION ELEMENT
CH3:31
Supp. No. 8 

(Ord. No. 23-38, § 3(Exh. C), 10-10-23; Ord. No. 23-45, § 5(Exh. D), 10-24-23) 
POLICY CON 2.1.5 
PASCO COUNTY COMPREHENSIVE PLAN
CH3:32
Supp. No. 8 

Chapter 4
 COASTAL AND FLOODPLAIN MANAGEMENT ELEMENT 
Goal COA 1: Protect, Preserve, and Enhance the Natural Resources of the Coastal Planning Area to Provide 
the Highest Environmental Quality Possible 
Objective COA 1.1: Vegetative Communities 
Policy COA 1.1.1: Protection of Natural Communities 
Policy COA 1.1.2: Seagrass Protection 
Policy COA 1.1.3: Wetland Protection 
Policy COA 1.1.4: Mandatory Setbacks 
Policy COA 1.1.5: Intergovernmental Coordination 
Objective COA 1.2: Water Quality 
Policy COA 1.2.1: Stormwater Management System Requirements 
Policy COA 1.2.2: Stormwater Management Plans 
Policy COA 1.2.3: Dredge and Fill 
Policy COA 1.2.4: Limits on Artificial Waterway 
Policy COA 1.2.5: Limits on Wastewater Treatment Facilities 
Objective COA 1.3: Beach Areas 
Policy COA 1.3.1: Protect Beach Areas 
Policy COA 1.3.2: Limit Access in Beach Areas 
Policy COA 1.3.3: Public Access 
Policy COA 1.3.4: Limit Vehicular Access 
Policy COA 1.3.5: Maintenance and Preservation of Beach Dune System 
Policy COA 1.3.6: Restoration of Beach Systems 
Objective COA 1.4: Protection of Estuaries 
Policy COA 1.4.1: Intergovernmental Coordination 
Objective COA 1.5: Coastal Conservation Strategy 
Policy COA 1.5.1: Protect Existing Conservation Lands and Coastal Lands 
Policy COA 1.5.2: Wetland Protection 
Policy COA 1.5.3: Development Incentives 
Goal COA 2: Land Development Shall Be Complementary to the Natural Character and Existing 
Public-Facility Capacity of the Coastal Planning Area 
Objective COA 2.1: Shoreline Uses 
Policy COA 2.1.1: Designation of Shoreline Uses 
Policy COA 2.1.2: Dock Construction and Shoreline Stabilization 
Policy COA 2.1.3: Prioritization of Shoreline Uses 
CH4:1
Supp. No. 8 

Policy COA 2.1.4: Criteria for Marinas Adjacent to Conservation Areas, Preservation Areas, or Environmen-
tally Sensitive Areas 
Policy COA 2.1.5: Development Conditions For Marinas 
Policy COA 2.1.6: Building Code Requirements 
Policy COA 2.1.7: Land Development Regulations 
Objective COA 2.2: Protection of Coastal High-Hazard Area 
Policy COA 2.2.1: Coastal High-Hazard Area 
Policy COA 2.2.2: Coastal High-Hazard Area: Infrastructure Limitations 
Policy COA 2.2.3: Coastal High-Hazard Area: Development Limitations 
Policy COA 2.2.4: Limit Hazardous Waste Generation, Storage, or Disposal 
Objective COA 2.3: Public Access 
Policy COA 2.3.1: Acquisition Incentives For Coastal Shoreline 
Policy COA 2.3.2: Public-Access Management 
Policy COA 2.3.3: Limitation of Vehicular Access 
Objective COA 2.4: Public Infrastructure 
Policy COA 2.4.1: Limit Expenditures of County Funds For New Development in Coastal High-Hazard Area 
Policy COA 2.4.2: Limitation of Transportation Improvements 
Policy COA 2.4.3: Prohibit New Bridges 
Policy COA 2.4.4: Evaluate Critical Facilties 
Policy COA 2.4.5: Designate Adaptation Action Areas 
Goal COA 3: Ensure the Public's Safety, Health, and Welfare By Providing Adequate Warning From Natural 
Disasters 
Objective COA

rior to issuance of the first
Certificate of Occupancy or where a Certificate of Occupancy is not required, prior to the final inspection,
and the setbacks shall be measured from the upland buffer line.
f.
Requirements for maintenance of wetlands and required upland buffers platted as conservation areas by the
homeowners' association/ Community Development District/merchants' association or other entity as
approved by the County.
POLICY CON 1.3.14: PUBLIC INFRASTRUCTURE
Pasco County shall, where feasible and practicable, locate and design roadway improvements to minimize the
acreage of adversely altered, jurisdictional wetland areas, minimize direct and indirect impacts on rivers, lakes,
and streams, and minimize impacts on endangered and threatened species and species of special concern.
OBJECTIVE CON 1.4: ENVIRONMENTAL LANDS ACQUISITION AND MANAGEMENT
PROGRAM
Seek to permanently protect environmentally sensitive lands through the County's Environmental Lands Acqui-
sition and Management Program.
POLICY CON 1.4.1: PURCHASE OF ENVIRONMENTALLY SENSITIVE LANDS
Pasco County shall continue to purchase environmentally sensitive lands through the Environmental Lands
Acquisition and Management Program which is designed to:
a.
Protect natural communities including uplands and wetlands, connect natural linkages, conserve viable
populations of native plants and animals, protect habitat for listed species, protect water resources and
wetland systems, protect unique natural resources, enhance resource-based recreational opportunities, and
expand environmental education opportunities.
b.
Provide opportunities for both existing residents and future generations to enjoy these lands for resource-
based recreation and educational uses.
POLICY CON 1.4.1
CONSERVATION ELEMENT
CH3:17

c.
Maximize the effectiveness of local tax dollars by using them to match funds available from Federal, State,
municipal, private, nonprofit, and water management district land acquisition funding sources.
d.
Recognize that sensitive conservation goals can be achieved by alternatives to traditional fee simple
acquisition. The acquisition of conservation easements is encouraged by the Environmental Lands Acqui-
sition and Management Program and can result in maximizing environmentally sensitive lands acquisition
and rewarding good private stewardship of the lands, while keeping property on the tax rolls.
POLICY CON 1.4.2: ENVIRONMENTAL LANDS STAFF
Pasco County shall support the Environmental Lands Acquisition and Management Program through the efforts
of an Environmental Lands Program Manager and Coordinator, whose responsibilities include attending
meetings of the Environmental Lands Acquisition Selection Committee, providing data to the Environmental
Lands Acquisition Selection Committee for the assessment of nominated parcels of lands, recommending parcels
for the consideration of the Board of County Commissioners, soliciting matching funds from State and Federal
partnership agencies to maximize the acquisition revenue in Pasco County, and the coordination of resource
management plans for acquired lands.
POLICY CON 1.4.3: ENVIRONMENTAL MANAGEMENT PLANS
Pasco County shall ensure the protection and proper use of environmentally sensitive lands acquired by the
County through Environmental Lands Acquisition and Management Program or dedicated to and accepted by
the County within a critical linkage by developing environmental management plans.

t to the acreage and distribution of
natural lands suitable for native species of wildlife.
POLICY CON 1.1.7: HAZARDOUS WASTE MANAGEMENT PLAN
Pasco County shall implement the Pasco County Hazardous Waste Management Plan in coordination with the
Florida Department of Environmental Protection.
POLICY CON 1.1.8: PUBLIC EDUCATION: HAZARDOUS WASTE
Pasco County shall disseminate educational brochures to inform citizens of effective methods for storing and
disposing of household and commercial hazardous material in accordance with the County's Hazardous Waste
Management Plan.
POLICY CON 1.1.9: COORDINATED CONSERVATION STRATEGY
Pasco County shall coordinate with other resource agencies to evaluate mitigation opportunities that can support
and reinforce the County's regional conservation strategy. The County shall also continue to consult the
Southwest Florida Water Management District on environmental lands acquisition as discussed in the 10-Year
Water Supply Facilities Work Plan and the Summary of Conservation Issues in the Comprehensive Plan.
OBJECTIVE CON 1.2: CRITICAL LINKAGES
To identify and protect corridors or linkages that maintain a contiguous network of wildlife habitat between
existing public lands as identified in the March 2002 Habitat Study, Assessment of Measures to Protect Wildlife
Habitat in Pasco County, as amended on July 10, 2007, as critical linkages and depicted in Map 3-4: Critical
Linkages Map.
POLICY CON 1.2.1: DEFINITION OF CRITICAL LINKAGES
Pasco County has identified critical linkages, as shown on Map 3-4: Critical Linkages Map, which shall serve as
connecting corridors for lands that are currently in public ownership to protect and conserve native vegetative
communities, endangered, and threatened species, and natural functions of wildlife habitats, including wetlands.
POLICY CON 1.1.5
PASCO COUNTY COMPREHENSIVE PLAN
CH3:10

POLICY CON 1.2.2: PERMITTED USES/DEVELOPMENT STANDARDS
Pasco County shall amend the Land Development Code by 2010 to adopt implementation measures for proposed
density or intensity increases in critical linkages. The implementation measures in the Land Development Code
shall include, but not be limited to, the following:
a.
Once the specific boundaries of a critical linkage have been established (see Subparagraph h), increases in
land use density or intensity through rezoning actions within the critical linkages shall be prohibited, except
for MPUD Master Planned Unit Developments or conservation subdivisions where the density or intensity
may be increased consistent with the Comprehensive Plan if transferred to the upland portion outside of the
critical linkage on the same site. Transfers of density or intensity outside of the same site are also allowed,
except to those lands designated as AG (Agricultural), AG/R (Agricultural/Rural), RES-1 (Residential - 1
du/ga), Rural Character Area, Rural Neighborhood Protection Area, Rural Transition Area, Rural Protec-
tion Area, CON (Conservation Lands), Coastal High Hazard Area, Transportation Corridor, Critical
Linkage, or any land use area specifically designated in the Comprehensive Plan or Land Development
Code as not being suitable for transferable density or intensity.

be unavoidable and be minimized and shall be required to provide a wildlife under crossing that is
designed consistent with Policy CON 1.2.2., Permitted Uses/Development Standards, Subparagraph d.
As used in this Comprehensive Plan, the term unavoidable is not construed as including the alternative of not
implementing the system in some form, nor shall it be construed as requiring a project that is significantly different
in type or function.
POLICY CON 1.2.4: PUBLIC PROPERTY
Pasco County shall ensure that future uses on County-owned land within designated critical linkages preserve the
natural resource value of the land. These uses may include ecological restoration and management, environmen-
tal education, and passive recreation.
POLICY CON 1.2.2
PASCO COUNTY COMPREHENSIVE PLAN
CH3:12

POLICY CON 1.2.5: COORDINATION WITH ACQUISITION/LAND MANAGEMENT
Pasco County shall evaluate opportunities to purchase lands or conservation easements within critical linkages
under the County's Environmental Lands Acquisition and Management Program.
POLICY CON 1.2.6: ENVIRONMENTAL MANAGEMENT PLANS IN CRITICAL LINKAGES
Pasco County shall require an environmental management plan for lands proposed for or placed under
conservation easement within critical linkages. An environmental management plan, a sketch and legal descrip-
tion of the conservation parcel(s), and conservation easement language shall be submitted as a part of the
development approval process. Compliance with the said plan and recordation of the conservation easement over
the proposed parcels shall become a condition of the development order for the rezoning, where applicable, and
a condition of the preliminary plan or preliminary site plan approval. The environmental management plan shall
address the following:
a.
Ownership.
b.
Baseline environmental assessment.
c.
Land management activities consistent with Policy CON 1.4.3, Environmental Management Plans.
d.
Restoration or enhancement activities, if applicable.
e.
Short-term and long-term maintenance activities.
f.
Operation and maintenance shall be the responsibility of the homeowners' association, merchants' associ-
ation, or a Community Development District.
g.
Management and maintenance schedules.
h.
Long-term funding of management.
Lands dedicated to and accepted by the County within critical linkages will not require environmental manage-
ment plans to be provided by the entity dedicating said land. The County will develop an environmental
management plan for the said land in accordance with Policy CON 1.4.3, Environmental Management Plans.
POLICY CON 1.2.7: REGIONAL SIGNIFICANCE OF CRITICAL LINKAGES
Pasco County recognizes critical linkages as having regionally significant value, consistent with the Florida
Administrative Code, Chapter 40D-4. The value of critical linkages is vital to sustenance of the regional
landscape and their protection will yield long-term, sustainable benefits. Application of the Unified Mitigation
and Assessment Methodology to critical linkages should result in values reflective of their regional significance.
Pasco County shall coordinate with the Southwest Florida Water Management District to ensure that these
resources are recognized as such for the purposes of determining mitigation value.
POLICY CON 1.2.8: COORDINATION OF CRITICAL LINKAGES AND IMPLEMENTATION
Pasco County shall coordinate critical linkages planning and implementation activities with the Southwest
Florida Water Management District, Florida Department of Environmental Protection, Army Corps of Engi-
neers, and adjacent counties and municipalities.
POLICY CON 1.2.8
CONSERVATION ELEMENT
CH3:13","Based on the provided excerpts from the Pasco County Comprehensive Plan, the following policies and recommendations are relevant to open space preservation and conservation lands:

**Enforceable Policies:**

1. Pasco County shall ensure the protection and proper use of environmentally sensitive lands acquired by the County through Environmental Lands Acquisition and Management Program or dedicated to and accepted by the County within a critical linkage by developing environmental management plans. [Pasco County, p.536]
2. Pasco County shall continue to purchase environmentally sensitive lands through the Environmental Lands Acquisition and Management Program. [Pasco County, p.538]
3. Pasco County shall ensure that future uses on County-owned land within designated critical linkages preserve the natural resource value of the land. [Pasco County, p.531]
4. Pasco County shall require an environmental management plan for lands proposed for or placed under conservation easement within critical linkages. [Pasco County, p.532]
5. Pasco County shall evaluate opportunities to purchase lands or conservation easements within critical linkages under the County's Environmental Lands Acquisition and Management Program. [Pasco County, p.532]

**Recommendations:**

1. Pasco County shall encourage the development of educational programs to inform the public of the actions and results of the County's Environmental Lands Acquisition and Management Program. [Pasco County, p.538]
2. Pasco County shall provide multiple-use opportunities on County-owned environmentally sensitive lands that are consistent with natural resource protection and conservation goals. [Pasco County, p.538]

**Goals/Objectives:**

1. To identify, protect, and conserve the natural resources with particular ecological significance within areas identified as Ecological Planning Units in the 2002 Habitat Study, Assessment of Measures to Protect Wildlife Habitat in Pasco County, and depicted in Map 3-3: Ecological Planning Units. [Pasco County, p.537]
2. To seek to permanently protect environmentally sensitive lands through the County's Environmental Lands Acquisition and Management Program. [Pasco County, p.538]

**Limited or Unclear Evidence:**

The provided excerpts do not contain specific information on the following topics:

* The total amount of open space to be preserved or conserved
* The specific locations of open space preservation and conservation lands
* The mechanisms for acquiring or managing open space preservation and conservation lands
* The roles and responsibilities of various stakeholders in open space preservation and conservation efforts

Overall, the Pasco County Comprehensive Plan emphasizes the importance of preserving and conserving environmentally sensitive lands and critical linkages, and outlines specific policies and recommendations for achieving these goals. However, the evidence is limited in certain areas, and further research may be necessary to fully understand the County's open space preservation and conservation efforts."
"Does Pinellas County include policies for land acquisition, conservation easements, or preservation of environmental lands?","tion of natural resources, 
which comprise the County’s ecological system, serve to preserve critical 
plant and animal habitats. It contributes to the community’s air and water 
quality; helps minimize flooding; offers unique character to a highly urbanized 
area; and provides parks, preserves and aquatic resources. The natural 
resource characteristics of Pinellas County are part of its general branding and 
significantly contribute to tourism and the local economy. Responsible land 
planning decision are essential to protect the County’s natural resources and 
promote resiliency from natural disasters and human-made impacts. The Natural 
Resource Conservation and Management chapter establishes polices help to preserve and enhance these valuable 
resources.
 »
Reduce, reuse and recycle. Prevent pollution, save energy and help sustain natural resources for future generations. 
 »
Throw it in the tackle box! Discarded fishing line can be a serious threat to birds and aquatic life like sea turtles and 
manatees.
 »
Skip the straw! Avoid single-use plastics when you can, reuse and properly dispose of or recycle them when you 
can’t.
 »
Give nesting, feeding, and resting birds much needed space! Coastal waterbirds nest, rest, and feed on our beaches 
and need us to share the shore.
 »
Help reduce the carbon footprint by biking to work.
 »
Getting into the aluminum recycling habit is one of the best things you can do for the environment. There’s no limit 
to how many times they can be recycled. Used aluminum cans are recycled, filled and put back on the shelf in just six 
weeks.
NRC GOAL 1: BE A LEADER IN ENVIRONMENTAL STEWARDSHIP, SUSTAINABLE 
PRACTICES AND ENVIRONMENTAL EDUCATION.
NRC OBJECTIVE 1.1: Exemplify, promote and apply environmentally sustainable principles, programs and 
practices that support a more resilient community.
NRC POLICY 1.1.1: Promote (re)development that demonstrates a commitment to sustainability and 
resiliency.
NRC STRATEGY 1.1.1.1: Utilize the Land Development Code to promote sustainability, 
including:
 »
Advance the net reduction of impervious surfaces;
 »
Maximize and restore natural floodplain functions;
 »
Apply innovative stormwater management techniques through the implementation of 
the Pinellas County stormwater manual;
 »
Restrict and mitigate any adverse impacts to wetlands;
 »
Encourage and incentivize energy efficiency;
 »
Encourage and incentivize adaptive reuse of existing structures;
 »
Encourage and incentivize the use of renewable energy sources; 
NATURAL RESOURCE CONSERVATION 
AND MANAGEMENT [ NRC ]
Everyday Actions
Goals, Objectives, Policies & Strategies

Natural Resource Conservation & Management
NRC - 3
 »
Encourage and incentivize the use of Florida Friendly Landscaping™ 1 principles;
 »
Encourage and incentivize the retention of mature and native urban tree canopy and 
replanting of trees removed for development.
 »
Encourage and incentivize electric vehicle charging station infrastructure development; 
and
 »
Recognize and respond to potential long-term changes to floodplain conditions due to 
climate change and sea level rise.
NRC STRATEGY 1.1.1.2: Use development agreements to promote quality environmental site 
and building design.

rivate property rights.
	»
POLICY CB 1.5:  Live Oak Park, as depicted on Exhibit A of Ordinance 16-55, was set aside in the early 
1960s to serve as an important gathering place for the Community and will be protected for its historic, 
environmental and community value. Pinellas County and other agencies will consider these factors when 
making any decisions affecting Live Oak Park. 
	»
POLICY CB 1.6:  The County is supportive of the Community’s desire to preserve its coastal character 
through the use of native landscaping and will partner with the Community where practical and feasible 
on identifying ideas and locations for beautification of public right-of-way, particularly along Crystal Beach 
Avenue. 
	»
POLICY CB 1.7:  Commercial land uses within Crystal Beach along Alternate U.S. Highway 19 are appropriate 
and compatible with the residential areas of Crystal Beach.  Commercial businesses along this state 
highway are an asset to Crystal Beach residents, and it is the intent to retain this pattern of residential and 
commercial development in the Community. 
	»
OBJECTIVE CB 2:  Pinellas County shall continue to pursue an overall beautification program for landscaping the 
County’s roadway corridors and shall provide funds for implementing this program. 
	»
POLICY CB 2.1:  Pinellas County shall continue implementation of a landscaping program for the public 
rights-of-way along the arterial and collector roadways of the County.  This program shall use native and 
drought-tolerant trees and plants where feasible. 
	»
POLICY CB 2.2:  Pinellas County’s overall beautification program shall further other applicable objectives and 
policies of the Comprehensive Plan as they relate to such goals as water conservation and the use of native 
and drought-tolerant vegetation.  

PLANPinellas
FLUM C&R - 48
COMMUNITY OVERLAYS
Crystal Beach Community Overlay Map

FLUM Category Descriptions and Rules
 FLUM C&R - 49
CONSISTENCY WITH COUNTYWIDE MAP CATEGORIES
The following table depicts the consistency relationship of the Pinellas County Comprehensive Plan Future Land 
Use Map categories with the corresponding Countywide Plan Map categories:
Countywide Plan Map Categories
Pinellas County Future Land Use Map Categories
Residential Rural
Residential Rural
Residential Very Low
Residential Rural
Residential Estate
Residential Low Medium
Residential Suburban
Residential Low
Residential Urban
Residential Low Medium
Residential Medium
Residential Medium
Residential High
Residential High
Office
Residential/Office Limited
Residential/Office General
Resort
Resort Facilities Overlay-Temporary
Resort Facilities Overlay-Permanent*
Commercial Recreation
Retail and Services
Commercial Neighborhood
Commercial General
Residential Office Retail
Employment
Employment
Industrial
Industrial General
Public/Semi-Public
Institutional
Transportation/Utility
Recreation/Open Space
Recreation/Open Space
Preservation
Preservation
Preservation-Resource Management
Resource Management Overlay (RMO-1 & RMO-2)
Target Employment Center
Target Employment Center
Activity Center
Activity Center - Neighborhood
Activity Center - Community
Activity Center - Major
Multimodal Corridor
Mixed-Use Corridor - Primary
Mixed-Use Corridor - Secondary
Mixed-Use Corridor Supporting
Planned Redevelopment District
Planned Redevelopment District
Scenic /Noncommercial Corridor
Scenic/Noncommercial Corridor
Table FLUM-3:  Consistency with Countywide Plan Map Categories
* Resort Facilities-Permanent is comparable to the Resort Category of the Countywide Plan, except it adds a more permanent to transient 
accommodations.

Pinellas County Comprehensive Plan 
Wildlife Corridors: 
• There are over 50 objectives that include the word “corridor” but most of them relate to 
“prioritizing” the corridor and using “mixed-use” corridors for transit use instead of 
animal use.  
• They identify the purpose of mixed-use corridors with more focus on the infrastructure 
and urban structures rather than the wildlife aspect. 
Land Acquisition: 
• HOU Policy 1.3.3: *uses the term land acquisition but not in a wildlife context. It is about 
affordable housing. 
• NRC Policy 3.2.3: Protect marine and freshwater dependent species 
o NRC Strategy 3.2.3.1: “Continue land acquisition and management efforts to 
protect the viability of coastal and marine resource.” 
• ROS Strategy 1.1.4.1: “The land acquisition and management program will focus on: » 
Distributing parks and environmental lands throughout the county; » Filling gaps in the 
system; » Connecting existing properties; ...” 
Wildlife crossing: 
• Does not mention it at all, that I can see. 
Wildlife Surveys: 
• All surveys that are mentioned relate to human data and citizen surveys that have nothing 
to do with wildlife or land use. 
Open Space Planning: 
• They use “open space” to refer to recreational areas. Their category of public/semi-public 
classification calls it “Recreation/Open Space [R/OS].” 
• FLU Policy 6.16: (Re)development will be required to preserve and enhance 
environmentally sensitive lands and shorelines, and protect and conserve wetlands, 
floodplains, watersheds, and groundwater 
o (under Strategy 6.1.6.1) “...Allow the transfer of development rights and density 
averaging in accordance with the Future Land Use Category Descriptions and 
Rules to protect and conserve open space and natural resources...” 
• “FLU – 14 PLANPinellas FLU STRATEGY 6.1.6.4: Acquire open space and 
environmentally sensitive areas evaluated and identified as such by Pinellas County.”

The County shall acquire, assemble, and “bank” lands for current and future 
economic development needs.
GOV OBJECTIVE 2.5: Decisions regarding the issuance of development orders and permits shall be based 
upon coordination of the development requirements included in this Comprehensive Plan, the Land 
Development Code, and the availability of necessary public facilities needed to support such development 
at the time needed.
GOV POLICY 2.5.1: Pinellas County shall use the following level of service standards in reviewing the 
impacts of (re)development upon public facility provisions:
 »
Stormwater – all applicable federal, state, and local regulations relating to flood control, 
stormwater treatment and wetland protection, shall continue to be met in public and private 
project design.  Preference shall be given to stormwater management options that provide 
regional benefit, restore and enhance natural systems and floodplains, improve major 
conveyance systems or apply low impact development principles.
 »
Recreation – 14 acres of County park and environmental lands for every 1,000 residents within 
the County.
 »
Solid waste and resource recovery - disposal of 1.30 tons per person per year.
 »
Water supply – Pinellas County shall use 115 gallons per capita per day when preparing its 
annual 5-year and 20-year potable water demand projections for the Pinellas County Water 
Demand Planning Area.
 »
To determine whether adequate capacity is available for a (re)development project in 
the unincorporated county that is served by a municipal potable water system, Pinellas 
County will utilize the level of service standards adopted by the municipal service 
provider.
 »
Sanitary sewer - Pinellas County utilities shall provide the levels of service necessary for 
proper wastewater treatment, reuse and disposal to ensure the protection of its citizens and 
the environment and to provide adequate wastewater treatment capacity for all current and 
projected wastewater facility demands of Pinellas County utility customers.
 »
Wastewater flows associated with existing and permitted development cannot exceed 
the wastewater treatment plant’s permitted design capacity.   

PLANPinellas
GOV - 8
 »
Treated effluent and biosolids shall meet all pertinent federal, state and local standards 
and regulations for treatment, reuse and disposal.
 »
Pinellas County will, for concurrency management purposes, annually compare 
wastewater flows to permitted treatment capacity to determine the percentage of 
available capacity and assess whether permitted treatment capacity exceeds the needs 
of existing and committed development. If available, and the treatment capacity meets 
this standard, development can be permitted. 
 »
Unpredictable situations where permitted capacity is temporarily exceeded due to 
unanticipated situations such as limited/extreme weather conditions shall not impact 
the determination of level of service conditions. 
 »
Peak design flow capacity shall be between 1.5 and 2.5 times the average daily flow for 
each sanitary sewer system, based on the individual characteristics of the system.
 »
If an annual assessment evidences that a capacity deficit could occur within 10 years, 
Pinellas County utilities will prepare a more detailed capacity analysis and determine 
whether facility expansion is required or if the service area is built out.  
 »
To determine whether adequate capacity is available for a (re)development project in 
the unincorporated county that is served by a municipal wastewater system, Pinellas 
County will utilize the level of service standards adopted by the municipal service 
provider.

by (re)development.
GOV POLICY 2.3.2: Pinellas County’s potable water and sewer user fee revenues shall be allocated 
primarily for capital improvements related to expansion of potable water and sewer infrastructure.
GOV POLICY 2.3.3: Pinellas County shall continue to provide the option of using development 
agreements to provide public facilities to accommodate new development.
GOV OBJECTIVE 2.4: Pinellas County will manage its fiscal resources to ensure the provision of needed 
capital improvements for previously issued development orders, future (re)development in a manner that 
maintains adopted level of service standards.
GOV POLICY 2.4.1: Pinellas County shall manage its debt by only programming funds for 
infrastructure and programs that do not exceed the County’s fiscal capacity.
GOV POLICY 2.4.2: Pinellas County shall confine long-term borrowing to capital improvements that 
cannot be financed from current revenues on a “pay-as-you-go” basis.
GOV POLICY 2.4.3: Pinellas County will ensure that any bonds issued will be structured to be paid 
back within a period not to exceed the expected useful life of the capital project.
GOV POLICY 2.4.4: Efforts shall be made to secure grants or private funds whenever available to 
finance the provision of capital improvements.
GOV POLICY 2.4.5: Pinellas County shall continue to investigate funding sources and strategies to 
finance transportation needs consistent with the Comprehensive Plan, such as additional optional 
fuel taxes, and a transportation system surtax.   

Governance
GOV - 7
GOV POLICY 2.4.6: Pinellas County shall continue to collect a tourist development tax and shall use 
as outlined in the tourist development plan to implement needed improvements consistent with the 
Comprehensive Plan.
GOV POLICY 2.4.7: Fiscal policies of the Board of County Commissioners to direct expenditures for 
capital improvements shall be consistent with the Comprehensive Plan.
GOV POLICY 2.4.8: Pinellas County shall include capital improvement projects for the renewal and 
replacement of public facilities to maintain adopted level of service standards in the CIP.
GOV POLICY 2.4.9: The County shall continue to investigate other funding sources and strategies for 
the operation and maintenance of built and proposed capital improvements.
GOV POLICY 2.4.10: The County shall determine the best financial strategy(ies) to support and 
protect public access to water-dependent land uses.
GOV POLICY 2.4.11: The County shall establish explicit funding strategies and commitments to 
address the need for affordable or community housing.
GOV POLICY 2.4.12: The County shall acquire, assemble, and “bank” lands for current and future 
economic development needs.
GOV OBJECTIVE 2.5: Decisions regarding the issuance of development orders and permits shall be based 
upon coordination of the development requirements included in this Comprehensive Plan, the Land 
Development Code, and the availability of necessary public facilities needed to support such development 
at the time needed.
GOV POLICY 2.5.1: Pinellas County shall use the following level of service standards in reviewing the 
impacts of (re)development upon public facility provisions:
 »
Stormwater – all applicable federal, state, and local regulations relating to flood control, 
stormwater treatment and wetland protection, shall continue to be met in public and private 
project design.","Based on the provided excerpts from the Pinellas County Comprehensive Plan, the following policies and objectives related to land acquisition, conservation easements, and preservation of environmental lands are identified:

1. **Land Acquisition:**
   - Pinellas County shall acquire, assemble, and ""bank"" lands for current and future economic development needs. [Pinellas County, pp. 235-237, GOV POLICY 2.4.12]
   - The land acquisition and management program will focus on distributing parks and environmental lands throughout the county, filling gaps in the system, and connecting existing properties. [Pinellas County, pp. 1-1, ROS Strategy 1.1.4.1]
   - Pinellas County shall continue land acquisition and management efforts to protect the viability of coastal and marine resources. [Pinellas County, pp. 1-1, NRC Policy 3.2.3]

2. **Conservation Easements:**
   - There is no explicit mention of conservation easements in the provided excerpts.

3. **Preservation of Environmental Lands:**
   - Pinellas County shall acquire open space and environmentally sensitive areas evaluated and identified as such by Pinellas County. [Pinellas County, pp. 119-123, FLU STRATEGY 6.1.6.4]
   - (Re)development will be required to preserve and enhance environmentally sensitive lands and shorelines, and protect and conserve wetlands, floodplains, watersheds, and groundwater. [Pinellas County, pp. 119-123, FLU Policy 6.16]
   - Pinellas County shall use the following level of service standards in reviewing the impacts of (re)development upon public facility provisions, including stormwater management options that provide regional benefit, restore and enhance natural systems and floodplains. [Pinellas County, pp. 235-237, GOV POLICY 2.5.1]

In summary, Pinellas County has policies and objectives related to land acquisition, preservation of environmental lands, and stormwater management, but there is no explicit mention of conservation easements."
"What does Polk County say about wildlife corridors, habitat linkages, or movement corridors?","Wildlife Corridors:  
 
The Polk County Comprehensive Plan itself does not use the specific term “wildlife corridor” 
frequently in the publicly available portions of the document, but it does include goals and 
policies that support ecological connectivity and resource protection, which are directly relevant 
to wildlife movement and habitat linkage 
 
Land acquisition:  
 
The Comprehensive Plan contains explicit policy language encouraging land acquisition for 
open space, parks, and recreation, which also supports conservation outcomes: 
●​ Objective 3.502-E directs Polk County to establish a long-range parkland acquisition 
program to secure safe and adequate open space and recreation areas.  
●​ Policies 3.502-E1 to E3 identify criteria and standards for acquiring land that contributes 
to recreation and open space goals, including the use of acquired lands to satisfy 
recreation level-of-service standards.  
●​ Policy language under Resource-Based Areas and Greenways supports the acquisition 
of areas that serve ecological as well as recreational purposes and provides incentives 
for open space and buffer lands to be preserved.  
 
Wildlife crossings: 
 
NA 
 
 
 
Wildlife surveys:  
 
NA 
 
 
 
Open space planning:  
 
This is the topic most clearly supported in the Plan: 
Open Space and Recreation Goals 

The Polk County Plan includes a Recreation and Open Space Element with goals and policies 
that emphasize: 
●​ Preserving open space for ecological and recreational purposes as part of county growth 
management strategies.  
●​ Providing buffers and protection between incompatible land uses through open space 
designation.  
●​ Greenway planning that coordinates with public agencies to identify open space 
corridors and resource-based recreation opportunities.

Department of Environmental Protection's Integrated Habitat Network;
g.
Florida's Statewide Trail and Ecological Greenway Network Opportunity Maps;
h.
state, County and municipal parks and recreational facilities;
Sec. 2.124-D
POLK COUNTY COMPREHENSIVE PLAN
CP2:92

i.
""greenway corridors"" established within a Development of Regional Impact (Appendix 2.130),
Selected Area Plan (Appendix 2.131), or the Critical Area Resource Management Plan (Appen-
dix 2.132);
j.
existing and proposed municipal greenway systems;
k.
existing and proposed multi-use trails as identified in the Polk Transportation Planning Orga-
nization's (TPO) Long Range Transportation Plan; and
l.
potential network connections and corridors between the open spaces, natural areas, and
agricultural lands listed in this policy.
POLICY 2.124-E3: IMPLEMENTATION COORDINATION - Polk County shall coordinate with
public and private agencies, municipalities, property owners of lands within PolkGreen and adjacent
areas, and surrounding counties to establish a process for the maintenance and update of the PolkGreen
overlay, as well as, the development and implementation of policies to acquire, conserve, manage or
construct green infrastructure.
POLICY 2.124-E4: GREEN INFRASTRUCTURE ON PRIVATE PROPERTY - Polk County shall
provide incentives to encourage conservation of green infrastructure assets located on private property
in order to promote a network of public and privately-held open space and natural areas.
POLICY 2.124-E5: SENDING AREAS FOR TRANSFER OF DEVELOPMENT RIGHTS - The
PolkGreen shall provide a basis for the identification of ""sending areas"" under existing and future
provisions for the transfer of development rights.
POLICY 2.124-E6: CONSERVATION DEVELOPMENT - Polk County shall provide incentives to
encourage the use of conservation planning principles in the development of land within the PolkGreen
overlay. The Conservation Development Program established under Objective 2.1251-C shall include
special incentives for parcels contiguous to existing environmental lands in order to promote an
interconnected network of open space and to reduce fragmentation of wildlife habitat.
POLICY 2.124-E7: ANCIENT SCRUB - The Land Development Code shall include provisions to
protect ancient scrub resources as identified by the Archbold Biological Station. These regulations shall
require development to be clustered and located on the non-scrub portions of a site.
POLICY 2.124-E8: TOURISM - Polk County shall coordinate with the Central Florida Development
Council to identify and implement incentives to promote the development of tourism and related
activities within the PolkGreen overlay.
OBJECTIVE 2.124-E2: Polk County shall expand the PolkGreen network by 20,000 acres by the year
2030.
POLICY 2.124-E9: DEDICATION OF LAND - Conservation of lands intended to expand the
PolkGreen network may be accomplished by either fee simple (sale) or less than fee simple (transfer of
development rights and conservation easements) transfers of rights and/or ownership interests. In order
to be included as part of the network, the follow shall apply:
1)
The land to be dedicated shall be suitable for the intended purpose;
2)
The dedication shall ensure the perpetual conservation of the lands;
Sec. 2.124-E
DEVELOPMENT POLICIES
CP2:93

3)
Fee simple ownership, conservation easements, purchase of development rights, and transfer of
development rights are suitable legal instruments and mechanisms to ensure the long term
conservation;
4)
Public access of lands within the PolkGreen is preferred, but not required;
5)
Dedications shall be consistent with the Habitat Conservation Plan;
6)
Allowable uses within less than fee simple transactions shall contain a clause which permanently
restricts the land from future development or subdivision.
7)
All dedications to the PolkGreen shall be consistent with the PolkGreen policies and standards,
the Habitat Conservation Plan, and mitigation bank standards.
8)
If listed endangered or threatened species are found on site, a mitigation plan shall accompany
the proposed conservation easement;

ND MAPPING - The Horse Creek Corridor is designated on the
Future Land Use Map. The corridor follows the Horse Creek toward the Reedy Creek
Swamp.
2.
PURPOSE - The Horse Creek Corridor is intended to become a linear, preservation/
conservation corridor following Horse Creek. This area will provide a conservation/
preservation area and maintain open space along the Horse Creek.
3.
IMPLEMENTATION METHODS - The Horse Creek Corridor shall be created as
follows:
(a)
A minimum 50 foot drainage and conservation easement shall be established on each
side of the Horse Creek centerline and shall be designated Preservation (PRESVX)
for the Horse Creek.
(b)
Passive recreational uses shall be permitted in accordance with the Land Develop-
ment Code.
Sec. 2.131-Q
POLK COUNTY COMPREHENSIVE PLAN
CP4:196

F.
TRANSFER/PURCHASE OF DEVELOPMENT RIGHTS (TDRS) - In order to encourage
the preservation and conservation of natural or man-made environmentally sensitive areas, the
County shall evaluate the applicability of utilizing transferable development right (TDR)
programs or purchased development right (PDR) programs as possible mechanisms to preserve
land for environmental resources, or specific plant or animal habitats, while encouraging
development in more environmentally appropriate areas. To accomplish this, the County will:
(a)
coordinate with the applicable agencies (e.g. Florida Department of Environmental
Protection [DEP], Florida Fish and Wild Life Commission, Water Management Districts,
etc.) to identify potential areas of concern, habitats and other environmental resources for
consideration to be included in a TDR program, and
(b)
create and overlay district as part of the FLUM identifying the sending and receiving areas
within the Selected Area Plan.
(c)
established development regulations that creates the necessary tools to implement the
adopted program(s).
G.
FDC GROVE ROAD CORRIDOR/NORTHWEST QUADRANT - Nonresidential Future
Land Use designations in the NW Quadrant of the FDC Grove Road corridor shall limit their
impact to the FDC Grove Road and surrounding properties according to the following:
1.
DESIGNATION - The NW Quadrant designation on the Future Land Use Map. This
corridor runs between Minute Maid Ramp Road 3 and just south of Holly Hill Grove
Road 2 on the west side of FDC Grove Road.
2.
PURPOSE - The identified corridor shall help establish requirements for non-residential
development as it relates to land use compatibility and transportation impacts to FDC
Grove road and the east-west roads within the vicinity:
(a)
Any warehouse use that develops within the identified BPCX Land Use designation
as defined above shall not be permitted to develop at an FAR greater than 0.34.
(b)
Non-residential truck traffic generated from a Non-residential Future Land Use
designation - Shall not be permitted on any east-west road intersecting FDC Grove
Road and US 27 where the north and south sides are both a residential Future Land
Use designation. Truck traffic from BPCX, ECX, and PIX shall have access to
Homerun Boulevard and/or FDC Grove Road. Access from FDC Grove Road shall
be from a point no further south then six hundred feet of Minute Maid Ramp Road
#3 and have a direct or close connection into the FDC Grove Road Connector.
Truck traffic related to residential deliveries shall be permitted on FDC Grove Road
and the east-west roads. These deliveries include, but not limited to US postal
packages, large deliveries for items similar to furniture, and Home Occupations are
permitted to use FDC Grove Road.
(c)
Prohibited Future Land Use Designations - The industrial Future Land Use desig-
nation should be prohibited on the west side of FDC Grove Road.
Sec. 2.131-Q
IMPLEMENTATION
CP4:197

of endangered or threatened species populations; 
l. 
coordination for the provision of the following services: 
1. 
fire protection, 
2. 
law enforcement, 
3. 
emergency medical, 
4. 
animal control, 
5. 
emergency management, and 
6. 
libraries. 
The Intergovernmental Coordination Map Series herein shall contain a map depicting the boundaries of 
all such current Joint Planning Areas, entitled ""Joint Planning Area Agreement Map,"" which shall be 
updated as necessary to ensure its accuracy. 
POLICY 4.102-A8: The Polk County Growth Management Department as the County Manager's 
designee shall be responsible for the coordination and timely exchange of information concerning 
annexed properties between the County and the affected municipality. 
 Sec. 4.102
IMPLEMENTATION
CP4:7
Supp. No. 1 

POLICY 4.102-A9: The County shall request that the municipalities and areas considering municipal 
incorporation within its boundaries coordinate with County officials prior to annexation or incorpora-
tion to discuss joint planning issues regarding: 
a. 
land-uses; 
b. 
impacts on infrastructure systems; 
c. 
impacts on established level-of-service standards; and 
d. 
impacts on other urban services as appropriate. 
POLICY 4.102-A10: Polk County shall coordinate the adopted County Comprehensive Plan with the 
plans of the Polk County School Board to address issues pertaining to the siting and development of 
schools and school facilities. 
POLICY 4.102-A11: [Deleted by CPA 10B-04 (Ord. 10-043); adopted by BoCC 8/4/10] 
POLICY 4.102-A12: Polk County Long Range Planning Division shall continue to identify and 
implement all planning activities mandated in the Polk County Comprehensive Plan that affect County 
agencies and other governmental entities. 
SECTION 4.102 GENERAL COORDINATION ISSUES. 
POLICY 4.102-A13: CITY OF LAKELAND SECTOR PLANNING PROGRAM - The City of 
Lakeland has instituted a sector planning program to help identify strategic issues and a vision for land 
that may be annexed or receive city services in the future. Polk County will participate in the City of 
Lakeland's Sector Planning Program as it pertains to unincorporated lands. Upon the completion of a 
sector plan, Polk County shall consider said plan in its land use and facility planning for the subject area. 
The sector plans shall serve as a shared resource and guide for planning efforts and shall not be binding 
in any manner upon the County. Sector Plans that include unincorporated areas are: 
a. 
Southwest, Sector 8 (complete); 
b. 
Northwest, Sector 7 (complete); 
c. 
East, Sector 4 (future); 
d. 
Southeast, Sector 9 (future); 
e. 
North, Sector 6 (future); 
f. 
Northeast, Sector 5 (future); 
g. 
South Central, Sector 3 (future). 
Once drafted, proposed Sector Plans that include unincorporated areas as per above will be shared with 
the Polk County Planning Commission and Board of County Commissioners for their information and 
input prior to the City of Lakeland's adoption of same. 
Sec. 4.102 
POLK COUNTY COMPREHENSIVE PLAN
CP4:8
Supp. No. 1 

SECTION 4.103 COORDINATION OF PLANNING ISSUES. 
OBJECTIVE 4.103-A: Polk County shall establish and implement mechanisms to ensure uniform and 
timely coordination of planning and development issues with municipalities within the County, adjacent 
counties, the School Board, independent special districts and other governmental entities.

e simple ownership, conservation easements, purchase of development rights, and transfer of
development rights are suitable legal instruments and mechanisms to ensure the long term
conservation;
4)
Public access of lands within the PolkGreen is preferred, but not required;
5)
Dedications shall be consistent with the Habitat Conservation Plan;
6)
Allowable uses within less than fee simple transactions shall contain a clause which permanently
restricts the land from future development or subdivision.
7)
All dedications to the PolkGreen shall be consistent with the PolkGreen policies and standards,
the Habitat Conservation Plan, and mitigation bank standards.
8)
If listed endangered or threatened species are found on site, a mitigation plan shall accompany
the proposed conservation easement;
POLICY 2.124-E10: MULTI-USE TRAILS - On an annual basis, Polk County shall provide the Polk
TPO a prioritized list for the funding and construction of multi-use trails within the PolkGreen overlay.
Special consideration will be given to multi-use trails that connect population centers to natural areas.
The design of multi-use trails shall be consistent with State regulations as well as the Polk TPO long
range transportation plan or ""Transportation Improvement Plan"" as amended. Motorized vehicles shall
be prohibited on any multiuse trails within the Green Swamp Area of Critical State Concern except for
necessary maintenance purposes.
SECTION 2.124-F REDEVELOPMENT DISTRICTS.
OBJECTIVE 2.124-F: The Polk County Plan shall address areas in need of revitalization within the
County through the following:
a.
the designation and mapping of ""Redevelopment District"" overlay areas, and
b.
the development of ""Redevelopment District Revitalization Plans"" to preserve, rehabilitate,
revitalize, and/or redevelop designated ""Redevelopment Districts.""
POLICY 2.124-F1: DESIGNATION AND PURPOSE - Redevelopment Districts, and Redevelopment
District Revitalization Plans, are intended to:
a.
utilize a comprehensive, strategic approach to identify the special needs of unincorporated
communities comprised of predominantly low and moderate income residents;
b.
involve neighborhood residents in every phase of the planning process;
c.
develop action plans to meet the identified needs including, but not limited to, social and
community services, infrastructure, transportation, economic development, law enforcement,
and affordable housing;
d.
promote an enhanced living environment for the community, and a higher quality of life for
community residents;
e.
promote the economic vitality of the community through the development of employment and
business opportunities for community residents;
Sec. 2.124-E
POLK COUNTY COMPREHENSIVE PLAN
CP2:94

f.
encourage multi-model transportation options, particularly pedestrian and bicycle travel; and
g.
encourage community cohesion by promoting opportunities for the interaction of community
residents, thereby engendering community pride, empowerment of residents, identification
with, ownership of and participation in revitalization efforts, and a ""sense of place.""
POLICY 2.124-F2: DESIGNATION AND MAPPING - The Future Land Use Map Series shall
designate and map as ""Redevelopment District"" overlay those areas with a revitalization plan as
approved or accepted by the Board.","Based on the provided excerpts from the Polk County Comprehensive Plan, the following information is available regarding wildlife corridors, habitat linkages, or movement corridors:

1. **Wildlife corridors**: The term ""wildlife corridor"" is not explicitly mentioned in the provided excerpts. However, the plan includes goals and policies that support ecological connectivity and resource protection, which are directly relevant to wildlife movement and habitat linkage [Polk County, pp. 1-2].
2. **Habitat linkages**: The plan includes policies that support the acquisition of areas that serve ecological as well as recreational purposes, which can contribute to habitat linkages [Polk County, pp. 1-2].
3. **Movement corridors**: The plan designates the Horse Creek Corridor as a linear, preservation/conservation corridor following Horse Creek, which will provide a conservation/preservation area and maintain open space along the Horse Creek [Polk County, pp. 526-528].
4. **Green infrastructure**: The plan includes policies that support the establishment of a network of green infrastructure, including greenways, open space, and natural areas [Polk County, pp. 146-148].
5. **Multi-use trails**: The plan includes a policy that requires the design of multi-use trails to be consistent with State regulations and the Polk TPO long-range transportation plan, and prohibits motorized vehicles on multi-use trails within the Green Swamp Area of Critical State Concern except for necessary maintenance purposes [Polk County, pp. 147-149].

In terms of specific policy language, the following excerpts are relevant:

* ""The Polk County Comprehensive Plan contains explicit policy language encouraging land acquisition for open space, parks, and recreation, which also supports conservation outcomes"" [Polk County, pp. 1-2].
* ""Objective 3.502-E directs Polk County to establish a long-range parkland acquisition program to secure safe and adequate open space and recreation areas"" [Polk County, pp. 1-2].
* ""Policy 2.124-E3: IMPLEMENTATION COORDINATION - Polk County shall coordinate with public and private agencies, municipalities, property owners of lands within PolkGreen and adjacent areas, and surrounding counties to establish a process for the maintenance and update of the PolkGreen overlay"" [Polk County, pp. 146-148].
* ""Policy 2.124-E10: MULTI-USE TRAILS - On an annual basis, Polk County shall provide the Polk TPO a prioritized list for the funding and construction of multi-use trails within the PolkGreen overlay"" [Polk County, pp. 147-149].

Overall, while the plan does not explicitly mention wildlife corridors, it includes policies and goals that support ecological connectivity and resource protection, which can contribute to habitat linkages and movement corridors."
"Are wildlife surveys, listed species reviews, or habitat assessments discussed in Putnam County?","Wildlife Corridors:  
Wildlife corridors are a recognized conservation priority in the area. 
●​ Lands in Putnam County (and neighboring counties) are being conserved as part of the 
Florida Wildlife Corridor, a statewide initiative to connect natural habitat for wide-ranging 
species such as Florida black bear and other wildlife.  
●​ Local conservation organizations like Putnam Land Conservancy promote conserving 
lands specifically to maintain wildlife connectivity and safe movement passages through 
undeveloped landscapes.  
 
 
Land acquisition:  
County planning and regional practice indicates: 
●​ The county planning office supports comprehensive plan amendments and map 
amendments related to land use and development, which often involve environmental 
considerations that include open space and conservation as part of land acquisition 
decisions.  
●​ At the state level, Florida Forever and related programs prioritize land acquisition that 
protects habitat, water resources, and landscape linkages—projects often intersect 
Putnam County lands (e.g., Little Orange Creek Corridor).  
●​ Local land trusts also facilitate land acquisition agreements that ultimately contribute to 
long-term conservation goals in the county.  
 
Wildlife crossings: 
The available county planning resources don’t show specific policies on wildlife crossings (e.g., 
animal overpasses/underpasses) in Putnam County’s plan text or visible summaries. This is 
similar to many rural Florida comprehensive plans, where wildlife crossing infrastructure is 
typically addressed during project-level transportation planning or through coordination with 
FDOT and state wildlife agencies rather than at the high-level comprehensive plan stage. 
 
 
Wildlife surveys:  
 
Specific requirements for wildlife surveys (e.g., approved habitat surveys or endangered species 
studies) are not visible from the publicly accessible portions of the Putnam County plan. 
However, typical practice for comprehensive plans is to reference state and federal 
requirements for: 

●​ Listed species habitat assessments 
●​ Protected species surveys as part of development review​
Such requirements are usually found in the county’s Land Development Code 
(LDC)—aligned with the comprehensive plan—rather than in the plan’s goals and 
policies themselves.  
 
 
Open space planning:  
County planning materials and external conservation programs show that open space planning 
is a county priority in the context of land use: 
●​ The county’s planning division provides Future Land Use maps and identifies planned 
multi-use trails and preservation patterns, which are typically part of open space and 
recreation planning.  
●​ Lands conserved through external programs (e.g., Florida Forever corridors) contribute 
to open space networks that support both recreation and conservation.  
●​ Local land trusts and regional partners often coordinate with the county on open space 
inventory, acquisition priorities, and public access.

ith the 
adopted Putnam County Comprehensive Plan. 
 
4.2 Concurrency. The County is not obligated to grant any development orders or permits for any 
of the proposed uses described herein unless adequate water, sewer, transportation, stormwater, 
recreational and solid waste facilities are in place to handle the impacts of the proposed 
development and maintain the County’s adopted LOS standards concurrent with those impacts 
consistent with the requirements of the adopted Putnam County Comprehensive Plan. Prior to the 
granting of any development approval, the planning and zoning staff shall conduct the concurrency 
management review prescribed in Section 45-335 of the Land Development Code (concurrency 
management review procedures). 
 
ARTICLE  5: SUPPLEMENTAL DEVELOPMENT STANDARDS 
 
5.1 Buffering and Screening.  The buffering and screening for this Project shall be developed in 
accordance with the County’s Land Development Code, subject to the following: 
 
5.1.1 All Other Uses. Where Development Parcel B abuts a public right-of-way, a twenty-
five (25)-foot wide natural, undisturbed buffer shall be provided. 
 
Where Development Parcel B abuts residential uses outside the PUD, a twenty (20)-foot wide 
buffer consisting of the following shall be provided: 

 
Staff Amended PUD Agreement (Redline).docx7.22.25 CR309C Proposed PUD 
Agreement 
 
Page 8 of 13 
(a) 
Evergreen plants, at the time of planting, shall be six feet in height and provide an 
overall screening opacity of seventy-five (75) percent; or  
(b) 
A masonry wall six feet in height, located within the required buffer; architecturally 
finished on all sides, and if a block wall, shall be painted on all sides; or 
(c) 
A solid wooden fence six feet in height (finished side out); or 
(d) 
A berm not steeper than two to one (2:1) in combination with (a), (b) or (c) above, 
to achieve a minimum height of six feet and seventy-five (75) percent opacity at 
the time of installation; and 
(e) 
A row of evergreen canopy trees which are not less than eight feet high at the time 
of planting, a minimum of one and one-half-inch caliper, and are spaced not more 
than twenty (20) feet apart. The trees are to be planted within ten feet of the property 
line. Lawn, low growing evergreen plants, evergreen ground cover, or rock mulch 
should cover the balance of the buffer.  
 
5.1.2 Motor Sports Complex. In addition to any landscaping screening or buffering standards 
that may be required by Article VII of the Land Development Code, Development Parcel  A 
shall be subject to the same buffer and screening standards listed under Section 5.1.1. above, 
except as modified below: 
 
(a) 
Where the road racing surface areas, including pit lanes with entry and exit roads, 
abuts residentially used properties outside of the CR309C PUD, the 
developer/operator of the facility shall maintain a buffer and screening that makes 
use of all three (3) standards outlined in Section 5.1.1(a), (b) or (d) in combination 
within fifty (50) feet of the property line to ensure sound levels required under 
section 5.14 are met. 
(b) 
Where Development Parcel A abuts a public right-of-way, a fifty (50)-foot wide 
natural, undisturbed buffer shall be provided. The track area shall not be visible 
from the public right-of-way. 
(c) 
The facility areas that abut the airport property and timberland properties shall be 
bordered with a minimum four-foot-high agricultural fence or a vegetative barrier 
designed to be at least dense enough to significantly impede access to the property. 
Existing native vegetation is to be retained and maintained where it does not 
constitute a danger to track users or interfere with overall use of the property as a 
motor sports facility.

located within FEMA 
Flood Zone X. FEMA Flood Zones X is not special flood hazard area. The Wetlands maps available 
to Putnam County differ between the NWI Wetlands inventory, the 2024 Map, the GISPRO Map, and 
the antiquated 2023 (Arc)GIS Reference Map. Even in the process of filing the maps have changed in 
regards to the amount and location of wetlands on this property. To ensure complete compliance with 
local, state, and federal environmental protections, the applicants have agreed in their development 
agreement to provide a certified wetlands delineation to staff prior to the permitting stage of 
development. This delineation will be provided to the Development Review Committee during the 
final site plan review if the BOCC adopts the ordinance associated with this application. 
 
The purpose of the request is to establish zoning that would allow for neighborhood scale commercial 
development within the Rural Residential Future Land Use Category. The Rural Residential Future 
Land Use Category only allows for commercial developments within approved Planned Unit 
Developments (PUD)s. No specific development has been decided on at this time by the applicant. 
The proposed site plan indicates an approximately 8,000 square foot retail space of some form. Other 
proposed development options would include office spaces, child and/or adult day care, seasonal 
produce sales, and a communication tower with an approved special use permit.  
PLANNING AND DEVELOPMENT STAFF REPORT 
August 13, 2025 
Putnam County Planning Commission 
Public Hearing 

Page 2 of 12 
PUD25-000002 
PROCESS AFTER APPROVAL 
 
Should the applicants’ request be approved, the parcel will be subject to review by the Development 
Review Committee (DRC) as the proposed development constitutes a commercial development in 
excess of 5,000 square feet. It shall be considered a major development for the purposes of DRC, and 
therefore shall be required to comply with all County regulations not waived or overruled by the 
attached development agreement, or amendments thereto.  
 
SURROUNDING ZONING AND LAND USE  
 
 
Future Land Use 
Zoning 
Subject Site 
Rural Residential (RR) 
Residential-2 (R-2) 
North 
Highway 17 (ROW) 
Conservation (CN) 
Right-of-way (ROW) 
Agriculture (AG) 
West 
Rural Residential (RR) 
Residential-2 (R-2) 
South 
Unnamed Road (ROW) 
Rural Residential (RR) 
Right-of-way (ROW) 
Residential-2 (R-2) 
East 
Hoot Owl Road (ROW) 
Rural Residential (RR) 
Right-of-way (ROW) 
Commercial, neighborhood (C-1) 
(See Attachment 3 for Aerial, Zoning, & Future Land Use Maps) 
 
COMPREHENSIVE PLAN 
 
Future Land Use Element 
 
Future Land Use Designation 
 
Policy A.1.9.4.A.4. – Rural Residential 
 
The Rural Residential category on the Future Land Use Map consists of areas located adjacent to 
municipalities and areas designated Urban Service, Urban Reserve, and Rural Center; areas 
interspersed within the active agricultural areas; and areas around water bodies. In certain locations 
the Rural Residential category provides a transition of land use, density, and intensity between the 
rural areas designated Agriculture, and the municipalities and areas designated Urban Service, 
Urban Reserve, and Rural Center. The types of land uses allowed in this future land use category, and 
guidelines and standards applicable to them are listed below.

DEVELOPMENT STAFF REPORT 
August 13, 2025 
Putnam County Planning Commission 
Public Hearing 

Page 2 of 9 
CPA25-000003 
 
Upon initial submittal, the applicant desired to amend the Future Land Use Map from Agriculture 
to Urban Service. However, staff found that the Urban Service designation was more intense than 
necessary for the proposed use. The Urban Reserve designation is more appropriate for the 
intended development and offers a better transition of intensity from the Palatka municipal area 
lying east and south of the subject property and the Agriculture Future Land Use designation lying 
west of County Road 309C and north of State Road 100. The applicant subsequently understood 
the importance of upholding an appropriate transition and amended this application accordingly.  
 
The property has approximately one mile of frontage along County Road 309C and more than a 
half-mile of frontage on State Road 100. State Road 100 segregates a portion of PID 33-09-26-
5800-0010-0000, which comprises lands of three Merwin Park subdivisions recorded in the 1920s. 
According to testimony by the applicant’s agent, those lands lying north of State Road 100 are not 
intended to be developed. 
 
In addition to this Future Land Use Map amendment, the applicant has also submitted an 
application for a Zoning Map amendment from Agriculture to Planned Unit Development 
(PUD25-000003). The intent of these applications is to establish a Motorplex facility which 
includes motorsport racing track(s), driver education and safety, independent garages, recreation 
facilities, retail facilities – general and food, residential facilities, limited industrial uses and a 
variety of primary and ancillary uses (see referenced PUD application) catering to automotive 
enthusiasts. 
 
PROCESS AFTER APPROVAL 
Should this Map Amendment and PUD be approved, the applicant will then submit to the 
Development Review Committee (DRC) to satisfy additional development requirements. Due to 
the magnitude of the proposed development, a preliminary site plan review will be conducted for 
the issuance of a preliminary development order. Upon issuance of the preliminary development 
order, the applicant will then be required to submit a Final Development Plan whereby more 
detailed specifications are to be provided to the County. Since the project is proposed to be 
completed in phases, both DRC reviews can include additional phases. In the event a phased 
development is approved, the construction associated with the project will have to adhere to the 
approved plans. Any deviation from the DRC approval will require additional review. The DRC 
will review plans to ensure the development is compliant with local, state, and federal development 
regulations. Agencies, including but not limited to Florida Department of Transportation, Florida 
Department of Health, Putnam County Public Works, Emergency Services, and St. Johns River 
Water Management District will review plans to ensure the development will not adversely affect 
surrounding properties.  
 
SURROUNDING FUTURE LAND USE AND ZONING  
 
Future Land Use 
Zoning 
Subject Site 
Agriculture (A)  
Agriculture (AG)  
North 
Agriculture (A) 
Right-of-way (ROW) 
Agriculture (AG) 
Right-of-way (ROW) 
West 
Right-of-way (ROW) 
Agriculture (A) 
Industrial (IN)(Palatka) 
Agriculture (AG) 
Right-of-way (ROW) 
Planned Industrial Development 
(PID)(Palatka) 
Industrial, Light (M-1)(Palatka)

th one turn—not backing and turning repeatedly.   
 
5.10 
Wetlands. The Putnam County GIS indicates there may be wetlands located on the 
Property. A wetland delineation survey shall be required prior permitting. Except where there are 
permitted impacts from the SJRWMD, a 25-ft vegetative buffer area of native vegetation shall be 
provided from the wetland edge of protected wetlands that complies with Putnam County and 
SJRWMD requirements. Any impacts to wetlands from this project must be permitted and 
mitigated as required by SJRWMD. It is understood that without a wetland survey prior to the 

 
Hoot Owl PUD Agreement 06.19.2025-clean.docx 
Page 6 of 6 
approval of this PUD, the presence of wetlands may severely limit or prohibit development as 
provided for under this Agreement. 
 
5.11 
Special Flood Hazard. The Property is located in a Flood Zone X according to the most 
current FEMA Flood Elevation data.  
 
5.12 
Fire and Emergency Services. The access driveway and internal circulation on the 
Property shall be approved by the Emergency Services Department and the County Public Works 
Department for compliance with access requirements for emergency vehicles. The access 
driveway and internal travel ways will be designed to meet the applicable requirements of the 
NFPA. 
 
5.13 
Signs. Any signs on the Property will comply with Article VIII of the LDC as they are 
applied in C-1 zoning. 
 
5.14 
Lighting. All lighting shall comply with LDC Article VII, Division 9 lighting standards. 
Where lighting is mandated by the LDC for safety purposes, the County shall consider a lesser 
lighting standard designed to reduce the impacts on neighboring residential uses and wildlife, if 
it can be demonstrated the lighting plan will achieve the desired level of safety intended by the 
standard. All lighting for safety, security or aesthetics shall be not higher than 18ft and shall be 
designed as a fully cut-off type, shielded and aimed downward, not allowing any upward 
distribution of light. 
 
5.15 
Issuance of Building and Construction Permits. It is understood that this Agreement is 
not a development permit and that all construction necessary for the development of this PUD 
shall proceed only under applicable development permits, issued by the appropriate Agency with 
jurisdiction. 
 
 
 
 

Page 12 of 12 
PUD25-000002 
Attachment 3 – Maps 
(Aerial, FEMA Flood Zone, Future Land Use, Wetlands, Zoning) 
 

Case # CPA25-000003: Application by WA207 LLC and Mosler Industries LLC, requesting a 
Large Scale Future Land Use Map Amendment from Agriculture (AG) to Urban Reserve (UR) 
located at 370, 352, 344, 320 County Road 309C; 4129 and 4075 Reid Street; and multiple 
properties without 911 addresses, Palatka. Parcel IDs: 32-09-26-0000-0210-0010; 32-09-26-
0000-0110-0030; 32-09-26-0000-0150-0010; 33-09-26-5800-0010-0000; 04-10-26-0000-0020-
0000; 33-09-26-0000-0010-0000; 32-09-26-0000-0210-0000; 32-09-26-0000-0110-0000; 32-09-
26-0000-0150-0000; 04-10-26-0000-0020-0001; 32-09-26-0000-0110-0010; and 32-09-26-0000-
0110-0020, comprising 443 +/- acres.

Page 1 of 9 
CPA25-000003 
APPLICATION: CPA25-000003 Future Land Use (Large Scale) Map Amendment from 
Agricultural (A) to Urban Reserve (UR) 
APPLICANT:  
WA207 LLC and Mosler Industries LLC 
AGENT: 
Patrick Kennedy, Douglas Law Firm 
REQUEST: 
Application by WA207 LLC and Mosler Industries LLC, requesting a Large 
Scale Future Land Use Map Amendment from Agriculture (AG) to Urban 
Reserve (UR) on 12 parcels totaling 443 +/- acres to allow for future 
development of a Motorplex facility.","Based on the provided excerpts from Putnam County comprehensive plans, the following information is available regarding wildlife surveys, listed species reviews, or habitat assessments:

Wildlife surveys are not explicitly discussed in the provided excerpts. However, it is mentioned that specific requirements for wildlife surveys (e.g., approved habitat surveys or endangered species studies) are not visible from the publicly accessible portions of the Putnam County plan [Putnam County, p.2]. Typically, such requirements are found in the county's Land Development Code (LDC) rather than in the comprehensive plan itself [Putnam County, p.2].

Listed species reviews are mentioned in the context of protected species surveys as part of development review [Putnam County, p.2]. This is usually found in the county's LDC, which is aligned with the comprehensive plan [Putnam County, p.2].

Habitat assessments are mentioned in the context of wetlands, where a wetland delineation survey shall be required prior to permitting [Putnam County, p.154]. A 25-ft vegetative buffer area of native vegetation shall be provided from the wetland edge of protected wetlands that complies with Putnam County and SJRWMD requirements [Putnam County, p.154].

In summary, while wildlife surveys are not explicitly discussed, listed species reviews are mentioned in the context of development review, and habitat assessments are required for wetlands.

References:

[Putnam County, p.2] - Excerpt 1: Specific requirements for wildlife surveys (e.g., approved habitat surveys or endangered species studies) are not visible from the publicly accessible portions of the Putnam County plan.

[Putnam County, p.2] - Excerpt 1: Typically, such requirements are found in the county's Land Development Code (LDC) rather than in the comprehensive plan itself.

[Putnam County, p.2] - Excerpt 1: Listed species habitat assessments are mentioned in the context of development review.

[Putnam County, p.154] - Excerpt 5: A wetland delineation survey shall be required prior to permitting.

[Putnam County, p.154] - Excerpt 5: A 25-ft vegetative buffer area of native vegetation shall be provided from the wetland edge of protected wetlands that complies with Putnam County and SJRWMD requirements."
"What open space, greenway, or natural area protection policies appear in Santa Rosa County?","s also provide recreational access. Map 7-1 shows the location of the County’s Special Purpose Parks 
and Parks with Special Feature(s). 
7.5.1 Corridor Open Space, Greenbelts, and Linear Open Space 
Corridor open space is linear in nature and is difficult to quantify. Corridor open space can be used for 
scenic and cultural purposes such as scenic and historic highways, recreational greenways (linear belts), 
bicycle and pedestrian facilities, stormwater management facilities, green belts, wildlife corridors and river 
corridors. 
Recreational greenways are natural corridor systems that interconnect or link natural reserves, parks, 
cultural and historic sites with each other and provide opportunities for environmental hiking trails, 
horseback riding, canoeing and wildlife conservation. Greenways create a strong sense of place and 
create community and multi-cultural appreciation by connecting land and communities that help sustain 
Florida’s future by conserving its green infrastructure. Greenways also provide an opportunity for 
continuing economic benefits and by connecting people with their natural, historic, and cultural heritage by 
improving the quality of life for people. 
Besides greenways, greenbelts protect natural lands or working landscapes that typically surround cities 
and serve to conserve and direct urban/suburban growth. Greenbelts like greenways can be linear in 
nature. 
Rivers also can function as interconnecting linear corridors. In Santa Rosa County, this is the case with the 
Blackwater River, the Yellow River and the Escambia River along with their associated creeks and 
tributaries. Coldwater Creek and the Blackwater River are well utilized paddling trails located within Santa 
Rosa County. 
7.6 Activity-Based Park Facilities 
Active recreation involves direct physical participation by the user. These activities usually involve the use 
of special facilities. Out of a total of 40 County owned or maintained parks, 39 are activity-based. These 
parks include 23 community parks totaling 522 acres and 18 neighborhood parks totaling 23 acres. 
7.6.1 Santa Rosa County Parks 
Built facilities provide the user with an activity in which to participate, providing an area for active recreation 
to occur. These facilities include playgrounds, ball playing fields, tennis courts, swimming pools and 
community centers. These facility types are located in various areas throughout Santa Rosa County. The 
following description is for neighborhood and community parks having built facilities. Map 7-1 shows the 
location of these sites in the county. 
Navarre Park is a community park located on U.S. Highway 98 at the base of the Navarre Beach Bridge 
and comprises five acres. The park has a playground, a basketball court, picnic area, 2 pavilions, a pier, a 
swimming area and restroom facilities. 
285

s general 
exceptions, provides a process for special exception requests, specifies how nonconforming uses will be 
handled, requires that variance requests be heard by the BOCC, and provides for the protection of trade 
secrets. 
36 

 
 
 
 
 
 
 
 
 
 
 
 
 
 
 
 
 
  
 
 
 
 
 
 
 
 
 
 
 
 
 
 
 
 
 
 
 
 
 
 
 
 
 
  
 
 
 
 
   
 
 
 
  
  
 
 
   
 
 
 
 
  
 
 
 
 
 
 
 
  
 
 
  
  
 
 
 
 
 
 
 
 
 
 
 
 
 
 
 
 
 
 
  
 
 
 
 
  
 
 
 
 
 
 
 
  
 
 
 
  
 
 
 
 
  
 
 
 
 
 
 
  
 
 
 
 
 
 
 
 
 
 
 
 
 
 
 
 
 
 
 
 
 
 
 
 
 
 
 
 
 
 
 
 
 
  
 
 
 
 
 
 
 
 
 
 
 
 
 
 
 
  
 
  
 
 
 
 
 
 
 
 
 
 
 
 
 
 
 
 
 
 
 
 
 
 
 
 
 
 
 
 
 
 
 
 
  
 
 
  
 
 
 
 
 
 
 
 
 
 
 
 
  
 
 
 
 
 
 
 
 
 
 
 
 
 
 
 
 
 
 
 
 
 
 
 
 
 
 
 
 
 
 
 
 
  
 
 
  
 
 
 
 
 
 
 
 
 
 
1.7.6 Recreation and Open Space Facilities 
Publicly owned conservation and recreation lands in Santa Rosa County include lands owned by the 
federal government, State of Florida, Santa Rosa County, and the municipalities. Santa Rosa County 
currently provides both activity-based recreational areas and resource-based recreational areas, which are 
used for activities such as boating, fishing, and hiking and are dependent upon the presence of natural 
resources. The County has opted not to establish a level of service standard for parks and recreational 
facilities. A more detailed discussion of recreation and open space facilities and services is contained in 
Chapter 7, Recreation and Open Space Element. 
1.8 Future Land Use Map 
The Future Land Use Map, Map 1-1 of the policy document and Map 1-5 below, prescribes the location 
and densities of development permitted in the county. The patterns of development reflect historic 
development trends where appropriate, constraints based on provision of central sewer and water services, 
and natural resource constraints, as well as the future development potential of Santa Rosa County based 
on population projections. Table 1-10 provides the acreage within each FLUM category by planning area 
and for the entire County. Generalized land use categories and densities and intensities of development 
have been established as follows (detailed descriptions of each category are found in the Comprehensive 
Plan Goals, Objectives and Policies): 
1) Agriculture – 
Agriculture Rural Residential Category: Uses within this category include detached single family 
residential structures and mobile homes and accessory structures, facilities, and uses customarily 
found on farms and used expressly for activities conducted in connection with farming operations, 
commercial and non-commercial agriculture, poultry and livestock raising. The maximum permitted 
residential density within this category is one dwelling unit per acre of land. General and 
neighborhood commercial land uses are also permitted within the Rural Communities Overlay 
Districts. 
Agriculture Estate Residential Category: This category is intended to provide suitable areas for 
agriculture and silviculture activities. Uses within this category include detached single family 
residential structures and mobile homes and accessory structures, facilities, and uses customarily 
found on farms and used expressly for activities conducted in connection with farming operations, 
commercial and non-commercial agriculture, poultry and livestock raising.

performed for Santa Rosa County by the West Florida Regional Planning 
Council (WFRPC) and is included herein by reference. 
270 

 
 
 
   
 
   
 
 
 
 
 
 
 
 
 
 
 
 
 
 
 
 
 
  
 
 
  
  
 
 
 
 
 
  
 
 
 
 
 
 
 
 
 
 
  
 
 
 
 
 
 
   
   
 
 
 
 
 
  
 
 
 
 
  
 
 
  
 
 
 
 
 
 
 
 
  
 
 
 
 
 
 
 
 
  
 
 
  
 
 
 
 
 
 
 
 
 
 
 
 
 
 
 
 
 
 
 
 
 
  
 
 
 
   
  
 
 
 
 
 
 
 
 
 
 
   
  
 
 
 
 
 
 
  
 
 
 
 
 
 
 
 
 
  
 
 
 
 
 
 
 
 
  
  
 
 
 
 
 
 
 
 
 
  
  
   
 
  
 
 
 
 
 
 
 
 
 
 
 
 
 
  
 
 
  
 
 
 
 
 
 
 
 
 
 
   
 
 
 
 
 
 
 
 
 
 
  
 
 
 
 
 
    
  
 
 
  
 
 
 
 
 
 
 
 
 
 
 
 
 
 
 
 
 
 
 
 
 
 
 
  
 
 
     
 
 
 
 
 
 
 
 
 
  
 
 
 
  
  
 
 
 
 
 
 
  
 
 
 
  
 
 
 
 
 
 
 
 
 
 
 
 
 
 
 
 
 
    
  
 
 
 
 
 
 
 
 
 
 
 
 
 
 
 
 
6.0 Conservation Element Goals, Objectives, and Policies 
Goal  6.1 : To sustain Santa Rosa County’s abundant and vital natural resources for current and 
future residents, recognizing these resources as invaluable contributors to human health, quality of 
life, and economic sustainability. 
Objective 6.1.A : Conserve, appropriately use, and protect the quality of waters that flow into the 
bays, bayous, Santa Rosa Sound, and the Gulf of Mexico through appropriate land use planning, 
environmental regulation, and education. 
Policy 6.1.A.1 : Wetlands protection in Santa Rosa County will continue to be a cooperative effort 
between the County, the public, the Florida Department of Environmental Protection (FDEP), the U.S. Army 
Corps of Engineers (USACOE), and the Northwest Florida Water Management District. For purposes of 
this Comprehensive Plan, wetlands are defined as those wetlands under the jurisdiction of the FDEP or the 
USACOE (jurisdictional wetlands). In reviewing applications for development approval (development 
orders issued by the County), the County shall use the National Wetlands Inventory Map, the Santa Rosa 
County Soil Survey, and digital ortho-photography as indicators of the potential presence of wetlands. 
However, it is the responsibility of the applicant to delineate any known jurisdictional wetlands on any site 
plan submitted for development approval. If a parcel is determined to have wetlands potential, the County 
will refer the applicant to the Florida Department of Environmental Protection, the Northwest Florida Water 
Management District, and/or the US Army Corps of Engineers for a site-specific wetlands determination 
and such determination shall be used to determine the buildable area of the parcel or lot. Protection or 
mitigation of the wetlands, as determined in the site-specific survey, shall be afforded during and after 
construction activities. In accordance with the permitting processes of these agencies. 
Policy 6.1.A.2 : When reviewing proposed amendments to the Future Land Use Map, onsite wetlands will 
be identified per the National Wetlands Inventory Map, the Santa Rosa County Soil Survey, or digital ortho-
photography. 
Policy 6.1.A.3 : Land uses that are consistent with the Future Land Use Map will be allowed so long as 
they are designed to avoid or minimize impact on jurisdictional wetlands. Where avoidance or 
minimization is not possible, wetland impacts may be mitigated as required by the agency or agencies 
having jurisdiction at the time of development application.

Santa Rosa County. This Plan was completed in 2005 and it contained a number of 
recommendations. The following summarizes these recommendations and provides information on the 
status of implementation: 
28 

 
 
 
 
  
 
 
 
  
 
 
 
 
 
 
 
 
 
 
 
 
 
 
  
 
 
 
  
  
 
 
 
 
 
 
 
 
 
 
 
 
 
 
 
 
 
 
 
  
 
 
 
 
  
 
 
 
  
 
 
 
 
 
 
 
 
 
 
 
 
 
 
 
 
 
 
 
 
 
 
 
  
 
 
 
 
 
 
 
 
 
  
 
 
 
 
 
 
 
 
 
 
 
 
 
  
 
 
 
 
 
 
 
 
 
 
 
 
  
 
 
 
  
 
 
 
 
 
  
  
 
 
 
 
 
 
 
  
 
 
 
 
 
 
  
  
 
 
 
 
 
 
 
  
  
 
  
 
 
 
 
 
 
 
 
 
  
 
 
 
 
 
 
 
 
 
 
 
 
 
 
 
 
 
 
 
 
 
 
 
 
 
 
 
 
 
 
 
 
 
 
 
 
 
 
  
 
 
  
  
 
 
  
 
 
 
 
  
 
 
  
 
 
  
 
 
 
 
 
 
 
 
 
 
   
 
 
 
 
 
 
 
 
 
 
 
 
 
 
 
 
 
 
 
  
 
 
 
 
 
 
 
  
 
  
  
  
 
 
 
 
 
 
 
 
  
Key Land Use Recommendation 1 - Creation of a Rural Protection Zone (RPZ) within which the creation of 
new communities will be allowed, but urban sprawl will be avoided and development performance 
standards will be revised to better reflect the rural character of the area; and 
Key Recommendation 2 - Creation of a Transition Zone adjacent to the RPZ within which re-zonings will 
be allowed to facilitate a smooth transition from the urbanized areas to the rural areas. The Rural 
Development Plan recommended the adoption of a Rural Protection Zone to help give definite boundaries 
to the truly rural areas of the County as well as to help in implementation of the Rural Development Plan 
recommendations. It was recommended that this RPZ should be an “overlay” on the County’s Official 
Zoning Map and was drawn using the boundary line for Impact Fee Area 1 (Rural). The Plan also 
recommended that the area within one mile to the south of the RPZ should be considered a “transition 
zone”, where re-zonings will be allowed to facilitate a smooth transition from the urbanized areas to the 
rural areas. 
These recommendations have been implemented on in part on the 2040 Future Land Use Map. The RPZ 
line as shown in the adopted Rural Development Plan was not implemented due to potential issues with 
implementation/enforcement of any associated policy. Plan policy was, however, crafted to indicate that 
amendments within the Rural Planning Area be carefully reviewed per the intent of the Rural Development 
Plan, specifically to limit urban sprawl and protect the rural character of the area. It should also be noted 
that other Comprehensive Plan provisions included but not limited to those found in the Future Land Use 
Element, the Conservation Element, and the Infrastructure Element are also considered when determining 
whether or not a proposed amendment to the Future Land Use Map is consistent with the Goals, 
Objectives and Policies of the Comprehensive Plan. 
Key Land Use Recommendation 3 - Creation of three new zoning districts for the RPZ (Rural Activity 
Centers, Crossroad Communities, and Agriculture Estate. 
This recommendation has been partially implemented with the creation of the Rural Community Overlay 
Districts as shown on the adopted Future Land Use Map. Policy was also drafted and included within the 
Future Land Use Element that allows limited commercial land uses within the Agriculture and Agriculture 
Estate Residential Future Land Use Map Categories.

rastructure or environmental constraints) in 
order to determine and describe where this projected growth and development will be located. A central 
concept of this analysis is the continued insurance that adequate land is available or allocated on the 
County’s Future Land Use Map to accommodate the projected growth through the Plan’s timeframe (2040). 
1.1 Santa Rosa County Land Use Planning Framework 
Figure 1-2: Land Use Planning Inputs 
Future 
Land Use 
Map 
Residential Needs 
Suitability / 
Environmental 
Military 
Preservation 
Commerical / 
Industrial Needs 
Less Urban 
Sprawl / 
Infrastructure 
Maximization / 
Rural Protection 
Community 
Planning and 
Preservation 
As shown in Figure 1-2 above, the development of the County’s Future Land Use Map includes several 
major inputs. A description of these inputs and how they relate to the County’s land use planning program 
is provided below. 
1.1.1 Residential Needs and Commercial/Industrial Needs: 
Two of these inputs, residential needs and commercial/industrial needs, are addressed through analysis of 
the existing Future Land Use Map and its ability to provide adequate lands for these land uses through the 
Plan’s timeframe, 2040. Conceptually, it is ideal to provide these lands in areas that are not environmentally 
sensitive, have adequate infrastructure and in areas that do not compromise military operations within the 
County. This Chapter contains an analysis of the availability of lands to accommodate future development 
as well as the suitability of vacant lands for development. 
13 

 
 
 
 
 
 
 
 
 
 
 
 
 
 
 
 
 
 
 
 
 
 
 
 
 
 
  
 
 
 
 
 
 
 
 
 
 
 
 
 
 
 
 
 
 
 
 
 
 
 
 
 
 
 
 
 
 
 
 
 
 
 
 
 
 
  
 
 
 
  
 
 
 
 
 
 
 
 
 
 
 
 
 
 
 
 
 
 
 
 
 
 
 
 
 
 
 
 
  
  
 
 
 
 
 
 
 
 
 
 
 
 
 
 
 
 
 
 
 
  
 
 
 
 
 
 
 
 
 
 
 
 
 
 
 
 
 
 
 
  
 
 
 
 
 
 
 
 
 
 
 
 
 
 
 
 
 
 
 
  
  
 
 
 
 
  
 
 
 
 
 
 
 
 
 
 
 
 
 
 
 
 
 
 
 
 
 
 
 
 
 
 
 
 
 
 
 
 
 
  
 
 
 
 
 
 
 
  
 
 
 
 
 
  
 
 
 
 
 
 
 
 
 
 
 
 
 
 
 
 
 
 
 
 
 
 
 
 
 
 
 
 
 
 
 
 
 
  
 
 
 
  
 
 
 
 
  
 
 
 
 
1.1.2 Suitability / Environmental: 
Environmental suitability was considered when special land use categories where created for the Garcon 
Point area and in the creation of the Conservation land use category. Santa Rosa County has abundant 
natural resources and environmentally sensitive areas - the Blackwater and Yellow Rivers, The Yellow 
River Marsh Aquatic Preserve, the Escambia, East and Blackwater Bays, the Santa Rosa Sound and the 
County’s coastal areas including The Gulf Islands National Seashore, the Garcon Point peninsula and 
Water Management Area, the Blackwater River State Forest, the Escambia River and Water Management 
Area, the Escribano Point Wildlife Management Area and the Eglin Air Force Base Preserve. 
1.1.3 Military Preservation: 
Also important to the County’s land use planning program is the insurance that our military installations are 
protected and can continue viable operations. The Joint Land Use Study and other military preservation 
plans/programs have been implemented within the Comprehensive Plan’s Future Land Use Element. 
1.1.4 Less Urban Sprawl / Infrastructure Maximization / Rural Protection: 
Santa Rosa County has an active agrarian economy in the northern County and preservation of farmland 
and rural lifestyles are considered of paramount importance.","Based on the provided excerpts from the Santa Rosa County comprehensive plan, the following open space, greenway, or natural area protection policies appear:

1. **Corridor Open Space, Greenbelts, and Linear Open Space**: The plan recognizes the importance of corridor open space, greenbelts, and linear open space for scenic and cultural purposes, recreational greenways, and wildlife corridors. [Santa Rosa County, pp. 290-292]
2. **Recreational Greenways**: The plan aims to create a network of recreational greenways that interconnect natural reserves, parks, cultural, and historic sites, providing opportunities for environmental hiking trails, horseback riding, canoeing, and wildlife conservation. [Santa Rosa County, pp. 290-292]
3. **Greenbelts**: The plan protects natural lands or working landscapes that surround cities, conserving and directing urban/suburban growth. [Santa Rosa County, pp. 290-292]
4. **Rivers as Linear Corridors**: The plan recognizes the Blackwater River, Yellow River, and Escambia River as interconnecting linear corridors. [Santa Rosa County, pp. 290-292]
5. **Wetlands Protection**: The plan aims to protect wetlands through a cooperative effort between the County, public, Florida Department of Environmental Protection, U.S. Army Corps of Engineers, and Northwest Florida Water Management District. [Santa Rosa County, pp. 276-277]
6. **Wetlands Delineation and Mitigation**: The plan requires applicants to delineate known jurisdictional wetlands on site plans and refers them to relevant agencies for site-specific wetlands determinations. [Santa Rosa County, pp. 276-277]
7. **Avoidance or Minimization of Wetland Impacts**: The plan requires land uses to be designed to avoid or minimize impacts on jurisdictional wetlands, with mitigation required where avoidance or minimization is not possible. [Santa Rosa County, pp. 276-277]
8. **Rural Protection Zone (RPZ)**: The plan recommends creating a Rural Protection Zone to limit urban sprawl and protect the rural character of the area, with amendments within the RPZ to be carefully reviewed to ensure consistency with the plan's goals and objectives. [Santa Rosa County, pp. 34-35]
9. **Transition Zone**: The plan recommends creating a Transition Zone adjacent to the RPZ to facilitate a smooth transition from urbanized areas to rural areas, with re-zonings allowed to facilitate this transition. [Santa Rosa County, pp. 34-35]

These policies aim to protect and conserve natural resources, including wetlands, rivers, and rural areas, while promoting sustainable development and minimizing urban sprawl."
"Does Sarasota County require coordination or review for wildlife habitat impacts, protected species, or habitat restoration?","imary responsibility for coordination: Planning
The county shall review and coordinate campus master plans for public and private 
colleges and universities, prepared pursuant to Section 1013.30 F.S., to ensure consistency 
with the Sarasota County Comprehensive Plan.
In addition to these State departments and agencies, Sarasota County, through the 
Sarasota Manatee Metropolitan Planning Organization, coordinates with the Florida High 
Speed Rail Commission regarding the feasibility of high speed rail throughout the State.
Coordination with Federal Agencies
Sarasota County coordinates with agencies of the federal government regarding such 
issues as environmental, fish and wildlife protection; flood insurance; census and housing 
data; and, funding for transportation and transit planning. The federal agencies that 
Sarasota County coordinates with include: the Environmental Protection Agency; the Army 
Corps of Engineers; the Natural Resources Conservation Service; the Urban Mass Transit 
Administration; the Federal Emergency Management Administration; the Flood Insurance 
Administration; and the Departments of the Interior, Commerce, Housing and Urban 
Development, and Transportation.
COORDINATION WITH UTILITY COMPANIES
There are numerous utility companies, both publicly and privately owned and operated, 
which provide potable water distribution and wastewater treatment services in Sarasota 
County. A detailed listing and discussion of these facilities is provided in Chapter 4, Watershed 
Management. The county’s Utilities and Environmental Protection Divisions are primarily 
responsible for ensuring effective coordination with these public and private systems as well as 
the county’s electric, telephone and cable television providers.
V2-677
 intergovernmental coordination | data and analysis
10/25/2016
sarasota county comprehensive plan | volume 2: data and analysis

ANALYSIS 
It is the intent of the Community Planning Act to encourage and ensure the cooperation 
between and among municipalities and counties and to encourage coordination of planning 
activities of local government with the planning activities of regional agencies and state 
government. The purpose of this section is to evaluate the proposed goals, objectives and 
policies of the required and optional elements of the Sarasota Comprehensive Plan and to 
determine if the planning activities and programs meet the intent of Section 163.3161(5), 
(6) and (7).
While some of the policies of the Sarasota County Comprehensive Plan may be implemented 
by Sarasota County government acting independently, others require intergovernmental 
coordination. The subject areas and the types of local, state and/or federal inter-
governmental coordination efforts needed for implementation are identified and described 
in the following text. 
Sarasota County is not within any area of Critical State Concern as expressed in Chapter 
380.05 F.S.
HISTORIC PRESERVATION 
The Historic Preservation Chapter of The Sarasota County Comprehensive Plan states that 
historic resources must be identified and evaluated if they are to be protected. Further, those 
which are judged significant deserve private and public consideration and effort to insure 
their preservation.

7).
While some of the policies of the Sarasota County Comprehensive Plan may be implemented 
by Sarasota County government acting independently, others require intergovernmental 
coordination. The subject areas and the types of local, state and/or federal inter-
governmental coordination efforts needed for implementation are identified and described 
in the following text. 
Sarasota County is not within any area of Critical State Concern as expressed in Chapter 
380.05 F.S.
HISTORIC PRESERVATION 
The Historic Preservation Chapter of The Sarasota County Comprehensive Plan states that 
historic resources must be identified and evaluated if they are to be protected. Further, those 
which are judged significant deserve private and public consideration and effort to insure 
their preservation. This would include registration on the Florida Master Site File as well as 
nomination for inclusion on the National Register of Historic Places. The following summary of 
new and continued inter-governmental coordination efforts include:
•	 Continued coordination with Florida Department of State, Division of Historical 
Resources
•	 Continued coordination with the Florida Department of State, State Library and 
Archives, Division of Funding 
•	 Establish, maintain and strengthen preservation partnerships with municipal agencies 
and local institutions
The Sarasota County History Center will have the primary responsibility for coordinating 
these efforts. 
V2-678
implementation element | data and analysis
10/25/2016
sarasota county comprehensive plan | volume 2: data and analysis

ENVIRONMENT
The Environment Plan of The Sarasota County Comprehensive Plan includes numerous policies 
that will require additional coordination efforts with local, state and federal agencies in a 
number of different environmental areas, including:
•	 Continue to work with the State Department of Environmental Protection in 
developing and adopting a beach and inlet management and monitoring program.
•	 Continue to coordinate with the federal and State wildlife agencies regarding 
development impacts on protected species. 
•	 Coordinate boat facility and marina siting applications with the applicable State and 
Federal agencies identified in the County’s Manatee Protection Plan (MPP) and Boat 
Facility Siting Plan (BFSP).
•	 Continue to coordinate the potential effects of development on all protected species 
with applicable local, State and Federal agencies.
•	 Protect and enhance the quality of estuarine environment throughout Sarasota County. 
•	 Protect the quality and quantity of all jurisdictional waters by continued coordination 
with the Sarasota Bay Estuary Program, Charlotte Harbor National Estuary Program, 
Department of Environmental Protection, SWFWMD, Myakka River Management 
Coordinating Council, FDOT, the cities of Venice, Sarasota, and North Port, and the 
Town of Longboat Key.
•	 Continue coordination with the Army Corps of Engineers, the FDEP and the SWFWMD 
to address impacts of development on native habitats and wetlands or in the course 
of conducting habitat restoration projects.
•	 Continue to coordinate closely with the Army Corps of Engineers in the development 
and implementation of spoil island restoration projects. The County will continue 
to coordinate with the FDEP and/or SWFWMD regarding the implementation of the 
UMAM state mitigation methodology. 
•	 Continue coordination with FDEP and/or SWFWMD for compliance with the 1996 
Mangrove Trimming Act
•	 Reinforces Sarasota County’s commitment to regional environmental issues by 
advocating the participation of the County in intergovernmental processes and 
scientific modeling of Charlotte Harbor which is designated as a Resource Planning 
and Management Area.
V2-679
 intergovernmental coordination | data and analysis
10/25/2016
sarasota county comprehensive plan | volume 2: data and analysis

he variety 
of plant communities, to approximate natural conditions, and to reduce the chances of 
devastating wildfires.
V2-119
environment | data and analysis
sarasota county comprehensive plan | volume 2: data and analysis
10/25/2016

In the past few decades, it became obvious both nationwide and statewide that there were 
dwindling numbers of certain animal and plant populations. In Florida, native species such 
as the wood stork, the West Indian manatee, the burrowing owl, and the Florida panther 
have suffered serious population reductions. These species are not the only ones that have 
suffered, however. Federal and state agencies list about 120 species of wildlife and plants as 
endangered, threatened, species of special concern or have the potential to be commercially 
exploited. The Environment Chapter Appendix, Section 5 lists some of Sarasota County’s 
endangered, threatened, and species of special concern by primary habitat. Specific questions 
regarding Sarasota County’s threatened and endangered species should be directed to 
the Florida Fish and Wildlife Conservation Commission (FWC), the Florida Department of 
Agriculture (FDA) and U.S. Fish and Wildlife Service (USFWS).
There are three basic reasons for the decline of wildlife populations in Florida. Habitat 
destruction is documented as the foremost cause. The resultant loss of feeding and nesting 
sites has severely impacted bird and other animal populations. Direct exploitation and human 
disturbances are cited as the two remaining factors.
Direct exploitation refers to the use of a wildlife or plant species; for example, hunting the 
gopher tortoise for food. Human disturbances include such things as harassment of nesting 
sites. Nest site disturbance threatens the viability of several species of birds, including the 
protected bald eagle. Other human disturbances include water table reduction, a serious 
threat to wading bird species such as the wood stork that depend on marshes and seasonal 
ponds for feeding; fire suppression in habitats such as the Scrubby flatwoods, the only habitat 
in which the threatened Florida Scrub-jay lives; timber management of pinelands that support 
the red cockaded woodpecker; and boating in the rivers, bays, and estuaries in which the 
endangered West Indian manatee dwells; the installation of roads, which represent a physical 
and dangerous barrier to wildlife moving through the environment; and the impact of free-
roaming domestic pets such as cats, who hunt the Florida Scrub-jay, which forages on the 
ground, and other ground-based wildlife. 
The effort to maintain endangered and threatened species such as the wood stork, the 
West Indian manatee, and the Florida Scrub-jay depends on conservation, preservation, and 
ENDANGERED SPECIES AND CRITICAL HABITATS
V2-120
environmental systems element | data and analysis
10/25/2016
sarasota county comprehensive plan | volume 2: data and analysis

management of the habitats in which the species nest and feed. In addition, conservation 
and preservation efforts require public education regarding human-induced threats to wildlife 
that can be avoided or minimized through awareness and shifts in behavior.

ent activities and human disturbances, including seemingly harmless 
actions such as repeated visits to a nest site, can cause a pair of eagles to vacate a nest.
Wetland habitats associated with uplands are vital habitats for many species of wading birds 
and amphibians. The County has a strong program to protect wetlands and requires mitigation 
for unavoidable destruction of wetland habitat.
Scrubby flatwoods, a rare habitat in Sarasota County, is essential to several endangered, 
threatened, and species of special concern including the Florida Scrub-jay, gopher 
tortoise, eastern indigo snake, gopher frog, sand skink, Florida mouse, and Florida coontie. 
V2-122
environmental systems element | data and analysis
10/25/2016
sarasota county comprehensive plan | volume 2: data and analysis

Populations of Florida Scrub-jays have declined in recent years due to habitat destruction and 
mismanagement.
In 1994, there were less than 2,000 acres of Florida Scrub-jay habitat left in unincorporated 
Sarasota County. Not all of this is suitable for Scrub-jay populations which require several 
hundred acres of low, open Scrub canopy. Periodic fire keeps the Scrub canopy in the 
necessary low and open condition; fire suppression allows the oaks to develop a canopy 
which provides perches for predatory birds and other species. County survey data collected 
in 2004 indicates that since 2000, the population of Florida Scrub-jays within Sarasota County 
has plummeted by 22 percent due to a 6 percent annual decline in the species. If this rate of 
decline continues, the Florida Scrub-jay is predicted to become locally extinct. Loss of habitat 
through conversion to other uses or the absence of appropriate management is the biggest 
challenge currently faced by this species in Sarasota County [J. Fitzpatrick pers. comm.].
According to the Florida Department of Environmental Protection, “Scrub outside the 
Ocala National Forest and other publicly owned lands should be considered to be highly 
endangered.” Sand pine Scrub, a habitat of low growing oaks and scattered sand pines, is 
considered as the “most distinct habitat in Florida and maybe one of the rarest habitats in 
North America.” Sand pine Scrub is especially rare in Sarasota County. Less than 30 acres of 
this unique habitat remain on Englewood Water District property. Sand pine, rosemary, and 
the threatened Florida coontie can be found among patches of white sand that were once 
ancient dune ridges.
V2-123
environment | data and analysis
sarasota county comprehensive plan | volume 2: data and analysis
10/25/2016

THIS PAGE LEFT INTENTIONALLY BLANK
V2-124
environmental systems element | data and analysis
10/25/2016
sarasota county comprehensive plan | volume 2: data and analysis

ENVIRONMENT
CHAPTER 
MAPS
V2-125
environment | data and analysis
sarasota county comprehensive plan | volume 2: data and analysis
10/25/2016

§¨¦
75
£
¤
41
§¨¦
75
Gulf of Mexico
Sarasota
Bay
Myakka Rive
Peace River
§¨¦
75
25
25
25
50
75
City of
North Port
City of
Venice
City of
Sarasota
Town of
Longboat
Key
MANATEE
COUNTY
HARDEE
COUNTY
DESOTO
COUNTY
CHARLOTTE
COUNTY
Oscar
Scherer
State Park
Myakka
River
State Park
§¨¦
75
£
¤
301
£
¤
41
¬«
681
¬«
72
BAY RD
N
RIVER RD
E VENICE AVE
N HONORE
AVE
MIDNIGHT
PASS
RD
UNIVERSITY PKWY
LAUREL RD E
S TAMIAMI TRL
BEE RIDGE ROAD EXT
N INDIANA
AVE
FRUITVILLE RD
BEE RIDGE RD
CLARK RD
SIESTA
DR
S TOLEDO
BLADE
BLVD
GULF
OF MEXICO
DR
ENGLEWOOD
RD
MOUND
ST
TAMIAMI TRL
VERNA RD
CENTER RD
S RIVER RD
N SUMTER
BLVD
HIGEL
AVE
JACARANDA
BLVD
N
TAMIAMI TRL
HONORE AVE
MAP 1-1:  
PHYSIOGRAPHIC PROVINCES AND 
TOPOGRAPHIC CONTOURS 
IN SARASOTA COUNTY
Source; Based on SWFWMD Groundwater Aquifer Resource Availability Inventory: Sarasota County, Florida.

ion projects.
•	 Continue to coordinate closely with the Army Corps of Engineers in the development 
and implementation of spoil island restoration projects. The County will continue 
to coordinate with the FDEP and/or SWFWMD regarding the implementation of the 
UMAM state mitigation methodology. 
•	 Continue coordination with FDEP and/or SWFWMD for compliance with the 1996 
Mangrove Trimming Act
•	 Reinforces Sarasota County’s commitment to regional environmental issues by 
advocating the participation of the County in intergovernmental processes and 
scientific modeling of Charlotte Harbor which is designated as a Resource Planning 
and Management Area.
V2-679
 intergovernmental coordination | data and analysis
10/25/2016
sarasota county comprehensive plan | volume 2: data and analysis

•	 Maintain up to date Comprehensive Emergency Management and Post-Disaster 
Redevelopment Plans by coordination of research and planning efforts between 
County departments, the regional planning agency, and other appropriate agencies. 
•	 Continue coordination of development review with the Sarasota County School Board 
to provide that new school facilities and facility expansions be designed to provide 
hurricane shelter.
•	 Continue the county and the City of Sarasota Interlocal Agreement for the location of 
air monitoring stations within the city to determine long term impacts and trends of 
automobile pollution on air quality. 
•	 Continue support of efforts and consideration of recommendations from 
intergovernmental organizations concerning Sarasota’s bays, the Myakka River 
watershed and the Braden River watershed. Many entities are involved with this 
effort including Sarasota and Manatee Counties, the Myakka River Management 
Coordinating Council, SARABASIS, SWFWMD, and the Department of Environmental 
Protection. 
•	 Promote cooperation with other governmental entities to protect the water 
resources, feeding Warm Mineral Springs.
PARKS AND RECREATION
The Sarasota County Comprehensive Plan’s Parks and Recreation Chapter contain several 
policies that necessitate coordination efforts including:
•	 Coordination among the county and its municipalities as it relates to the calculation 
of the recreation level of service (LOS) for concurrency purposes relating to County-
owned parks. 
•	 Continued coordination between the county and the Sheriff’s Department to improve 
security at park and recreation sites.
•	 Maintain fiscally sustainable standardized legal agreement with local recreation-
oriented groups for their use of facilities and the consolidation of county/municipal 
parks and recreation services to avoid overlap and duplication of effort.
•	 Continue coordination, maintenance, and improvement with other county boards 
and agencies, the county’s municipalities, the region, the State, public and private 
schools, non-profit agencies, churches, and the private sector in the development and 
V2-680
implementation element | data and analysis
10/25/2016
sarasota county comprehensive plan | volume 2: data and analysis

provision of parks and recreational facilities.
•	 Sarasota County Parks and Recreation will establish and maintain partnerships to 
coordinate interlocal agreements and capital improvements.
•	 Continue to coordinate implementation procedures for inter-local agreements which 
will require further coordination between the county and the cities in order to 
continue to meet the communities’ recreational needs. 
•	  Maintain inter-local agreements with the School Board that provide the public with 
access to recreational amenities at several school sites, listed within the agreement. 
•	 Maintain inter-local agreement with the Sarasota County School Board for joint 
planning which provides additional opportunities for co-location of recreational 
amenities upon School Board-owned lands.","Based on the provided excerpts from the Sarasota County comprehensive plan, the following answer can be provided:

Sarasota County requires coordination or review for wildlife habitat impacts, protected species, or habitat restoration in the following areas:

1. **Protected species**: The county shall continue to coordinate with federal and state wildlife agencies regarding development impacts on protected species [Sarasota County, p.679].
2. **Habitat restoration**: The county shall continue to coordinate with the Army Corps of Engineers, the FDEP, and the SWFWMD to address impacts of development on native habitats and wetlands or in the course of conducting habitat restoration projects [Sarasota County, p.679].
3. **Spoil island restoration**: The county shall continue to coordinate closely with the Army Corps of Engineers in the development and implementation of spoil island restoration projects [Sarasota County, p.679].
4. **Mangrove Trimming Act**: The county shall continue coordination with FDEP and/or SWFWMD for compliance with the 1996 Mangrove Trimming Act [Sarasota County, p.679].
5. **Regional environmental issues**: The county shall advocate the participation of the County in intergovernmental processes and scientific modeling of Charlotte Harbor, which is designated as a Resource Planning and Management Area [Sarasota County, p.679].
6. **Wetland habitats**: The county has a strong program to protect wetlands and requires mitigation for unavoidable destruction of wetland habitat [Sarasota County, p.122].
7. **Florida Scrub-jay habitat**: The county shall protect and preserve the Florida Scrub-jay habitat, which requires periodic fire to maintain the necessary low and open condition [Sarasota County, p.123].

In summary, Sarasota County requires coordination or review for wildlife habitat impacts, protected species, or habitat restoration in various areas, including protected species, habitat restoration, spoil island restoration, mangrove trimming, regional environmental issues, wetland habitats, and Florida Scrub-jay habitat.

Sources:

* [Sarasota County, p.679]
* [Sarasota County, p.122]
* [Sarasota County, p.123]
* [Sarasota County, p.679]
* [Sarasota County, p.679]
* [Sarasota County, p.679]
* [Sarasota County, p.679]
* [Sarasota County, p.679]
* [Sarasota County, p.679]"
"What conservation area, natural resource, or open space policies appear in Seminole County's plans?","natural resources. These purposes are accomplished by 
the legislative establishment of goals, objectives, and policies that are designed to guide the 
future growth and development of lands within the unincorporated portions of Seminole 
County. 
All applications for a Plan amendment relating to the development patterns described and 
supported within the Plan including, but not limited to, site specific applications for changes 
in Future Land Use designations, are presumed to involve a legislative function of local 
government which, if approved, would be by legislative act of the County and shall, 
therefore, be evaluated based upon the numerous generally acceptable planning, timing, 
compatibility, and public facility considerations detailed or inferred in the policies of the 
Plan. Each application for an amendment to the Exhibit FLU: Future Land Use Map by 
changing the Future Land Use designation assigned to a parcel of property shall also be 
reviewed to determine and assess any Countywide impacts or any significant area-wide 
impacts of the proposed amendment including, but not limited to, the effect of the future 
land use change on either the internal consistency or fiscal structure of the Plan.  
This Plan amendment application review and evaluation process will be prepared and 
presented in a format consistent with the four major categories of Plan policies as follows: 
A 
Programs: Since the policies within the Plan address the continuance, expansion and 
initiation of new government service and facility programs, including, but not limited to, 
capital facility construction, each application for a Future Land Use designation 
amendment will include a description and evaluation of any Plan programs (such as the 
effect on the timing/financing of these programs) that will be affected by the amendment 
if approved. 
B 
Regulations: The policies of the Plan also contain general regulatory guidelines and 
requirements for managing growth and protecting the environment. These guidelines will 
be used to evaluate the overall consistency of the Future Land Use amendment with the 
Comprehensive Plan. 
C 
Development Policies: Additional criteria and standards are also included in the Plan that 
describes when, where and how development is to occur. Plan development policies will 
be used to evaluate the appropriateness of the use, intensity, location, and timing of the 
proposed amendment. 

 
 
MANAGE GROWTH AND CONSERVATION | FLU-10
D 
Coordination: Each application for a land use designation amendment will be evaluated 
to assess how and to what extent any additional intergovernmental coordination activities 
should be addressed.  
STANDARDS OF REVIEW - CATEGORY I 
All proposed amendments shall address these criteria, and staff shall evaluate the material 
submitted by the applicant: 
A 
Whether the character of the surrounding area has changed enough to warrant a different 
land use designation being assigned to the property.  
B Whether public facilities and services will be available concurrent with the impacts of 
development at adopted levels of service. 
C 
Whether the site is suitable for the proposed use and will be able to comply with floodprone 
regulations, wetland regulations and all other adopted development regulations.

ally significant resources. 
B 
Uses 
1 
Natural lands with environmental significance or important assets, 
including:  
2 
Wild and scenic areas;  
3 
Undisturbed native plant communities, including endangered and rare 
species;  
4 
Forest and botanical resources;  
5 
Lands critical to fish and wildlife survival, especially rare and 
endangered species; 
6 
Wetlands;  
7 
Lands that serve as natural protective buffers and natural stormwater 
cleansing areas for water quality maintenance of surface waters and 
wetlands; and  
8 
Historic resources, including archaeological, geological, and historical 
sites. 
Lands with this land use designation that are owned by Seminole 
County shall have management plans created for them that are unique 
to the environmental assets within each area. Lands with this 
designation that are owned by other governmental entities may also 
have management plans created by those owners. 
County management plans shall include preservation programs that 
may involve the use of prescribed burns, resource protection efforts 
that may limit location and amount of public access, and control of 
exotic species. Management plans may include restoration efforts and 
passive recreational uses in designated areas. Passive recreational uses 
shall be based on ability to ensure preservation of the resource and 
impact on surrounding lands and land uses and may include, but are 
not limited to, the following: 
1 
Hiking on designated trails; 
2 
Camping at designated campsites and in accordance with permits; 
3 
Horseback riding on designated horse or multi-use trails; 
4 
Hunting where and when authorized by the managing agency; and 
5 
Boating and canoeing at designated boat ramps, launch sites or by 
special authorization permits. 
C 
Management Plans for other governmental lands 

 
 
 
 
WILDLIFE, NATURAL RESOURCES, & SUSTAINABILITY | FLU-36
Lands with this designation that are owned by other governmental 
agencies may also have management plans, and the County shall allow 
uses and activities identified in those plans.  
D 
Services and Facilities  
These areas are not intended for urban uses and will not be scheduled 
for urban services. 
E 
Special Provisions 
Uses of managed lands are subject to the Management Plans that 
govern them. Use of Preservation Easements is subject to the 
Agreement conveying the easement. 
OBJECTIVE FLU 2.5 SUSTAINABLE PLACES 
The County shall promote sustainability in developed areas to protect the natural environment 
and enhance the health and well-being of residents by minimizing the adverse impacts of 
development and encouraging nature-based solutions. 
Policy FLU 2.5.1 Efficient Land Use Patterns 
The County shall continue efforts to create efficient land use patterns that 
minimize urban sprawl to protect natural resources by: 
A 
Directing growth preferentially towards infill areas with existing 
infrastructure;  
B 
Encouraging redevelopment of vacant or under-utilized sites in the 
central areas of the County; and 
C 
Create or maintain standards that incentivize or require development 
patterns that are compact and contribute to mixed-use neighborhoods 
and corridors, which promote multiple modes of transportation to reduce 
emissions, and support infill to encourage compact development.

on. 
The passing of the natural lands referendum presented more than just an opportunity for the 
County to preserve natural resources, it also represented an opportunity for the County to partner 
with State and federal agencies to purchase lands and provide a larger base from which to fund 
purchases. To date, over one-fifth of Seminole County has been set aside in public ownership. 
This was made possible largely due to the active support of the community, including land 
donations from property owners and developers. This program made it possible to try and protect 
some of the systems that together form a mosaic of high-quality wetlands and uplands that extend 
into other counties of the region, resulting in the protection to date of approximately 43% of 
wetlands in Seminole County. In 2000, the voters of Seminole County continued the commitment 
to preservation by approving an extension of five million dollars for purchase of additional natural 
lands and $20 million dollars for the development of greenways and trails. To date the County has 
acquired one additional Natural Lands Property and completed three signature trail corridors. The 
Exhibit FLU: Greenways, Blueways, and Major Trails clearly depicts the extent of publicly owned 
land in Seminole County to date. 
FUTURE LAND USE MAP 
Objective FLU 5 Future Land Use Map Foundation states “The County shall continue to develop 
and enforce innovative planning techniques and land development regulations designed to support 
the Central Florida Regional Growth Vision…and regionally significant natural areas. The Future 
Land Use Map series embodies strategies designed to build long term community value, 
discourage urban sprawl and ensure that public facilities and services are provided in the most 
cost-effective and efficient manner. This serves as one of the cornerstones for the form of 
development on the urban and rural landscapes, and clearly states as an objective that 
preservation of natural resources is a priority. Exhibit FLU: Future Land Use Map details the focus 
of land use in the County, which is notably dominated to the east by the areas assigned the 
Environmentally Sensitive Lands Overlay identification, illustrated by the use of a symbol imposed 
on top of areas with Future Land Use designations that include, but are not limited to, Rural 3, 
Rural 5, Rural 10, and Low Density Residential. From a view of this map, it is important to point 
out several items. First, there are the Resource Protection Areas, illustrated on Exhibit FLU: 
Resource Protection Areas, and include the Wekiva River Protection Area, the Econlockhatchee 
River Basin, and the Geneva Lens Area, the latter of the two are contained within the designated 

 
COMPREHENSIVE WETLAND MANAGEMENT STRATEGY | CON - 22  
 
East Rural Area. These areas are already receiving special protection from state and County 
regulations above and beyond that which is normally required. Second, it is also important to 
point out that the Wekiva River Protection Area (WRPA) has protection via the Wekiva Global 
Compliance Agreement (and subsequent amendment to policy by the Seminole County 
Comprehensive Plan) that allows no wetland impacts, and requires a 50 foot upland buffer around 
all wetlands in the WRPA, which is in addition to the St.

term management; and 
F. 
Passive recreational use potential. 
Policy REC 7.8   Central Florida Regional Growth Vision (How Shall We Grow?) 
The County shall endeavor for consistency with the principle of preserving 
open space, recreational areas, farmland, water resources, and regionally 
significant areas, as established by the 2007 Central Florida Regional Growth 
Vision (How Shall We Grow?). 
Policy REC 7.9   Open Space Standards for Private Development 
The County shall assess, during each Evaluation and Appraisal Report, the 
need to update the definitions, standards and guidelines within the Seminole 
County land development regulations for open space requirements for 
subdivisions, other new developments and redevelopments to implement the 
policies of this Comprehensive Plan. 
 
OBJECTIVE REC 8   SCENIC ROADWAYS 
The County shall continue to preserve the visual quality of scenic roadways in Seminole County. 
Policy REC 8.1    Scenic Road Designation 
The County shall designate roadway sections or entire roadways as scenic 
roadways based upon: 
A. 
Amount of existing vegetation cover and development along the 
roadway; 
B. 
Number of curbcuts, traffic signals, and other obstructions to through 
traffic movement; and 
C. 
Future land use designations assigned to properties along the roadway. 
Policy REC 8.2   Scenic Roads-Development Standards 
The County has adopted standards for development along designated scenic 
roadways. Standards shall include, at a minimum: 
A. 
Building setbacks and heights; 

 
GOALS, OBJECTIVES & POLICIES | REC - 10  
 
B. 
Signage, lighting, and outdoor advertising; 
C. 
Curbcuts and utilities in the right-of-way; 
D. 
Fences and walls, and other structures within the setback; and 
E. 
Minimum tree size, tree removal restrictions, and supplemental 
landscaping requirements. 
Policy REC 8.3    Joint Projects 
The County shall continue to pursue interlocal agreements and joint projects 
with municipalities and private agencies for the designation, implementation 
and funding of scenic roadway programs where appropriate. 
Policy REC 8.4    Joint Funding 
The County shall identify and determine the feasibility of alternative revenue 
sources for the implementation of scenic corridor programs. 
 
 

 
GOALS, OBJECTIVES & POLICIES | REC - 11  
 
 
 
 
 
 
 
 
 
 
 
 
 
 
 
 
 
 
 
 
This page intentionally left blank.

he County shall apply, but not be limited to, the following 
land use strategies and mechanisms: 
A Protection of Open Space 
1 
Encourage, and if warranted by Policy FLU 2.3.13 Wekiva Study 
Area Cluster Development Standards, require planned 
developments and cluster developments; 
2 
Require dedicated conservation easements, or other appropriate 
legal mechanisms, to protect open space in perpetuity as part of the 
subdivision and/or site plan approval process; 
3 
Preserve environmentally sensitive areas via enforcement of the 
Environmentally Sensitive Lands Overlay District; 
4 
Enforce open space ratios and open space credits provisions 
established in the Land Development Code (LDC) of Seminole 
County; and  
5 
Evaluate the LDC every seven years to determine if it is necessary to 
update definitions, standards, and guidelines for the provision of 
open space. 
B 
 Most Effective Recharge Areas 
1 
Encourage, and if warranted by Policy FLU 2.3.13 Wekiva Study 
Area Cluster Development Standards, require planned 
developments and cluster developments;  
2 
Evaluate the Aquifer Recharge Overlay Zoning Classification, which 
sets alternative design criteria and standards to protect the functions 
of most effective aquifer recharge areas as part of each 
Comprehensive Plan Evaluation and Appraisal Report; and, 
3 
Enforce standards for the most effective recharge areas, as defined 
in the Aquifer Recharge Overlay Zoning Classification and Exhibit 
FLU: Aquifer Recharge Areas such as, but not limited to: 
a 
The maximum area covered by structures and impervious 
surface shall not exceed 65% for nonresidential uses and 60% 
for residential uses of the total land area; and 
b 
With the exception of handicapped parking spaces, no more than 
25% of the total number of required off-street parking spaces 
shall not be paved. 
C  Karst Features and Sensitive Natural Habitat 
1 
The County shall adopt Best Management Practices (BMPs), 
including applicable BMPs recommended in “Protecting Florida’s 
Springs – Land Use Planning Strategies and Best Management 

 
 
 
 
WILDLIFE, NATURAL RESOURCES, & SUSTAINABILITY | FLU-31
Practices”, Florida Department of Community Affairs and Florida 
Department of Environmental Protection, 2002. BMPs may include, 
but not be limited to: 
a 
Increasing public awareness via Seminole County 
Government Television (SGTV) of the Florida Yards and 
Neighborhoods Program regarding proper lawn and 
landscaping fertilization and irrigation techniques; 
b 
Restricting untreated water from a development site from 
directly discharging into karst features; 
c 
Requiring development proposals to verify by surveys and/or 
studies the presence of karst features and sensitive natural 
habitat; 
d 
Requiring a clearing and building construction setback of a 
minimum of fifty (50) feet from karst features or sensitive 
natural habitat; and 
e 
Maintaining a minimum of twenty-five (25) feet and an 
average of fifty (50) feet of natural buffer adjacent to karst 
features. 
2 
The County shall also adopt BMPs to: 
a 
Increase public awareness of the Florida Yards and 
Neighborhoods Program regarding proper lawn and Florida -
Friendly landscaping, fertilization, and irrigation techniques; 
b 
Request the Wekiva Working Group to recommend policies 
and/or regulations to protect natural resources, including 
springheads; and 
c 
Discourage the use of flammable plants such as saw palmetto 
and wax myrtle adjacent buildings to ensure a defensible 
transition space to minimize wildfire impacts.","Based on the provided excerpts from Seminole County's comprehensive plans, the following conservation area, natural resource, or open space policies appear:

1. **Protection of Environmentally Sensitive Lands**: The County shall enforce the Environmentally Sensitive Lands Overlay District to preserve environmentally sensitive areas [Seminole County, p.30].
2. **Open Space Requirements**: The County shall assess the need to update open space requirements for subdivisions, new developments, and redevelopments to implement the policies of the Comprehensive Plan [Seminole County, p.10].
3. **Scenic Roadways**: The County shall designate roadway sections or entire roadways as scenic roadways based on existing vegetation cover, number of curbcuts, and future land use designations [Seminole County, p.11].
4. **Protection of Open Space**: The County shall encourage and require planned developments and cluster developments, dedicate conservation easements, and enforce open space ratios and credits provisions [Seminole County, p.31].
5. **Most Effective Recharge Areas**: The County shall evaluate and enforce standards for the most effective recharge areas, including maximum impervious surface coverage and parking space requirements [Seminole County, p.31].
6. **Karst Features and Sensitive Natural Habitat**: The County shall adopt Best Management Practices (BMPs) to protect karst features and sensitive natural habitat, including restrictions on water discharge, clearing and building construction setbacks, and natural buffer requirements [Seminole County, p.31].
7. **Wetland Protection**: The County shall protect wetlands, including the Wekiva River Protection Area, which has protection via the Wekiva Global Compliance Agreement and requires a 50-foot upland buffer around all wetlands [Seminole County, p.22].
8. **Natural Lands Preservation**: The County shall promote sustainability in developed areas to protect the natural environment and enhance the health and well-being of residents by minimizing the adverse impacts of development and encouraging nature-based solutions [Seminole County, p.36].
9. **Efficient Land Use Patterns**: The County shall create efficient land use patterns that minimize urban sprawl to protect natural resources by directing growth towards infill areas, encouraging redevelopment of vacant or under-utilized sites, and creating or maintaining standards that incentivize compact development [Seminole County, p.36].

These policies demonstrate the County's commitment to protecting and preserving natural resources, open spaces, and environmentally sensitive areas."
"Does St. Lucie County mention wildlife corridors, habitat connectivity, or greenway systems?","Wildlife Corridors:  
Plan Coverage:​
St. Lucie County’s comprehensive plan does not use the exact term “wildlife corridors” broadly 
across all elements, but it incorporates related conservation planning principles through its 
Transportation and Conservation elements. 
●​ The plan’s Transportation Element previously included policies requiring consideration of 
natural features, including environmental resources, when designing roads — which 
implicitly supports wildlife movement across the landscape. (Municipal county plans 
often include these types of language in transportation and resource protection sections 
in the full plan, though specific text isn’t accessible from the main index).  
 
Land acquisition:  
St. Lucie County’s comprehensive plan includes a Conservation Element and a Recreation & 
Open Space Element that both address land protection and shared goals with acquisition. 
●​ The Conservation Element is intended to guide conservation of natural resources, 
habitats, and environmentally sensitive lands consistent with state requirements. (The 
county provides this PDF as part of its plan).  
●​ The Recreation & Open Space Element includes goals for establishing a comprehensive 
system of public and private sites that often depends on land acquisition to meet 
recreation and open space standards. 
 
Wildlife crossings: 
The publicly accessible index doesn’t show a specific policy text for wildlife crossings 
 
Wildlife surveys:  
Plan Approach: 
●​ St. Lucie County’s comprehensive plan itself does not typically include detailed 
operational requirements like site-specific wildlife surveys — these are often handled 
through the county’s Land Development Code and technical review processes.  
●​ Plans conforming to Florida law do reference requiring development review consistent 
with environmental protection, which in practice means that listed species surveys and 
habitat assessments are triggered through development permitting (often in coordination 
with Florida Fish and Wildlife Conservation Commission and state/federal agencies) 
rather than the comp plan text itself. 

Open space planning:  
St. Lucie County’s plan includes a Recreation and Open Space Element listed among the plan’s 
PDFs, which by statutory requirement: 
●​ Establishes goals and policies for a comprehensive system of parks, natural 
reservations, open spaces, and waterfront access 
●​ Identifies level-of-service standards for recreation and open space to ensure sufficient 
public space for existing and future populations 
●​ Supports land acquisition and coordination with other agencies and entities to develop 
and maintain recreation/open space resources.

ity District future land use 
designation.  The New Community District future land use designation (NCD) accounts for 
approximately 19 percent of the total land area in the City. The NCD District was created as a 
land use for Developments of Regional Impact to reflect the mixed use nature of these projects 
and allows commercial and industrial uses in additional to residential uses.   
 
Port St. Lucie has several areas designated as light industrial areas that provide somewhat higher 
paying jobs (than the County average) in light manufacturing and assembly.  The City is also 
encouraging light clean industry, life sciences, and technology as a means to increase the number 
and quality of the available jobs within the City and lower the proportion of retail and construction 
jobs.   
 
IMPORTANT ECONOMIC ISSUES 
 
Tourism 
Eco-tourism is an emerging tourism trend that focuses on marketing of the environment.  Eco-
tourism involves experiencing the natural environment and educating about natural resources 
without threatening the environment.  The North Fork of the St. Lucie River and other pristine 
natural habitats such as the Savannas Preserve State Park, and the County’s Oxbow Eco-Center 
provide ideal settings for establishing eco-tourism.  St. Lucie County is currently in the process of 
acquiring several thousand acres of pristine natural areas through grants and a $20 million bond 
approved by county voters.  Developing this market with activities such as backpacking, bird 
watching, horseback riding, canoeing, camping, and fishing will help expand the tourism season 
and reduce the unemployment gap. 
 
Public Infrastructure 
The ability of a community to attract and sustain economic development depends on the quality 
of the community's infrastructure.  Infrastructure includes roadways and bridges; airports; 
drainage and stormwater facilities; water and wastewater systems; electric generation and 
transmission systems; solid waste collection, recycling and disposal facilities; schools; parks; and 
any other facility that is basic in daily life.  These facilities are the skeletal structure that support 
community life and economic development.  Other elements of this plan provide details on City 
activities in these areas. 
 
The City annually updates the Capital Improvements Element to ensure level of service standards 
are met for existing and future development. 
 
Transportation 
The ability to move people, goods, and services efficiently is an important part of economic 
development.  The county has good inter-modal transportation access to larger markets through 
the Port of Ft. Pierce, a deep water seaport and a major regional airport.  The Treasure Coast 
International Airport and the Port of Fort Pierce offer important commercial opportunities to further 
increase transportation linkages.  The 2035 Florida Aviation System Plan indicates that the 
Treasure Coast International Airport’s economic development potential was recently bolstered 
by a $1.5 million grant from the U.S. Commerce Division of the Economic Development 
Administration. Combined with state and county dollars, this federal grant will help fund a 
30,000-square-foot hangar with sufficient space for two Boeing 737 aircraft. Treasure Coast 
International Airport has also recently made significant investments to expand its customs

h the Economic Development Council of St. Lucie County, 
which will act as the liaison to coordinate all state and federal incentive programs on behalf of 
companies locating or expanding in the City.  
  
Policy 8.1.1.4:  The City should initiate efforts and support the efforts of other agencies to obtain 
grant monies and other funds designed to assist local economic development initiatives to 
increase employment opportunities.     
 
Policy 8.1.1.5:  The City should continue regional economic development activities such as those 
of the Florida Research Coast. 
 
Policy 8.1.1.6:  The City should seek to coordinate, where appropriate, City investment in utilities, 
transportation, and other public facilities with business, employment, and other economic 
development opportunities.   
 
GOAL 8.2:  SUPPORT THE RETENTION AND GROWTH OF THE INDUSTRIAL SECTOR, 
RETAINING EXISTING BUSINESSES AND SMALL FIRMS, AND ACTIVELY SEEK TO 
ATTRACT NEW INDUSTRIAL BUSINESSES.   
 
Objective 8.2.1:  Provide supporting services for the retention of existing and attraction of new 
businesses.  
 
Policy 8.2.1.1:  The City should ensure the allocation of an appropriate quantity of lands that are 
desirable for commercial and industrial purposes to serve future growth needs of the City.  
 
Policy 8.2.1.2:  The City should prioritize the development of sites with high visibility and direct 
access to major transportation corridors for targeted industries and uses that encourage job 
creation.  
 
Policy 8.2.1.3:  The City should consider the high priority of retaining employment-generating land 
uses in appropriate locations during the review of comprehensive plan amendments and rezoning 
requests.  
 
 
 

 
City of Port St. Lucie 
8-14 
Adopted 
Comprehensive Plan 2020-2040 
 
October 26, 2020 
Policy 8.2.1.4:  The City should encourage designation and preservation of industrial land for 
industrial uses.   
 
Policy 8.2.1.5:  The City should encourage new commercial and industrial development. 
 
GOAL 8.3:  THE CITY WILL DEVELOP AND MAINTAIN AN ECONOMIC ENVIRONMENT 
THAT WILL ENCOURAGE THE CREATION, EXPANSION, AND RETENTION, OF BUSINESS 
WITHIN CITY LIMITS WHILE MAINTAINING QUALITY OF LIFE FOR ITS RESIDENTS. 
 
Objective 8.3.1:  The City will provide and maintain appropriate data bases to assist in the analysis 
of trends and needs for economic development. 
 
Policy 8.3.1.1:  The City Planning & Zoning Department will evaluate and update land use demand 
data as part of the Evaluation and Appraisal Reports of the Comprehensive Plan every seven 
years to evaluate the effectiveness of the adopted Comprehensive Plan Goals, Objectives, and 
Policies regarding land use and economic development. 
 
Policy 8.3.1.2: The City should foster a positive business climate by ensuring adequate public 
services, infrastructure, and high quality customer service. 
 
Policy 8.3.1.3:  The City will target the following industries: 
 
 
Aerospace/Engineering 
 
 
 
Manufacturing 
 
Agriculture/Aquaculture/Food Processing 
 
Medical Industries 
 
Boats and Marine Related Manufacturing 
 
Pharmaceutical 
 
Business/Financial Services  
 
 
Plastics Manufacturing 
 
Electronic Related Industries

nd created 2,867 jobs, the largest of which are represented by 
Maverick Boat Group’s current expansion and Tradition Medical Center phase I and phase II 
expansions. 
 
Additionally, the group determined to work collaboratively between City management and 
County administration to publish an official vision statement for the County and create a list of 
potential financing opportunities.   
 
Economic Development History 
 
In 1993 the U.S. Economic Development Administration awarded St. Lucie County a grant to fund 
a county-wide economic plan.  The development of the county's draft Economic Plan involved the 
creation of two requisite work products, a base study document entitled Economic Activities in St. 
Lucie County (1995), and a second document called Vision St. Lucie (1995).   
 
As part of Vision St. Lucie, the City completed the following to support economic development: 
 
 
Internet homepage providing information about the City. 
 
City beautification projects (i.e. landscaping, signage, entry features). 
 
Development of a new City motto. 
 
Support of design improvements for Port St. Lucie and Gatlin Boulevards. 
 
Riverwalk along the North Fork of the St. Lucie River. 
 
The City is continuing the following activities to attract new businesses: 
 
 
Increase quality jobs and attract investment in the community. 
 
Promote quality development for cultural, arts, and entertainment facilities. 
 
Promote existing attributes (i.e. PGA headquarters, NY Mets spring training camp). 
 
Pursue feasibility to develop a downtown or town center as a community focus and 
meeting place. 
 
Explore potential.  
 
Past Trends 
 
The economic emphasis at the time General Development Corporation (GDC) designed the 
community, was the platting of residential lots for sale.  The population at the time was less than 
several hundred residents in the 78 square miles that made up the City limits. 
 
As time passed GDC succeeded in selling most of the 80,000 residential lots they had platted.  
Low cost of living, sub-tropical climate and a centralized location influenced population growth.  
The population grew rapidly during the late 1970's and 1980's to more than 55,000 people in 1990 
and exceeded 76,000 at the beginning of 1997.  However, the percentage of persons in the 
available labor force grew at a disproportionately higher rate than the number of available local 
jobs.  This trend continues today and has created two situations; a higher than average 
unemployment rate and a higher than average rate of people working outside the community. 
 
The lack of planned areas for economic development was not a major problem in the early days 

 
City of Port St. Lucie 
8-12 
Adopted 
Comprehensive Plan 2020-2040 
 
October 26, 2020 
of the City’s growth as there were adequate areas appointed for commercial, office, and industrial 
use to support the early population.  As time progressed and the City population grew at a rapid 
pace the lack of areas for economic development became apparent.  The City created land use 
conversion zones that allow conversion from residential land use to commercial, office, 
institutional, and multi-family uses along designated major corridors.  This has helped relieve 
some of the shortage of land available for economic development.  The Future Land Use Element 
of this plan expands on land use changes needed to create new commercial centers in the City.

d services needed by the City’s residents and promote 
the retention and expansion of businesses and attractions in the City’s commercial areas. 
 
Policy 8.3.1.8:  In order to enhance current investments in the City and to maintain and improve 
existing structures, the City may consider allowing modifications to standards for required off-
street parking, based on the anticipated use of the facility, size of meeting or assembly areas, 
hours of use, anticipated effects of parking on adjacent businesses and surrounding community, 
access to public transportation and carpools, and other considerations of need and impact. 
 
Policy 8.3.1.9:  The City may review and amend the Land Development Regulations to ensure it 
allows suitable home-based businesses that generate limited traffic.    
 
Policy 8.3.1.10:  Continue to support local business by giving preference to Port St. Lucie 
businesses in the City’s bid process. 
 
Policy 8.3.1.11:  Continue to support New Business Training and other public outreach programs 
to support local business creation.   
 
Policy 8.3.1.12: The City should continue to work with educational partners to ensure there are 
appropriate educational opportunities, job skills programs, and facilities to meet business and 
industry needs.   
 
Objective 8.3.2: The City should continue to enhance local attractions and recreational facilities 
to promote tourism and quality of life. 
 
Policy 8.3.2.1: The City should continue to promote tourism and recreation based upon the City’s 
natural resources. 
 
Policy 8.3.2.2: The City should continue to promote passive recreational activities by continuing 
to protect natural preserves and the North Fork of the St. Lucie River. 
 
Policy 8.3.2.3: The City should continue to coordinate with the St. Lucie County Tourism office to 
promote tourism in the City. 
 
Policy 8.3.2.4:  The City should continue to support arts and culture as a core component to the 
economic health of the City.    
 
Policy 8.3.2.5:  All new development shall continue to provide public art, or pay fees in lieu of for 
the Port St. Lucie community.","Based on the provided excerpts from the St. Lucie County comprehensive plan, the following answer can be provided:

St. Lucie County mentions wildlife corridors, habitat connectivity, or greenway systems in the following excerpts:

1. The Transportation Element of the comprehensive plan ""previously included policies requiring consideration of natural features, including environmental resources, when designing roads — which implicitly supports wildlife movement across the landscape."" [St. Lucie County, pp. 1-2]
2. The Conservation Element addresses land protection and shared goals with acquisition, and is intended to guide conservation of natural resources, habitats, and environmentally sensitive lands consistent with state requirements. [St. Lucie County, pp. 1-2]
3. The Recreation & Open Space Element includes goals for establishing a comprehensive system of public and private sites that often depends on land acquisition to meet recreation and open space standards. [St. Lucie County, pp. 1-2]
4. The Open Space Planning section of the comprehensive plan includes goals and policies for a comprehensive system of parks, natural reservations, open spaces, and waterfront access, which may include habitat connectivity and greenway systems. [St. Lucie County, pp. 1-2]

However, there is no explicit mention of ""wildlife corridors"" in the provided excerpts. The closest mention is in the Transportation Element, which implicitly supports wildlife movement across the landscape.

Regarding habitat connectivity and greenway systems, the provided excerpts do not provide clear or direct language. However, the Conservation Element and Open Space Planning section may imply a connection to habitat connectivity and greenway systems through their focus on land protection and open space planning.

In summary, while St. Lucie County's comprehensive plan mentions related conservation planning principles and open space planning, it does not explicitly mention ""wildlife corridors"" or provide clear language on habitat connectivity and greenway systems."
"What land acquisition, conservation easement, or environmental land protection policies appear in Sumter County?","y, 

Unified Sumter County/Center Hill/Coleman/Webster Comprehensive Plan 2023 
Chapter 1 – Future Land Use Element – Goals, Objectives and Policies 
Page 24 
 
and for other areas as designated by the local governing board.  Such other areas may include, but are 
not limited to, highway corridors, interstate interchanges, areas of rapid urban growth or land use 
changes, and areas of sensitive environmental resources.  Upon completion of the community plan and 
adoption of the community plan by the local governing board, development within the community 
planning area shall be pursuant to such adopted community plan and the comprehensive plan. 
Policy 1.11.2 
Components of a Community Planning Study Program 
Community planning studies shall address the following issues, as applicable: 
 
a. 
Environmental systems.  Native habitats, rare and endangered species, drainage, soils 
analysis, water quality, air quality, disaster preparedness, historic and archaeological 
resources; 
 
b. 
Community services.  Potable water, sewer, solid waste, emergency services, education 
facilities, recreation facilities and open space, health care facilities; 
 
c. 
Transportation.  Thoroughfare planning, impact areas, capital improvements, hurricane 
evacuation, access management, transit, bicycle and pedestrian movement; 
 
d. 
Land use.  Generalized land uses, zoning, residential and non-residential development 
potential, affordable housing, mix and integration of land uses; 
 
e. 
The level of service for each facility to serve the needs for existing and future 
development, as applicable; 
 
f. 
Specific standards shall be established for the protection of natural resources, including 
listed species and natural habitat; 
 
g. 
The types of land uses, the gross densities and intensities of land use and the 
percentage distribution among the mix of land uses for the development shall be 
established; 
 
h. 
Specific measures of initiating development within each phase shall be established (i.e. 
50% of a phase must be developed before proceeding to the next phase); and 
 
i. 
As the community plan is implemented by phases, interim land use activities for 
undeveloped land must be identified. 
Policy 1.11.3 
Level of Analysis for Community Planning Study Program 
The level of analysis conducted in the community planning study program shall include the existing and 
projected conditions, major findings/recommendations, conditions to be imposed for approval of the 
community plan, and recommended Future Land Use Map and comprehensive plan amendments for 
implementation, and time frame for community plan implementation. 
Policy 1.11.4 
Initiation of Community Planning Study Program 
The community planning study program may be initiated by a private interest or the County or Cities.  If 
initiated by a private interest, then the lands included in the community plan shall only include those 
lands that the private entity maintains control, either through fee simple or other legal interest.  If 

Unified Sumter County/Center Hill/Coleman/Webster Comprehensive Plan 2023 
Chapter 1 – Future Land Use Element – Goals, Objectives and Policies 
Page 25 
 
initiated by the County or Cities, then the lands included in the community plan shall only include those 
lands approved by the local governing board with a recommendation from its Local Planning Agency. 
Policy 1.11.5 
Community Plans that are also DRIs 
Community plans that are also DRIs shall be processed and reviewed as a PUD.  Unless otherwise 
specified by law, public hearings to consider the DRI/PUD shall be conducted simultaneously to reduce 
time and cost to the County and Cities and the developer. 
Policy 1.11.6 
Conditions of Approval for Community Plans 
Approval of a community plan shall provide for the following conditions:

d Sumter County/Center Hill/Coleman/Webster Comprehensive Plan 2023 
Chapter 1 – Future Land Use Element – Goals, Objectives and Policies 
Page 25 
 
initiated by the County or Cities, then the lands included in the community plan shall only include those 
lands approved by the local governing board with a recommendation from its Local Planning Agency. 
Policy 1.11.5 
Community Plans that are also DRIs 
Community plans that are also DRIs shall be processed and reviewed as a PUD.  Unless otherwise 
specified by law, public hearings to consider the DRI/PUD shall be conducted simultaneously to reduce 
time and cost to the County and Cities and the developer. 
Policy 1.11.6 
Conditions of Approval for Community Plans 
Approval of a community plan shall provide for the following conditions: 
 
a. 
Amendments to the comprehensive plan policies and future conditions maps to 
implement the community plan shall be incorporated into a comprehensive plan 
amendment.  If the community plan is also a DRI, then the comprehensive plan 
amendments may be processed concurrently with the DRI application; 
 
b. 
If the community plan is also a DRI and processed as a PUD, then the community plan 
may provide for deviations from the PUD requirements in the land development 
regulations;  and 
 
c. 
For community plans processed as a PUD, the comprehensive plan amendment to 
designate the development as a PUD on the Future Land Use Map must be 
accompanied by a text amendment that establishes the types of land uses, the 
percentage distribution of land uses and maximum residential densities and 
nonresidential intensities of land use for the PUD.  The text amendment shall also 
provide for specific measures for initiating development within each phase of the 
project, if appropriate, and identify interim land use activities for undeveloped land. 
Policy 1.11.7 
Community Plans Relationship to Sector Plans 
The community planning study program described above is a separate process from the sector planning 
process provided for in Section 163.3245, Florida Statutes.  If a project qualifies for the sector planning 
process, then the sector planning process may be utilized in place of the community planning study 
program. 
Unincorporated Area Specific Goals, Objectives and Policies 
 
Goal 1 Future Land Use 
 
Protect and enhance the quality of life by encouraging the most appropriate use of land and resources 
consistent with the public interest by directing development to those areas with the capacity to accommodate 
growth in an economic and environmentally acceptable manner.  
 
Objective 1.1 
Future Land Use Categories  
The arrangement of future land uses is a major factor in guiding the growth of a successful vibrant community.  
Generalized future land use categories shall coordinate the protection of natural, historic, and agricultural 
resources with the availability of appropriate facilities and services, favorable topography and soil conditions, 
and compatibility of adjacent land uses.  The allocation and amount of land designated for future land uses 

Unified Sumter County/Center Hill/Coleman/Webster Comprehensive Plan 2023 
Chapter 1 – Future Land Use Element – Goals, Objectives and Policies 
Page 26

gement practices (BMP). 

Unified Sumter County/Center Hill/Coleman/Webster Comprehensive Plan 2023 
Chapter 4 - Conservation Element – Goals, Objectives and Policies 
Page 15 
 
Policy 4.2.1CL Tree and Landscape Protection to Control Soil Erosion 
The City shall maintain a tree protection and landscape ordinance within the land development 
regulations to assist in control of soil erosion and protection of specimen trees, relic hardwood 
communities, and wildlife habitats. 
 
City of Webster (W) Area Specific Goals, Objectives and Policies 
 
Goal 4 Conservation 
 
Conserve, protect and properly manage the natural resources so as to maintain the integrity of the 
natural systems and ensure that resources are used efficiently yet maintaining the highest 
environmental quality possible. 
 
Objective 4.1W Limerock (Aggregate) Mining 
Mining impacts shall be minimized through the application of appropriate standards for the extraction 
of minerals within the City of Webster. 
 
Policy 4.1.1W Areas and Standards for Mining Activity 
The City shall identify areas suitable for extraction of minerals within the city and maintain 
specific standards within its land development regulations to supplement the general standards 
contained herein.  
 
Policy 4.1.2W Requirements for Mining Compatibility  
The City shall assure compatibility of mining uses with adjacent land uses and protection of 
natural resources through the following requirements, which are further implemented within 
the land development regulations: 
 
a. 
Regulate mining activities to control buffer areas, maintenance of the mining 
area, groundwater withdrawals, unpermitted deposition of materials, soil 
stabilization, disturbance of wetlands, noise, vibration, air quality, security and 
reclamation of mined lands; 
 
b. 
Blasting shall be regulated pursuant to State regulations by the Florida Division 
of State Fire Marshal;   
 
c.  
Enforcement of mining regulations shall be funded through operating permit 
fees levied against mining operators. 
 
Policy 4.1.3W Mining Impact on Groundwater 
The City shall enforce its mining regulations within the land development regulations with the 
objective of restricting mining water withdrawals to avoid significant localized reductions in the 
water table and to require the re-use of water in accordance with SWFWMD best management 
practices for re-use in mining operations.   

Unified Sumter County/Center Hill/Coleman/Webster Comprehensive Plan 2023 
Chapter 4 - Conservation Element – Goals, Objectives and Policies 
Page 16 
 
Policy 4.1.4W Approval Process for Mining Activities  
The City shall maintain in its land development regulations the requirement that mining 
activities that are new or extensions of existing permitted mining activities shall prepare and 
submit for approval by the City a plan consisting of the minimum components: 
 
a. 
Location of area to be mined and estimated phasing of the areal extent of the 
mined areas by time phase; 
 
b. 
Adjacent land uses within one (1) mile of the area proposed to be mined; 
 
c. 
Narrative report providing consideration of the effects of the mining operation, 
including access, traffic, noise, dust and blasting on adjacent land uses and 
proposed mitigative measures to reduce adverse effects;

orporated 
areas. The Cities and County have developed unified land development regulations and have 
continued an effort to update to be consistent with the County’s and Cities’ Comprehensive 
Plans. 
 
Objective 7.3 
Coordination with Private and Non-Profit Sector 
The County and Cities shall facilitate effective coordination with private and non-profit agencies by 
providing mechanisms that will enhance development within the county and cities. 
 
Policy 7.3.1 
Identification of Historic Resources and Areas for Community Revitalization 
The County and Cities shall solicit recommendations from various public and private 
organizations to assist in the identification of areas for historical informational purposes and 
areas to be recommended for future community revitalization actions. 

Unified Sumter County/Center Hill/Coleman/Webster Comprehensive Plan 2023 
Chapter 7 - Intergovernmental Coordination Element – Goals, Objectives and Policies 
Page 8 
 
Policy 7.3.2 
Economic Development Coordination 
The County and Cities shall continue to work with private or non-profit groups, including 
volunteers, to further economic development programs that will promote the pursuit of and 
retention of businesses and industries that will diversify and strengthen the economic base of 
the county and cities. 
 
Objective 7.4 
Coordination with Sumter County School Board 
The County and Cities shall maintain and enhance joint planning processes and procedures for 
coordination of public education facilities for planning and decision-making.   
 
Policy 7.4.1 
School Capital Facilities Plan 
On an annual basis, the County and Cities shall ask the School Board to provide information 
from their 5-year Capital Facilities Plan to determine the need for additional school facilities. The 
School Board shall provide to the County, each year, a general education facilities report.  The 
educational facilities report shall contain information detailing existing facilities and their 
locations and projected needs.  The report shall also contain the School Board’s capital 
improvement plan, including planned facilities with funding representing the district’s unmet 
needs.  
 
CALENDAR OF KEY ANNUAL DEADLINES 
February 1 
Cities’ and County’s growth reports provided to 
School Board 
April 15 
Staff working group meeting regarding enrollment 
projections and any proposed amendments to the 
public school-related policies of the 
comprehensive plan.  
August 15 
School Board provides Tentative Educational 
Facilities Plan to County and Cities for review 
September 1 
Cities and County provide School Board with 
comments, if any, on Tentative Educational 
Facilities Plan 
October 1 
School Board’s adoption of Educational Facilities 
Plan 
November 1 
Update County’s and Cities’ CIP to coordinate with 
improved facilities identified in School’s Five-Year 
Capital Facilities Plan  
Policy 7.4.2 
Siting of Schools 
In order to coordinate the effective and efficient provision and siting of public educational 
facilities with associated infrastructure and services within the County and Cities, the Sumter 
County Board of County Commissioners, the Sumter County School Board, the Bushnell City 
Council, the Center Hill City Council, the Coleman City Council, the Webster City Commission 
and/or the Wildwood City Commission, depending on the jurisdiction the school siting is 
proposed, shall meet jointly with the School Board to develop mechanisms for coordination.  
Such efforts may include:

removing the property sought to be 
abandoned from the community plan and PUD on the Future Land Use Map.  The PUD 
designation on the Future Land Use Map shall be amended according to the 
Abandonment of Development Order and comprehensive plan amendment approved 
by the County and the Florida Department of Economic Opportunity (FDEO). 
Policy 1.11.2 
Villages of Sumter Development of Regional Impact Community Plan 
The Villages of Sumter Development of Regional Impact constitutes the Villages of Sumter Community 
Plan (formerly known as the Villages of Sumter Sector Plan) and serves as the data and analysis for the 
comprehensive plan.  The area addressed by the community plan is identified as the “Villages of Sumter 
PUD” on the Future Land Use Map and is subject to the following: 
 
 
a. 
The Villages of Sumter PUD is a mixed-use retirement community that includes a 
functional integration of residential, retail, office, attraction, hotel, institutional, 
marina, and recreation uses and supporting infrastructure (i.e. roads, water, sewer, 
etc.).  The planning timeframe for the development rungs through buildout in 2020.  
The maximum residential density for the project is 5.4 residential dwelling units per net 

Unified Sumter County/Center Hill/Coleman/Webster Comprehensive Plan 2023 
Chapter 1 – Future Land Use Element – Goals, Objectives and Policies 
Page 38 
 
residential area as applied throughout the project and nonresidential land use intensity 
shall not exceed a 0.5 floor area ratio (FAR), except for Town Centers.  Town Centers 
shall not exceed 3.0 FAR.  Phasing for the project is based on development units (i.e. 
residential units, nonresidential square feet, and recreational facilities) and is 
approximately divided into five four-year increments, but may proceed more quickly or 
less quickly than projected.  Interim land use activities for undeveloped land include 
farming, silviculture, peat mining, and cattle and buffalo husbandry, provided such 
activities are not in conflict with the Wildlife Habitat Management Plan approved by 
the Florida Fish and Wildlife Conservation Commission (FWC) for the Villages of Sumter 
Development of Regional Impact.  The mix and distribution of uses as a percent of the 
entire PUD acreage are as follows: 
 
Residential 
 
 
 
30% to 55% 
 
Commercial 
 
 
 
2% to 6% 
(Retail, office, hotel, convention/performing arts center, and theater) 
 
Institutional/Educational 
 
0.3% to 2% 
 
Recreational 
 
 
 
5% to 30% 
(Regional and Village recreation  
centers and golf courses) 
 
 
 
This policy does not guarantee the approval of development orders that are in 
accordance with the percent distribution of acreage mix.  The approval of development 
orders shall be consistent with this policy and other comprehensive plan goals, 
objectives, and policies and future condition maps. 
 
b. 
Amendments to the PUD.  Amendments to the DRI through the Notice of Proposed 
Change process, pursuant to Chapter 380, Florida Statutes, shall not require a 
comprehensive plan amendment provided the change does not include the addition of 
land, a new use and is otherwise consistent with the comprehensive plan.  Changes to 
the DRI Development Order by Sumter County shall be reflected in the PUD Master 
Plan;","Based on the provided excerpts from the Sumter County comprehensive plan, the following land acquisition, conservation easement, or environmental land protection policies appear:

1. **Tree and Landscape Protection**: The City shall maintain a tree protection and landscape ordinance within the land development regulations to assist in control of soil erosion and protection of specimen trees, relic hardwood communities, and wildlife habitats. [Sumter County, p. 102]
2. **Mining Regulations**: The City shall identify areas suitable for extraction of minerals within the city and maintain specific standards within its land development regulations to supplement the general standards contained herein. [Sumter County, p. 103]
3. **Mining Impact on Groundwater**: The City shall enforce its mining regulations within the land development regulations with the objective of restricting mining water withdrawals to avoid significant localized reductions in the water table and to require the re-use of water in accordance with SWFWMD best management practices for re-use in mining operations. [Sumter County, p. 104]
4. **Environmental Systems Analysis**: Community planning studies shall address environmental systems, including native habitats, rare and endangered species, drainage, soils analysis, water quality, air quality, disaster preparedness, historic and archaeological resources. [Sumter County, p. 26]
5. **Specific Standards for Natural Resource Protection**: Specific standards shall be established for the protection of natural resources, including listed species and natural habitat. [Sumter County, p. 26]
6. **Conservation of Natural Resources**: The County and Cities shall conserve, protect, and properly manage the natural resources so as to maintain the integrity of the natural systems and ensure that resources are used efficiently yet maintaining the highest environmental quality possible. [Sumter County, p. 103]
7. **Historic Resource Identification and Protection**: The County and Cities shall solicit recommendations from various public and private organizations to assist in the identification of areas for historical informational purposes and areas to be recommended for future community revitalization actions. [Sumter County, p. 127]
8. **Environmental Land Use Categories**: Generalized future land use categories shall coordinate the protection of natural, historic, and agricultural resources with the availability of appropriate facilities and services, favorable topography and soil conditions, and compatibility of adjacent land uses. [Sumter County, p. 26]
9. **Abandonment of Development**: The PUD designation on the Future Land Use Map shall be amended according to the Abandonment of Development Order and comprehensive plan amendment approved by the County and the Florida Department of Economic Opportunity (FDEO). [Sumter County, p. 39]

These policies aim to protect and conserve natural resources, including trees, wildlife habitats, and groundwater, while also promoting sustainable land use practices and environmental stewardship."
"Does Volusia County discuss wildlife crossings, road impacts, or mitigation for wildlife movement?","outhern bald eagles, gopher tortoises, black 
bears, southeastern beach mouse and piping plovers.  County land management 
shall also consider non-listed wildlife populations and continue to explore 
management techniques to ensure biodiversity of plant and animal species on 
suitable public lands.  At minimum, these management efforts and plans shall: 
 
a.  
provide for the coordination of federal, state, local, and private activities 
involving protection of the particular species; 
 
b.  
provide public education programs; 
 
c.  
provide for the minimization of activities which directly or indirectly 
adversely impact the particular species listed above; 
 
d.  
establish management standards for habitat restoration and enhancement, 
and/or relocation of species where appropriate. 
 
12.2.4.6  
The County shall utilize federal and state management guidelines for the 
particular endangered species in reviewing land development and land 
management proposals. 
 
12.2.4.7  
The County shall protect the natural resource values, particularly those relating 
to wildlife habitat and aquifer recharge of Rima Ridge through public and/or 
private easements, public acquisition, land use regulations, or other methods 
deemed appropriate. 
 
12.2.4.8  
The County shall continue to reduce, and eliminate where possible, pollution 
activities which adversely impact endangered species, including illegal dumping 
of solid and hazardous waste and littering near open water bodies, and the 
County shall discourage the use of single use plastics and the outdoor release of 
balloons. 
 
12.2.4.9  
Marine, brackish, and freshwater habitats necessary for the continued ecological 
and economic stability of fisheries, aquaculture, and other water dependent 
wildlife have been identified and shall continue to be protected through, at 
minimum, coordination with the FWC, Florida Department of Environmental 
Protection, and other governmental agencies as appropriate. 
 

Chapter 12 
Page 15 of 18 
 
March 15, 2022 (through CPA 22-002)  
 
12.2.4.10  
The County shall protect manatees by, at minimum, implementing the State 
approved Manatee Protection Plan for Volusia County; including protection of 
manatee habitat; enforcement of boat speeds, safety and water sport activities; 
utilization of the most current state and federal boat facilities permitting standards 
relating to manatee protection; provision of educational programs, and 
dissemination of materials about manatees and their protection at boat launch 
and marina facilities. 
 
AIR QUALITY 
 
GOAL: 
 
12.3 
Maintain and improve air quality for the protection of the natural environment and 
the health, safety, and welfare of the citizens of Volusia County. 
 
OBJECTIVE: 
 
12.3.1  
To maintain the current high levels of air quality to comply with ambient air quality 
standards as established by United States Environmental Protection Agency 
(EPA) and FDEP. 
 
POLICIES: 
 
12.3.1.1 
Any air quality data collected by the county will be provided to the applicable 
agencies responsible for air quality monitoring. Available data will be used to 
assist in the determination of air quality impacts of proposed development 
projects.

tected through public 
acquisition, land use controls, or other methods deemed appropriate. 

Chapter 12 
Page 7 of 18 
 
March 15, 2022 (through CPA 22-002)  
 
 
12.1.3.4  
Volusia County shall maintain land development regulations to control pollutant 
discharges into surface waters from dredge and fill activities. In some instances, 
regulations adopted by Volusia County may be more stringent than state and 
federal policies and regulations.   
 
12.1.3.5 
The expansion of navigable waterways shall be prohibited in Volusia County.  
Maintenance dredging of existing waterways must comply with the Manatee 
Protection Plan and Land Development Code. 
 
12.1.3.6 
Volusia County shall encourage the use of green infrastructure to protect the 
ecological functions of natural drainageways. 
 
OBJECTIVE: 
 
12.1.4  
The County shall assess long-term potable water needs and identify the water 
supply sources that will be utilized to meet the projected demand. 
 
POLICIES: 
 
12.1.4.1  
The County shall adopt and update as necessary, as part of the Potable Water 
Sub-Element, a Water Supply Facilities Work Plan that includes an assessment 
of the long-term potable water needs and sources. 
 
12.1.4.2  
The County shall implement the water supply strategies and relevant policies in 
this Comprehensive Plan to address the long-term potable water supply facility 
needs and sources for the County’s water supply planning areas. 
 
NATURAL COMMUNITIES AND WILDLIFE 
 
GOAL: 
 
12.2  
Protect, conserve, and enhance the ecological resources of the County, 
maintaining their quality and contribution to the quality of life and economic well-
being of Volusia County. 
 
 
OBJECTIVE: 
 
12.2.1  
To provide for the protection of areas determined to be environmentally sensitive, 
and direct growth away from such areas. 
 
 
 

Chapter 12 
Page 8 of 18 
 
March 15, 2022 (through CPA 22-002)  
 
POLICIES: 
 
12.2.1.1 
Existing, relatively uninterrupted expanses of natural resources contained within 
the County shall be managed as an individual unit, providing natural resources 
the highest degree of protection in land development decisions and planning. 
These lands shall comprise the Natural Resource Management Area (NRMA) 
established in the Future Land Use Element.  Areas initially mapped for NRMA 
include the St. John's River Valley; Talbot Terrace; Pamlico Terrace; Rima Ridge; 
and Turnbull Hammock.  Additional areas may be added based on soils, 
topographic, vegetative or other site-specific data.   
 
12.2.1.2  
The County shall promote land use activities compatible with NRMA, the 
boundaries of which are determined by resource data including: ecological 
community mapping; USGS Topographic maps; National Wetland Inventory 
maps; Florida Natural Area Inventory records; available wildlife data; and site 
specific field information. 
 
a.  
Environmental System Corridor (ESC) – This designation consists of 
important ecological corridors comprised of environmentally sensitive and 
ecologically significant lands.  Land use activities occurring within these 
corridors shall not degrade these natural functions and connections. The 
intention is to provide protected, natural pathways which connect to other 
protected areas such as parks, conservation lands and water bodies. This 
inter-connection helps maintain the ecological integrity and ecodiversity of 
the county’s vast natural resources.

hese 
areas contain the highest ecological diversity and functional value.  Direction of urban growth 
away from these areas is a by-product of protecting the natural system.  Protection of wetlands 
is another high priority.  Wildlife protection is accomplished primarily by preserving and 
appropriately managing habitat critical to the survival of wildlife species.  Specific programs 
actively protecting and managing endangered species are also proposed. 
 
In accordance with growth management law, the County of Volusia has developed a Water 
Supply Facilities Work Plan (Work Plan).  The Work Plan strengthens the link between the 
County’s Comprehensive Plan and the regional water supply planning process. The Work Plan 

Chapter 12 
Page 3 of 18 
 
March 15, 2022 (through CPA 22-002)  
 
projects potable water demand based on the anticipated population growth for the planning 
horizon of this Comprehensive Plan and identifies the sources of water that will be needed to 
meet the projected demand.  The Work Plan takes into account alternative sources of water 
identified as options for the County’s Utility system in the St. Johns River Water Management 
District’s (SJRWMD) District Water Supply Plan. 
 
Although air quality is not believed to be a significant issue at this time, provisions are proposed 
to ensure that degradation of the County's air quality is prevented as urban growth continues. 
This growth will also require an increased need for excavations and fill.  Mineral extraction 
resource areas are proposed such that other types of development will not ""lock up"" these 
valuable resources, while minimizing environmental impacts. 
 
The county maintains a robust Geographic Information System.  In addition to the management 
techniques contained in this Element, the County has aggressively protected significant natural 
resource areas for future generations.  This initiative began in 1986 with establishment and 
implementation of a land acquisition program.  This effort was renewed and enhanced in the 
year 2000 when the county’s voters passed a referendum establishing the Volusia Forever 
Program.  This long-term (20 year) initiative is intended to acquire and improve environmentally 
sensitive, water resource, and outdoor recreation lands.  From 2000-2019, the county acquired 
approximately 38,000 acres.  In order to promote efficient acquisition efforts and maximize the 
use of available funds, it is the intention of the County, where feasible, to cooperate with 
appropriate governmental agencies/jurisdictions and to seek out grants and other sources of 
support. 
 
NOTE: Requirements of this Element relating to groundwater resources and hazardous waste 
are presented in the Natural Groundwater and Aquifer Recharge, and Solid Waste Elements, 
respectively. 
 
B. 
GOALS, OBJECTIVES, AND POLICIES 
 
WATER RESOURCES 
 
GOAL: 
 
12.1  
Ensure the protection and improvement of the natural functions and quality of 
Volusia County's Water Resources. 
 
OBJECTIVE: 
 
12.1.1  
To prevent the further degradation of the ambient water quality of the County's 
surface water resources, and to restore to acceptable levels those surface waters 
which exceed Federal, State and local pollutant standards. 
 

Chapter 12 
Page 4 of 18 
 
March 15, 2022 (through CPA 22-002)

ities to protect 
environmentally sensitive lands which extend into adjacent counties and 
municipalities. 
 
12.2.2.7  
Existing expanses of upland native vegetation shall be incorporated where 
appropriate into site and landscaping plans of proposed land development 
projects. 
 
12.2.2.8  
Activities for the restoration and improvement of altered/degraded areas located 
on properties owned by the County shall be incorporated, where appropriate and 
feasible, into the management plans for said properties.  At a minimum, these 
activities should include practices for the control of invasive, exotic, plant species. 
 
OBJECTIVE: 
 
12.2.3  
To eliminate any net loss of wetlands and prevent the functional values of such 
wetlands to be degraded as a result of land development decisions. 
 
POLICIES: 
 
12.2.3.1  
Coastal and riverine wetlands shall be preserved wherever possible.  In cases 
where adverse impacts to such wetlands are found by the County to be necessary 
to the overriding public interest, appropriate mitigation shall be required.  In those 
instances where coastal and riverine wetlands are found to be functionally 
degraded, restoration of such wetlands may be considered as appropriate 
mitigation. 
 
12.2.3.2  
Proposed activities within urban, rural, or agricultural land use categories as 
indicated on the Future Land Use Map (those which are located outside of the 
NRMA) shall protect or enhance existing wetlands. The County shall maintain 
acceptable criteria and designs for wetland modification, and shall address, at 
minimum, provisions for: 
 
 
Maintaining, at least partially, stands of old mature forested vegetation; planting 
of littoral shelves and shorelines with appropriate vegetation in cases where an 
open water system will be created; an overall wetlands management plan which 
will discuss water levels and quality, and the ability of the wetland to attract and 
harbor wildlife species which are compatible in an urban, rural, or agricultural 
setting.  This provision for wetland modification shall not be allowed in wetlands 
which are known or are found to provide habitat to wildlife species which are state 

Chapter 12 
Page 12 of 18 
 
March 15, 2022 (through CPA 22-002)  
 
or federally listed as rare, threatened, endangered, or of special concern, or 
locally designated as such. 
 
12.2.3.3  
Wetland buffer zones or setbacks shall be required landward of all protected 
wetlands occurring in unincorporated Volusia County. 
 
a.  
A buffer zone not less than fifty (50) feet is required for wetlands and 
surface waters occurring within the NRMA.  Wetland buffer zones shall 
consist of intact natural communities comprised predominantly of 
appropriate native vegetative species in the overstory, shrub, and 
understory layers.  Activities within the zone shall be limited to those which 
are shown to be consistent with the intended use of this zone while 
providing for reasonable access to water bodies. 
 
b.  
Proposed activities adjacent to wetlands occurring outside the NRMA shall 
have a minimum twenty-five (25) foot wetland buffer measured from the 
landward extent of the wetlands, as determined by Chapter 62-340, Florida 
Administrative Code.  Wetlands which are hydrologically connected to a 
surface water body, and not located within the NRMA, will be evaluated on 
a case-by-case basis utilizing available site-specific data, including a 
verified wetlands delineation survey.

on of educational programs, and 
dissemination of materials about manatees and their protection at boat launch 
and marina facilities. 
 
AIR QUALITY 
 
GOAL: 
 
12.3 
Maintain and improve air quality for the protection of the natural environment and 
the health, safety, and welfare of the citizens of Volusia County. 
 
OBJECTIVE: 
 
12.3.1  
To maintain the current high levels of air quality to comply with ambient air quality 
standards as established by United States Environmental Protection Agency 
(EPA) and FDEP. 
 
POLICIES: 
 
12.3.1.1 
Any air quality data collected by the county will be provided to the applicable 
agencies responsible for air quality monitoring. Available data will be used to 
assist in the determination of air quality impacts of proposed development 
projects. 
 
12.3.1.2 
Businesses which request development orders after 1991 shall be required to 
install all State pollution control devices and practices, and demonstrate that all 
necessary air quality permits have been approved prior to occupancy. 
 
 
12.3.1.3  
As specified in the Transportation and Capital Improvements Elements, Volusia 
County shall encourage alternative modes of transportation by, at minimum: 
expanding its mass transit system, exploring alternative fuel vehicles, setting up 
a County-wide car-pooling information network, promoting the use of bicycles by 
requiring bike facilities, requiring improved pedestrian sidewalks on and off site, 
building and/or constructing vehicle parking bays and passenger shelters to 
accommodate buses and ride-shares. 
 
12.3.1.4  
Industrial facilities which emit air pollutants shall be sited to avoid detrimental 
impacts to schools (grades K-12), nursing homes, residential neighborhoods and 
highly urbanized centers to reduce adverse impacts of air pollution on adjacent 
residents. 

Chapter 12 
Page 16 of 18 
 
March 15, 2022 (through CPA 22-002)  
 
 
12.3.1.5  
Industrial parks, industrial subdivisions, public and private utilities, and arterial 
roads shall have a vegetation buffer between them and other land use types.  This 
buffer shall include a mix of both taller overstory trees and shrubs (scrub, bushes, 
etc.).  Vegetation with a high carbon dioxide/carbon monoxide exchange shall be 
required in the buffer (i.e., broadleaf species appropriate for site conditions, such 
as oaks, sycamores, and other hardwoods) in places where there are no existing 
trees and planting is required. 
 
12.3.1.6  
Volusia County shall continue to provide air quality information to the public, which 
shall entail, at minimum: 
 
a.  
reduce dependence on and increase efficiency of air-conditioning units 
(i.e., greater use of fans, strategic location of trees, and buildings); 
 
b.  
discuss the problem of vehicle emissions to air quality; 
 
c.  
encourage businesses, to institute flexible or rotating work schedules to 
reduce peak traffic; 
 
d.  
encourage the banning of smoking in businesses and work places;  
 
e. 
encourage the use of green building practices. 
 
12.3.1.7  
Volusia County shall ensure that state and local regulations pertaining to open 
burning are enforced and that alternatives to open burning of debris from land 
clearing, such as composting, mulching, or chipping facilities, are encouraged.","Based on the provided excerpts from the Volusia County comprehensive plan, the following answer can be provided:

Volusia County discusses wildlife crossings, road impacts, or mitigation for wildlife movement in the context of protecting wildlife habitats and corridors.

Specifically, the county aims to protect environmentally sensitive lands, including those that are critical to the survival of wildlife species (Volusia County, p.3). The county also seeks to maintain and enhance the ecological resources of the county, including the protection of areas determined to be environmentally sensitive (Volusia County, p.8).

Regarding wildlife crossings, the county does not explicitly mention wildlife crossings in the provided excerpts. However, the county does discuss the importance of protecting wildlife habitats and corridors, including the Environmental System Corridor (ESC) designation, which consists of important ecological corridors comprised of environmentally sensitive and ecologically significant lands (Volusia County, p.8).

Regarding road impacts, the county does not explicitly mention road impacts in the provided excerpts. However, the county does discuss the importance of protecting environmentally sensitive lands, including those that are critical to the survival of wildlife species, and seeks to minimize activities that directly or indirectly adversely impact these species (Volusia County, p.13).

Regarding mitigation for wildlife movement, the county does not explicitly mention mitigation for wildlife movement in the provided excerpts. However, the county does discuss the importance of protecting wildlife habitats and corridors, including the ESC designation, and seeks to minimize activities that directly or indirectly adversely impact these species (Volusia County, p.13).

In terms of specific policy language, the county has the following policies related to wildlife protection:

* The county shall protect the natural resource values, particularly those relating to wildlife habitat and aquifer recharge of Rima Ridge through public and/or private easements, public acquisition, land use regulations, or other methods deemed appropriate (Volusia County, p.14).
* The county shall protect manatees by implementing the State-approved Manatee Protection Plan for Volusia County, including protection of manatee habitat, enforcement of boat speeds, safety, and water sport activities, and provision of educational programs (Volusia County, p.15).
* The county shall protect coastal and riverine wetlands wherever possible, and require appropriate mitigation in cases where adverse impacts to such wetlands are found to be necessary to the overriding public interest (Volusia County, p.12).

Overall, while the county does not explicitly mention wildlife crossings or mitigation for wildlife movement, it does discuss the importance of protecting wildlife habitats and corridors, and has policies in place to protect environmentally sensitive lands and minimize activities that directly or indirectly adversely impact these species.

Sources:

* Volusia County, p.3
* Volusia County, p.8
* Volusia County, p.13
* Volusia County, p.14
* Volusia County, p.15
* Volusia County, p.12"
"What Wakulla County policies address natural areas, open space, trails, or conservation lands?","Wakulla County Bicycle, Pedestrian, and Blueways Master Plan was developed in 
2012 through the collaborative efforts of state, regional, and local governments, and 
agencies; stakeholders from local organizations and businesses; an Advisory 
Committee; as well as through participation and input from the local community. Its 
purpose was to provide Wakulla County with a specific planning tool that will pinpoint 
specific projects and policy recommendations focused on improving the quality of 
multimodal services within the County. 
It has been consolidated and incorporated into the 2021 Adopted Infrastructure Plan 
to assist the County with identifying gaps in connectivity, with particular attention to 
urban trails, pedestrian infrastructure improvements, and transportation corridors.  
A Proactive Approach 
Strengthening the continuity of preemptive, long-term development, Wakulla 
County created three stand-alone policies for public safety, sewer infrastructure, and 
disaster mitigation. The Public Safety Infrastructure and Proposed Plan to Address 
Future Needs, approved by the Board of County Commissioners (BOCC) on July 13, 
2020, provides an outline for expanding public safety services through co-locations 
of EMS, fire safety, and law enforcement facilities. The Wastewater Facilities Plan, 
adopted through Resolution No. 2020-58 on December 14, 2020, examines the 
capacity of current systems, and summarizes future expansion needs. The Local 
Mitigation Strategy (LMS), as adopted by the BOCC through Resolution No. 2021-27 
on April 5, 2021, identifies proposed projects and programs needed to mitigate the 
impacts of future disasters. The LMS Working Group amends the Priority Projects 
List as needed, with the most recent update occurring on August 10, 2021.  Elements 
from each plan have been integrated into the 2021 Adopted Infrastructure Plan 
Update to ensure continuity. 
LANDS FOR PUBLIC USE AND PRESERVATION 
Wakulla County supports acquisition of land for public use, access, and preservation 
that will expand and enhance outdoor experiences and recreational opportunities for 
its citizens and visitors. Wakulla County also supports maintaining and preserving 
existing historical structures that are defining landmarks of the County’s maritime 
past. Appendix A provides a summary of potential lands that are ideal locations for 
expanding public access, use, and preservation of land and structures. Wakulla County 
may not specifically seek funding for these projects but does encourage and support 
funding by the State or St. Marks National Wildlife Refuge. 
INTRODUCTION 

5 
 
WAKULLA COUNTY  
Adopted Infrastructure Plan 
Adopted by the Wakulla County Board of County Commissioners on November 15, 2021 
Revised November 1, 2021 
 
Public Participation 
 
varied prompts for citizens and visitors. Survey questions for visitors 
detailed frequency and distance of travel, factors prompting a visit, and 
inquiries for suggested infrastructure improvements. Approximately 2% 
of the received completed surveys were submitted by visitors. A 
separate questionnaire designed for residents included inquiries on 
desired recreational amenities, suggested improvements for public 
facilities, coastal restoration and resiliency concerns, emergency service 
needs, and proposals for pedestrian infrastructure improvements.

proved 
the County’s first Adopted Infrastructure Plan (AIP), which provided a footprint for 
strategic decision making concerning major County infrastructure projects and the 
expenditure of tax dollars for these projects. The AIP also allowed staff to pursue 
funding opportunities immediately as they became available by having a Board 
approved cadre of priority projects. Furthermore, the AIP was incorporated into the 
County’s Capital Improvement Plan portion of the County’s Comprehensive Plan 
paving the way for projects to qualify for federal and state funding. 
Over the next four years, the County made many accomplishments by following the 
AIP as a solid foundation for major infrastructure decisions, matching of tax dollars for 
grant funds, and the overall spending of tax dollars. Each success, no matter how small 
or large, resulted in Wakulla County being a better place to live and enjoy for our 
citizens, visitors, and future generations. A summary of all AIP accomplishments from 
October 2014 through October 2016 were included in the 2017 Adopted Infrastructure 
Plan, which was adopted by the Board on July 17. 2017. 
Continuing with this pattern, Wakulla County has advanced the implementation of 
the AIP to ensure that the framework for developing and maintaining our valuable 
resources will contribute to growing a healthy local economy and workforce, 
benefiting Wakulla County’s citizens, businesses, and visitors. Adapting to the 
community’s growing needs, the 2021 Adopted Infrastructure Plan expanded its 
methodology for evaluating existing and new projects. It has been revised to 
incorporate the Wakulla County Bicycle, Pedestrian, and Blueways Master Plan, the 
Public Safety Infrastructure and Proposed Plan to Address Future Needs, the 
Wastewater Facilities Plan, and the Local Mitigation Strategy. A summary of all AIP 
accomplishments from November 2016 through December 2020 is included within 
the 2021 Adopted Infrastructure Plan, which was adopted by the Board on 
November 1, 2021. 
Each project, and its individual elements, is subject to the availability of funding, 
additional public input, and Board approval prior to actual implementation. Some 
projects may require input, collaboration, and approval of federal and/or state 
agencies, especially those that may be funded from federal, state, or foundational 
sources. All projects will be considered for RESTORE Act funds, CARES Act funds, 
grant opportunities as appropriate, and other funding opportunities as they become 
available. 
The Wakulla County Bicycle, Pedestrian, and Blueways Master Plan was developed in 
2012 through the collaborative efforts of state, regional, and local governments, and 
agencies; stakeholders from local organizations and businesses; an Advisory 
Committee; as well as through participation and input from the local community. Its 
purpose was to provide Wakulla County with a specific planning tool that will pinpoint 
specific projects and policy recommendations focused on improving the quality of 
multimodal services within the County. 
It has been consolidated and incorporated into the 2021 Adopted Infrastructure Plan 
to assist the County with identifying gaps in connectivity, with particular attention to 
urban trails, pedestrian infrastructure improvements, and transportation corridors.

ing competitive landscape, and identify 
unique positioning opportunities so that Wakulla resources can be invested first into unmet or underserved 
community needs. This analysis includes private, non-profit, public facilities and providers. Most of the data 
for athletic facilities and indoor recreation space comes mostly from parks and recreation providers. There are 
additional recreation providers within the private or non-profit sector that consume some of the market that 
Wakulla should also be mindful of when planning new facilities, amenities, and programs. 
3.4.1 CURRENT WAKULLA COUNTY FACILITIES AND SERVICES 
Medart Recreation Park and the Wakulla County Community Center and their current programming and 
amenities were used as the focus for the alternative provider analysis.  
Medart Park serves as Wakulla County’s primary outdoor athletic facility and offers a range of amenities 
including: 
• 
Nine (9) baseball/softball diamonds 
• 
Two (2) multipurpose rectangular fields 
• 
Two (2) outdoor basketball courts 
• 
Two (2) sand volleyball courts  
• 
Two (2) batting cages 
• 
Two (2) playgrounds 
• 
One (1) 1.18 mile walking trail 
The park currently offers a variety of youth and adult programming including: 
• 
Tackle Football  
• 
Flag Football 
• 
Cheerleading 
• 
Soccer 
• 
Basketball 
• 
Girls Fast Pitch Softball 
• 
Tee-Ball 
• 
Pitching Machine Baseball 
• 
Cal Ripken Baseball 
• 
Babe Ruth Baseball 
• 
Adult Softball  
• 
Sand Volleyball 
The Wakulla County Community Center in Crawfordville offers indoor and outdoor recreation facilities. The 
25,076 square foot facility currently has various multi-use rooms as well as one court used primarily for 
basketball, volleyball and pickleball activities. Outdoor facilities include two basketball courts, a playground, 
and potential for additional multi-use rectangular fields. 
Other facilities managed by Wakulla County to note are Azalea Park, Hickory Park, Hudson Park, Wooley Park, 
Mashes Sands Beach, Shell Point Beach, Newport Campground, The E. Guy Revell Jr. Nature Trail 
Conservation Area, and Panacea Community Center. Notable amenities at these parks include a playground 
and tennis courts (Hickory Park), a sand volleyball court (Shell Point Beach), meeting rooms, basketball court, 
and a playground (Panacea Community Center).  

Wakulla County FL Park Programming and Operations Plan 
35 
 
3.4.2 ALTERNATIVE PROVIDERS – FACILITIES AND SERVICES 
An analysis of alternative providers was based on typical services and programs that are administered in like 
facilities within the region. Due to a limited number of similar type facilities, amenities, and programs in the 
immediate service area, the radius was expanded from the local area to incorporate regional offerings. 
An alternative provider analysis typically assesses direct and indirect providers within a defined service area. 
For the purposes of this report, direct providers are defined as organizations or businesses that own and 
operate athletic programs and facilities. This includes Wakulla County, which is a direct provider for athletic 
programs and facilities. Indirect providers are defined as those organizations that support programming 
through facilities or other necessary resources but recreation programming is not a primary service that is 
offered by the organization itself.

Marks National Wildlife Refuge. 
INTRODUCTION 

5 
 
WAKULLA COUNTY  
Adopted Infrastructure Plan 
Adopted by the Wakulla County Board of County Commissioners on November 15, 2021 
Revised November 1, 2021 
 
Public Participation 
 
varied prompts for citizens and visitors. Survey questions for visitors 
detailed frequency and distance of travel, factors prompting a visit, and 
inquiries for suggested infrastructure improvements. Approximately 2% 
of the received completed surveys were submitted by visitors. A 
separate questionnaire designed for residents included inquiries on 
desired recreational amenities, suggested improvements for public 
facilities, coastal restoration and resiliency concerns, emergency service 
needs, and proposals for pedestrian infrastructure improvements. 
 
 
Countless personnel and consultants were involved in the 
development of the 2021 Adopted Infrastructure Plan Update. Aiming 
to incorporate public input and community interests into the amended 
plan, the Planning and Community Development Department 
established a multi-strategy assessment to gather additional data. This 
information was primarily gathered through an online survey, with an 
in-person meeting serving as a secondary source. 
 
Open House 
An Open House was held at the UF/IFAS Extension Office on June 24, 
2021, providing the public with an opportunity to share ideas and learn 
about the various departments providing service to Wakulla County. 
Community leaders were present with developed plans for 
infrastructure improvements for parks, public health and safety, 
roadway realignment, sewer infrastructure, and septic-to-sewer 
conversions. Additional personnel were on site to provide information 
on zoning and land use, library and recreation services, official records, 
courts, and County finance. The event served as an effective bridge 
between citizens, elected officials, and staff serving the community. 
Response Considerations 
Community Survey 
Input received during the Open House forum and the Community 
Survey was used to refine and finalize recommendations included 
within the Adopted Infrastructure Plan Update. Many participants 
expressed interest in the amenity improvements of a community pool 
and splash pads. These suggestions have been incorporated into the 
Wakulla Community Center and Hudson Park improvement plans. In 
addition, responses also expressed infrastructure improvements were 
most needed for intersections and roadways, public safety, and sewer 
and stormwater framework. These prompts contributed to the 
development of the Roadway Improvement Plan (see page 38), Fire 
Station Extension Plan (see page 82), Transmission System Upgrades 
Plan (see page 94), and the Septic-to-Sewer Projects Proposal (see 
page 98). Additional public recommendations are in consideration for 
parks, trails, and pedestrian infrastructure improvements. 
To collect contributions from an array of citizens and visitors alike, 
staff developed the Adopted Infrastructure Plan Community Survey 
for both online and in-person completion. The survey was available 
online for thirty (30) days, and was publicized within the Wakulla News, 
on the Wakulla County Board of County Commissioner’s (BOCC) 
Facebook page and noticed on flyers at multiple community facilities. 
With the purpose of collecting as many responses as possible, the 
survey was also available for in-person completion at the Adopted 
Infrastructure Plan Open House on. During its distribution period, the 
survey received over 360 completed responses. The questionnaire was 
designed to collect information based upon residency status, with

tructures across all services. By reducing or eliminating financial barriers for residents, the 
County can make programs more accessible, which may also boost participation while maintaining a high-
quality experience at its facilities. 
Establish and Focus on Core, Mission-aligned Recreational Programming 
Further defining and strengthening core programming areas, such as youth and adult sports, outdoor 
adventure and recreation, and senior activities, will focus future investment on inclusive, affordable, and 
multigenerational recreation opportunities that align with the County’s overall mission rather than trying to 
compete in areas already saturated by private providers. 
 
 
 

Wakulla County FL Park Programming and Operations Plan 
41 
 
CHAPTER FOUR – LEVEL OF SERVICE STANDARDS 
4.1 INTRODUCTION 
A level of service analysis has been performed based on the park sites, trails, open space, amenities, and 
indoor and outdoor facilities offered by Wakulla y and other providers.  
Level of Service (LOS) standards serve as guidelines that delineate service areas based on population, which 
support investment decisions related to parks, facilities, and amenities. These standards are periodically 
updated to align with industry trends and changes in community demographics, as well as community needs. 
The park facility standards are assessed by drawing from a variety of resources. These included market trends, 
demographic data, community input, stakeholder feedback, and general observations. The standards are 
based on population figures for 2025 and 2030, representing the latest estimates available during the analysis. 
Additionally, the existing level of service was derived from an analysis of Wakulla and other service providers 
in the county. This information enabled the customization of standards specifically for Wakulla. 
Finally, these LOS standards should be regarded as a reference point. They should be supplemented by 
practical wisdom and context-specific judgment, considering the unique needs and circumstances of the 
community. By applying these standards to Wakulla County’s population, any discrepancies or excesses in 
park and facility offerings become evident. 
4.2 FINDINGS 
According to the Level of Service analysis, there are some needs to address in effectively serving the Wakulla 
County community both today and in the future. While the existing level of service for some facilities and 
amenities is covered by the county or other providers, there remain specific areas that fall short as the 
population of the county will see moderate future growth. Notably: 
- 
Rectangular Fields and Ball Diamonds (Baseball and Softball): Wakulla County’s current level of 
service falls short of national standards for similar populations size, especially for rectangular fields. 
The recommended level of service for both types of fields calls for both current and future needs of up 
to two more rectangular fields and two more ball diamonds. 
- 
Outdoor Amenities: Current and future needs exist for tennis courts, pickleball courts, playgrounds, 
a skateboard park, splash pad, and outdoor pool. Future needs also exist for park shelters. 
- 
Indoor 
Recreation 
Space: 
Wakulla 
County 
currently 
meets 
the 
standard 
for 
indoor 
recreation/community space, however, shows a future need of 2,554 square feet for this type of 
space. There are also current and future needs for indoor aquatic space.","Based on the provided excerpts, the following Wakulla County policies address natural areas, open space, trails, or conservation lands:

1. **Acquisition of land for public use and preservation**: Wakulla County supports the acquisition of land for public use, access, and preservation that will expand and enhance outdoor experiences and recreational opportunities for its citizens and visitors. [Wakulla County, p.3-5]
2. **Maintenance and preservation of existing historical structures**: Wakulla County also supports maintaining and preserving existing historical structures that are defining landmarks of the County's maritime past. [Wakulla County, p.3-5]
3. **Conservation Area**: The E. Guy Revell Jr. Nature Trail Conservation Area is mentioned as one of the facilities managed by Wakulla County. [Wakulla County Programming and Operations Plan Draft FINAL 251010.remediated.pdf, p.35]
4. **Level of Service Standards for Parks and Facilities**: The Level of Service analysis performed by Wakulla County identified needs to address in effectively serving the community, including:
	* Rectangular Fields and Ball Diamonds: The recommended level of service calls for both current and future needs of up to two more rectangular fields and two more ball diamonds. [Wakulla County Programming and Operations Plan Draft FINAL 251010.remediated.pdf, p.41-42]
	* Outdoor Amenities: Current and future needs exist for tennis courts, pickleball courts, playgrounds, a skateboard park, splash pad, and outdoor pool. Future needs also exist for park shelters. [Wakulla County Programming and Operations Plan Draft FINAL 251010.remediated.pdf, p.41-42]
	* Indoor Recreation Space: Wakulla County currently meets the standard for indoor recreation/community space, however, shows a future need of 2,554 square feet for this type of space. There are also current and future needs for indoor aquatic space. [Wakulla County Programming and Operations Plan Draft FINAL 251010.remediated.pdf, p.41-42]
5. **Trail and Pedestrian Infrastructure Improvements**: The Adopted Infrastructure Plan Update included public recommendations for parks, trails, and pedestrian infrastructure improvements. [Wakulla County, p.4-6]

Note that while these policies and recommendations are mentioned in the provided excerpts, they may not be enforceable policies, but rather goals, objectives, or recommendations."
"Does Walton County require habitat surveys, species reviews, or biological assessments in development review?","in the form of narratives, 
tables, graphics, videos, maps and other appropriate documentation as Walton County may require. 
(A) A description of any changes in land ownership (excluding lot sales to end users) including the 
successor in interest, size, location, land use category and the amount of development rights 
authorized through a DSAP allocated to the purchaser. 
(B) A listing of any substantial local, state and federal permits, which were obtained, applied for, or 
denied, since the last monitoring report, specifying the agency, type of permit, parcel, location(s) 
and activity for each permit. 
(C) A summary of development activity proposed or conducted since the previous report including 
residential units and gross floor area of non-residential uses, and site improvements. The 
development activity shall be compared in an ongoing ledger to that allowed by the applicable 
DSAP. 
(D) A summary of development activity anticipated for the upcoming one and five year time periods 
including anticipated residential units and gross floor area of non-residential uses, and their 
locations. Since the actual development activity will be based on market conditions which are 
subject to change, the anticipated development activity is provided for planning purposes. 

Page 65 of 70 
 
 
WALTON COUNTY COMPRHREHENSIVE PLAN POLICY DOCUMENT |FUTURE LAND USE ELEMENT
AMENDED 12/11/18, AMENDED 4/9/2019, AMENDED 8/11/2020, AMENDED 4/27/2021 
(E) The status of wetlands and uplands identified for conservation including the location and acreage 
of those lands set aside for permanent protection through a conservation easement or 
dedication of title to a conservation entity. 
(F) How development patterns are fulfilling the urban design polices applicable to the Bay-Walton 
Sector Plan. 
(G) Public Facilities and Services 
1. 
Identification of improvements to public facilities and services that have been completed 
since the previous annual report. 
2. 
Identification of improvements to public facilities and services necessary to support 
anticipated development over the upcoming one and five year time periods and the status 
of current plans to complete the improvements including an analysis of anticipated 
expenses and revenue sources for: 
i. 
Transportation System 
ii. 
Water Supply 
iii. Wastewater Treatment and Disposal 
iv. Stormwater 
v. 
Parks and Recreation 
vi. Solid Waste 
vii. Public Schools 
viii. Emergency Services including Sheriff, EMS, Fire 
ix. General Government and other impacted Facilities and Services 
(H) An analysis of whether fiscal neutrality is being achieved. The intent of fiscal neutrality is that the 
costs of additional local government facilities and services that are built or provided for the Bay-
Walton Sector Plan shall be funded by properties within the Bay-Walton Sector Plan. 
The developer shall provide the annual Bay-Walton Sector Plan Monitoring Report to the Walton 
County Director of Planning and Development Services. As the master applicant, The St. Joe 
Company will retain ongoing responsibility for preparation of the annual report. Should lands be 
sold to other interests, the annual report responsibility will be shared, with The St. Joe Company 
serving as lead. Failure to timely submit the report may lead to a withholding of development 
permits. Bay-Walton Sector Plan Monitoring Reports shall be coordinated with Walton County, 
local, regional and state agencies, and made available to the public via the Bay County and 
Walton County internet site. 
The master applicant shall make a good faith effort to obtain information related to the public 
facilities and services outlined in Policy BW-1.17.1(G) above from the public agencies that 
oversee the applicable public facility or service. Failure by the public agencies to provide

esources.  The County 
shall assist in the application of and compliance with all state and federal regulations that pertain to 
endangered, threatened, or species of special concern, and guidelines by the FFWCC and the U.S. Fish 
and Wildlife Service. Additionally the County will provide protection for areas known to provide habitat 
for these species by not issuing any development order or development permit until proof is provided 
by an applicant that all necessary state and federal requirements relating to such species have been 
met. 
 
Policy C-1.7.2: The County shall request assistance from the FDEP, TDC and local businesses in setting 
up displays and programs that increase public awareness of the need to protect coastal resources and 
other living marine resources, including: 
 
1. 
Protection of sea turtle nests, through neighborhood watch programs, fencing, 
signage, and waterfront lighting that does not distract hatchlings away from the 
ocean, or disorient turtles from nesting on the beach; 
2. 
Protection of oyster beds and seagrasses, through maintenance of waterfront sewage 

Page 8 of 12 
 
 
WALTON COUNTY COMPRHENSIVE PLAN POLICY DOCUMENT | CONSERVATION ELEMENT
AMENDED 6/18/2018
disposal systems, management of stormwater, pesticides and herbicide runoff, and 
signage to warn boaters of oyster bed or seagrass areas; and 
3. 
Protection of dune vegetation, through development of dune walkovers, signage 
programs and educational material and programs on planting of native vegetation. 
 
Policy C-1.7.3: In order to protect native vegetative communities as described by the Florida Natural 
Areas Inventory (FNAI), as occurring in Walton County, all new development shall be required to 
comply with the following native vegetation preservation requirements: 
 
A. Native vegetation shall be identified on a site-by-site basis using the most recent version of 
FNAI, or LANDSAT maps, soil surveys of the Natural Resource Conservation Service or other 
best available data source. The developer shall design and locate improvements to minimize 
the removal of natural vegetation. Because the clearing of land as an adjunct of construction is 
defined as development and requires a permit from the County, no land alteration, clearing or 
grubbing may be carried out prior to issuance of a final development order, development 
permit, land clearing permit, or building permit. 
 
1. 
Preservation of Vegetative Communities south of the Choctawhatchee 
Bay: 
 
a. Natural communities identified by the most recent version of the as 
“Coastal Uplands” by the FNAI Guide to Natural Communities incorporated 
herein by reference, including Beach Dune, Coastal Berm, Coastal Grassland, 
and Coastal Strand vegetation. 
 
(1) Within Coastal Upland vegetative communities located seaward of the 
CPZ and/or within the CPZ, the applicant for development approval is required 
to preserve, in its existing state, ninety-five (95) percent of such native 
vegetation. Notwithstanding this limitation, dune walkovers are allowed 
within such coastal upland communities if permitted by the appropriate state 
and federal agencies. For redevelopment scenarios where native vegetation 
no longer exists within this area, restoration is required.

ed and consistent with the Public School Facilities Element of 
the Walton County Comprehensive Plan. 
Policy BW-1.16.6: During the Evaluation and Appraisal Review, the County shall review the extent to 
which the Bay-Walton Sector Plan Policies and Objectives have been accomplished. 
Policy BW-1.16.7: Prior to the initiation of a new DSAP or a new phase within an approved DSAP, 
Walton County shall evaluate the adopted DSAP as it relates to any subsequent phase for its impact on 
applicable local and regional resources, including public utilities, public services and infrastructure and 
potential impact to adjacent and affected jurisdictions. The County shall also evaluate its consistency 
with Bay-Walton Sector Plan Element and Section 163.3245, F.S. This evaluation shall be performed 

Page 64 of 70 
 
 
WALTON COUNTY COMPRHREHENSIVE PLAN POLICY DOCUMENT |FUTURE LAND USE ELEMENT
AMENDED 12/11/18, AMENDED 4/9/2019, AMENDED 8/11/2020, AMENDED 4/27/2021 
using all applicable regulatory provisions and shall utilize a fiscal analysis addressing the criteria specified 
in Policy BW-1.7.2. The evaluation shall consider the development that has been permitted to date as 
well as any environmental surveys and monitoring and modeling required for analyzing additional 
transportation requirements. This evaluation shall be submitted to the Department of Economic 
Opportunity (DEO), West Florida Regional Planning Council, Florida Department of Environmental 
Protection, Northwest Florida Water Management District, Bay County Transportation Organization, 
Okaloosa-Walton Transportation Organization, the Florida Department of Transportation, local, 
regional, and state resources, and all adjacent and potentially affected jurisdictions for review and 
comment prior to approval of the new DSAP or phase of development. No new DSAP or phases shall be 
approved until the developer commits its fair share for any significant impacts to the applicable local, 
regional, and state resources, including public utilities, public services, and infrastructure are mitigated, 
this includes, where applicable, corridor and right-of-way preservation. 
Policy BW-1.16.8: Coordinate with established public transportation agencies in the area (local and 
regional) to ensure that public transportation, including transit, is accommodated and to identify 
funding sources for public transportation improvements, types of public transportation improvements, 
improvement locations, and connections to existing services. 
Objective BW-1.17: The Bay-Walton Sector Plan planning process shall be continuous and ongoing. To 
assist with tracking year-by-year implementation the developer shall submit an annual Bay-Walton 
Sector Plan Monitoring Report to Walton County. 
Policy BW-1.17.1: Every 12 months following the effective date of the Sector Plan the developer shall 
submit a Sector Plan Monitoring Report providing the following information in the form of narratives, 
tables, graphics, videos, maps and other appropriate documentation as Walton County may require. 
(A) A description of any changes in land ownership (excluding lot sales to end users) including the 
successor in interest, size, location, land use category and the amount of development rights 
authorized through a DSAP allocated to the purchaser. 
(B) A listing of any substantial local, state and federal permits, which were obtained, applied for, or 
denied, since the last monitoring report, specifying the agency, type of permit, parcel, location(s) 
and activity for each permit. 
(C) A summary of development activity proposed or conducted since the previous report including 
residential units and gross floor area of non-residential uses, and site improvements.

tegies provided for in Chapter 163 and the Walton County comprehensive plan. 
5. 
A natural resources map for the DSAP boundary and an analysis demonstrating the 
suitability of the area for the proposed use and identifying the lands within the DSAP 
designated as the Long Term Conservation Area. 
6. 
A detailed analysis with identification of specific measures to protect the regionally and sub-
regionally significant natural resources and jurisdictional wetland areas both within and 
adjacent to the proposed DSAP. Natural resources located within the DSAP boundary as 
identified on the required natural resources map will be protected consistent with Bay-
Walton Sector Plan Element of the Walton County Comprehensive Plan including Objectives 
BW-1.8 – BW-1.12 and supporting policies. 
7. 
Principles and guidelines that address the urban form proposed by the DSAP and its inter-
relationship with other components/future DSAPs needed to implement the full Long Term 
Master Plan. 
8. 
An updated transportation analysis that incorporates the best available data and analysis, 
including traffic data, land use data, updated travel demand models, current committed and 
planned roadway improvements, and improvement cost estimates. Prior to the preparation 
of such analyses, the traffic methodology will be coordinated with both Walton County and 
the FDOT to ensure that each agency’s review needs are adequately addressed. 

Page 37 of 70 
 
 
WALTON COUNTY COMPRHREHENSIVE PLAN POLICY DOCUMENT |FUTURE LAND USE ELEMENT
AMENDED 12/11/18, AMENDED 4/9/2019, AMENDED 8/11/2020, AMENDED 4/27/2021 
9. 
The need for an accommodation of various multimodal travel opportunities that 
accommodates modal choice opportunities within and between DSAPs within the Bay-
Walton Sector Plan including bicycle and pedestrian facilities and public transportation 
services if available, including the need to accommodate beach access and transportation to 
the beach, if applicable. It is the overarching intent of the Bay-Walton Sector Plan that 
DSAPs incorporate the best practices in bicycle/pedestrian and transit friendly design, and 
that future residents of the communities be given options for travel choices. 
10. The Districts that are identified on Map 2 identify where urban uses are permitted in order 
to prevent urban sprawl. The Long Term Master Plan has identified those areas where 
development will occur and those areas where natural resource preservation, recreation, 
open space and agricultural/timber activities shall occur. While these boundaries are 
general in nature, they are based upon environmental data collected in conjunction with the 
approval of the Regional General Permit and Ecosystem Management Agreement issued for 
the Bay-Walton Sector Plan or consistent with the methodology used in the Regional 
General Permit and Ecosystem Management Agreement approvals. The environmental 
resources shall be specifically identified and established with the creation of each DSAP. 
11. The DSAP effective date will coincide with the long-term preservation of lands designated as 
Long-Term Conservation Area within the boundary of the DSAP. 
Policy BW-1.1.10: DSAP Process.

ay-Walton Sector Plan. 
• 
Continuous updating of an accurate and reliable Long Term Master Plan identified as the Bay-
Walton Sector Plan, depicting long-term conservation/preservation areas, open space, general 
land uses planned for urban development and transportation systems. 
• 
Work with the Walton County School Board to coordinate location of future needed educational 
facilities. 
• 
Providing guidelines for planned unit or mixed use development projects 
• 
Encourage a wide-range of housing types for different ages with an age-restricted component 
• 
Promote economic development. 
• 
Provide adequate public recreation and open space for area residents. 
• 
Plan for the public facilities (transportation, water and sewer) that will be needed to serve the 
Bay-Walton Sector Plan. 
OBJECTIVE BW-1.1: Provide a long-range vision for the preservation and development of eastern 
Walton County and western Bay County to direct growth, development and resource protection 
within the Bay-Walton Sector Plan boundary. 
Policy BW-1.1.1: The Bay-Walton Sector Plan meets the requirements of Section 163.3245, F.S. The Bay-
Walton Sector Plan combines the lands already approved under the West Bay Sector Plan with 
additional lands in western Bay County and eastern Walton County. Only the Walton County lands 
within the Bay-Walton Sector Plan boundary are required to be consistent with these policies. The Bay-
Walton Sector Plan provides a long-term plan for approximately 110,500 acres in Bay and Walton 
Counties. All of the goals, objectives and policies that apply to the development of the Bay-Walton 
Sector Plan are contained in the Bay-Walton Sector Plan Element unless specifically referenced in the 
Bay-Walton Sector Plan Element. 
In Walton County, the Bay-Walton Sector Plan boundaries are generally west of the Bay County line, 
north of US 98 (except for the WaterSound DRI), east of Point Washington State Forest and south of 
State Road 20 and Black Creek Road. In Bay County, the Bay-Walton Sector Plan boundaries are 
generally east of the Walton County line, north of US 98, south of State Road 20 and west of State Road 
77 and includes State Road 79 and Highway 388. The Bay-Walton Sector Plan boundaries are identified 
on Map 2. The Bay-Walton Sector Plan is composed of the Long Term Master Plan (Map 2), the Long 

Page 32 of 70 
 
 
WALTON COUNTY COMPRHREHENSIVE PLAN POLICY DOCUMENT |FUTURE LAND USE ELEMENT
AMENDED 12/11/18, AMENDED 4/9/2019, AMENDED 8/11/2020, AMENDED 4/27/2021 
Term Master Plan: Walton County Property (Map 6), the Conceptual Primary Roadway Network (Map 3) 
and the Bay-Walton Sector Plan policies. 
Policy BW-1.1.2: The Walton County lands of the Bay-Walton Sector Plan meet all the requirements of 
Section 163.3245, F.S. except the acreage requirement. The Bay-Walton Sector Plan must be adopted in 
Bay County and become effective for the Bay County subject lands in order for the Bay-Walton Sector 
Plan to be adopted for the Walton County subject lands. While the Bay-Walton Sector Plan is to be 
located in both Bay County and Walton County, Walton County’s land use authority is limited to the 
Walton County subject lands. Walton County will coordinate with Bay County in the development of the 
Bay County lands and is considered an affected party pursuant to Section 163.3184(1)(a), F.S.","Based on the provided excerpts from the Walton County comprehensive plan, it appears that Walton County requires habitat surveys, species reviews, or biological assessments in development review, but with some limitations and conditions.

Excerpt 2, Policy C-1.7.2, states that the County shall request assistance from the FDEP, TDC, and local businesses in setting up displays and programs that increase public awareness of the need to protect coastal resources and other living marine resources, including protection of sea turtle nests, oyster beds, and seagrasses [Walton County, p.8]. However, this policy does not explicitly require habitat surveys or species reviews.

Excerpt 2, Policy C-1.7.3, states that all new development shall be required to comply with native vegetation preservation requirements, which include preserving 95% of native vegetation in coastal upland communities [Walton County, p.8]. This policy does not explicitly require habitat surveys or species reviews, but it does require preservation of native vegetation.

Excerpt 3, Policy BW-1.7.2, states that the County shall evaluate the adopted DSAP as it relates to any subsequent phase for its impact on applicable local and regional resources, including public utilities, public services, and infrastructure, and potential impact to adjacent and affected jurisdictions [Walton County, p.64]. This policy does not explicitly require habitat surveys or species reviews, but it does require an evaluation of the DSAP's impact on local and regional resources.

Excerpt 4, Policy BW-1.1.10, states that the DSAP process shall include a natural resources map and an analysis demonstrating the suitability of the area for the proposed use and identifying the lands within the DSAP designated as the Long Term Conservation Area [Walton County, p.37]. This policy does not explicitly require habitat surveys or species reviews, but it does require a natural resources map and analysis.

Excerpt 5, Policy BW-1.1.1, states that the Bay-Walton Sector Plan meets the requirements of Section 163.3245, F.S., and that the plan combines the lands already approved under the West Bay Sector Plan with additional lands in western Bay County and eastern Walton County [Walton County, p.32]. This policy does not explicitly require habitat surveys or species reviews.

In summary, while the Walton County comprehensive plan requires preservation of native vegetation and evaluation of the DSAP's impact on local and regional resources, it does not explicitly require habitat surveys, species reviews, or biological assessments in development review. However, the plan does require a natural resources map and analysis, which may include habitat surveys or species reviews.

Sources:

* Walton County, p.8 (Excerpt 2, Policy C-1.7.2)
* Walton County, p.8 (Excerpt 2, Policy C-1.7.3)
* Walton County, p.64 (Excerpt 3, Policy BW-1.7.2)
* Walton County, p.37 (Excerpt 4, Policy BW-1.1.10)
* Walton County, p.32 (Excerpt 5, Policy BW-1.1.1)"
Compare open space or conservation area requirements in Orange County and Pasco County.,"rior to issuance of the first
Certificate of Occupancy or where a Certificate of Occupancy is not required, prior to the final inspection,
and the setbacks shall be measured from the upland buffer line.
f.
Requirements for maintenance of wetlands and required upland buffers platted as conservation areas by the
homeowners' association/ Community Development District/merchants' association or other entity as
approved by the County.
POLICY CON 1.3.14: PUBLIC INFRASTRUCTURE
Pasco County shall, where feasible and practicable, locate and design roadway improvements to minimize the
acreage of adversely altered, jurisdictional wetland areas, minimize direct and indirect impacts on rivers, lakes,
and streams, and minimize impacts on endangered and threatened species and species of special concern.
OBJECTIVE CON 1.4: ENVIRONMENTAL LANDS ACQUISITION AND MANAGEMENT
PROGRAM
Seek to permanently protect environmentally sensitive lands through the County's Environmental Lands Acqui-
sition and Management Program.
POLICY CON 1.4.1: PURCHASE OF ENVIRONMENTALLY SENSITIVE LANDS
Pasco County shall continue to purchase environmentally sensitive lands through the Environmental Lands
Acquisition and Management Program which is designed to:
a.
Protect natural communities including uplands and wetlands, connect natural linkages, conserve viable
populations of native plants and animals, protect habitat for listed species, protect water resources and
wetland systems, protect unique natural resources, enhance resource-based recreational opportunities, and
expand environmental education opportunities.
b.
Provide opportunities for both existing residents and future generations to enjoy these lands for resource-
based recreation and educational uses.
POLICY CON 1.4.1
CONSERVATION ELEMENT
CH3:17

c.
Maximize the effectiveness of local tax dollars by using them to match funds available from Federal, State,
municipal, private, nonprofit, and water management district land acquisition funding sources.
d.
Recognize that sensitive conservation goals can be achieved by alternatives to traditional fee simple
acquisition. The acquisition of conservation easements is encouraged by the Environmental Lands Acqui-
sition and Management Program and can result in maximizing environmentally sensitive lands acquisition
and rewarding good private stewardship of the lands, while keeping property on the tax rolls.
POLICY CON 1.4.2: ENVIRONMENTAL LANDS STAFF
Pasco County shall support the Environmental Lands Acquisition and Management Program through the efforts
of an Environmental Lands Program Manager and Coordinator, whose responsibilities include attending
meetings of the Environmental Lands Acquisition Selection Committee, providing data to the Environmental
Lands Acquisition Selection Committee for the assessment of nominated parcels of lands, recommending parcels
for the consideration of the Board of County Commissioners, soliciting matching funds from State and Federal
partnership agencies to maximize the acquisition revenue in Pasco County, and the coordination of resource
management plans for acquired lands.
POLICY CON 1.4.3: ENVIRONMENTAL MANAGEMENT PLANS
Pasco County shall ensure the protection and proper use of environmentally sensitive lands acquired by the
County through Environmental Lands Acquisition and Management Program or dedicated to and accepted by
the County within a critical linkage by developing environmental management plans.

llons of fresh water each year. Other water conservation
activities of the County are described below. Indoor and outdoor water conservation checklists are posted on the
Pasco County website.
Pasco County Ordinance No. 01-08
Appendix
PASCO COUNTY COMPREHENSIVE PLAN
CH10:54

Since 2001, the Pasco County Board of County Commissioners (BCC) has maintained a once-a-week, residential,
lawn-irrigation limitation. Highlights of Pasco County Ordinance No. 01-08 include the following:
1.
One day-per-week irrigation limitation on potable water usage.
2.
Curtailed use of potable water for irrigation when rain has occurred within 24 hours.
3.
Twice-a-week limitation on reclaimed-water usage.
4.
Washing of nonbusiness, personal vehicles only using low-volume methods and over nonimpervious
surfaces.
5.
Prohibiting aesthetic uses of water unless such use also provides a necessary aeration or water-quality
benefit.
6.
Use of reclaimed water for road construction activities when available.
Enforcement of this ordinance is the responsibility of the Code Enforcement Division.
Pasco County Ordinance No. 93-16 requires each new development to construct a reclaimed-water distribution
system as a condition of wastewater service when the development is within designated areas in the PCMRS and
when providing the development with reclaimed-water supply is determined to be in the best interest of the
County.
The PCMRS began to take shape in 1986 as various private wastewater systems were acquired by the County and
subregional wastewater plants were starting to be developed by the County to consolidate many of the smaller
private systems. The early reuse system was originally designed for reuse of treated effluent from the County-
owned plants through rapid-rate infiltration basins and through irrigation of customers' properties within Pasco
County.
As the system has grown, all the independent reuse systems providing service for the County's eight individual
WWTPs have been interconnected, facilitating more efficient, reliable delivery and operational management.
More recently, the New Port Richey WWTP has also been connected as a source of reclaimed water for the
consolidated PCMRS.
The PCMRS now provides irrigation to more than 12,000 residential properties in addition to numerous golf
courses (13 total), schools (15 total), parks, and other industrial and commercial properties within the County,
including 700 acres of agricultural lands. Expansion of the PCMRS has been supported throughout the entire
period of system growth by the SWFWMD. The SWFWMD has been the County's partner in funding the
expansion of the PCMRS through its cooperative funding program of approximately $17,000,000.00. Expansion
of the PCMRS has been made possible with other recent State-funding resources, such as the Water Protection
and Sustainability Trust Fund.
A report summarizing the operation of the PCMRS is prepared and submitted to the FDEP each year. The
following table has been prepared to demonstrate the availability of reclaimed water and the increasing reuse of
this available water within the PCMRS over the past five years. It should be noted from this table that Pasco
County has reused all of the available supply within recent years. The PCMRS Map is provided in the Map
Appendix.
Appendix
PUBLIC FACILITIES ELEMENT
CH10:55

Development Review Committee prior to development approval.
The County has entered into Interlocal Agreements with municipalities within the County, (i.e., Zephyrhills,
Dade City, St. Leo, San Antonio, Port Richey, and New Port Richey), to provide water through emergency
interconnects when County facilities are not available.
Conservation
Pasco County operates the most dynamic reclaimed-water systems in the country. The Pasco County Master
Reuse System (PCMRS) is the jewel of Pasco County's conservation initiatives, instrumental in lessening overall
potable water consumption. Conservation of the water supply is also accomplished through coordination with
developers and SWFWMD. Pasco County requires all new developments to comply with Building Code
regulations on water-conserving fixtures. In addition, SWFWMD has partnered with the County and provides
funding for the exchange of high-volume toilets with low-flow model toilets. The Pasco County Utilities Services
Branch has also implemented a tiered-rate structure that promotes water conservation.
Environmental
Pasco County has established an extensive network of environmental monitoring stations. Those stations are
strategically sited to monitor water levels and wetland health near major production facilities in order to identify
impacts to aquatic systems that result from groundwater withdrawals. Data is collected and analyzed to determine
relationships between water levels and wetland health, taking into account water production and other environ-
mental factors. Pasco County works closely with the regional suppliers and SWFWMD to monitor and mitigate,
if necessary, any adverse environmental impacts.
Appendix
PUBLIC FACILITIES ELEMENT
CH10:49

10-YEAR WATER SUPPLY FACILITIES WORK PLAN
The Work Plan contains several parts, including the current status of the resource, conservation activities,
environmental considerations, and capital improvements. Each of these sections is reflected below with support-
ing data and analysis.
Pasco County has established its water policy to be consistent with those of the SWFWMD. The Goals,
Objectives, and Policies for each area of concern, including Conservation, Future Land Use (FLU), Capital
Improvements, Public Facilities, and Intergovernmental Coordination Elements (ICE), reflect the goals and
policies of the SWFWMD. A matrix reflecting the consistency between the policies of the District and the County
is provided in Appendix C.
STATUS OF THE RESOURCE (SUPPLY AND DEMAND)
TBW provides water to Pasco County Utilities at four delivery points: (1) U.S. 41, (2) Odessa Intertie, (3) Lake
Bridge, and (4) West Pasco. The annual average daily flow (AADF) was 28.4 mgd during the fiscal year ending on
September 30, 2012. The historical delivery of water and forecasted quantities (AADF) for water supply from
TBW is provided in the following table.
TABLE 1.2
PASCO COUNTY, WATER FROM TBW DELIVERY POINTS (mgd)
Water Year
Connection - U.S. 41
Demand
Connection - Odessa
Demand
Connection - Lake Bridge
WEP
Connection - West
Pasco TM*
Point of Connections
Sum
2006
6.35
4.46
3.28
9.70
23.79
2007
6.29
4.72
3.66
9.41
24.08
2008
6.37
4.76
5.91
7.49
24.53
2009
6.05
4.94
5.39
4.78
21.16
2010
7.16
4.15
4.72
3.86
19.89
2011
7.29
4.42
5.19
4.86
21.76
2012
8.60
4.43
5.02
4.79

s. 
R1.3.3 
Orange County shall encourage acquisition of public resource-based parkland through the 
Conservation Trust Fund (CTF) wherever possible. The use of the fund for activity-based 
parks is prohibited. (Added 12/00, Ord. 00-25) 
R1.3.4 
Orange County shall continue to investigate other funding sources for public park land 
acquisition, facilities and maintenance. 
R1.3.5 
Orange County shall preserve and maintain existing public parks and recreation facilities 
through the use of adequate operating budgets and proper management techniques. 
R1.3.6 
Orange County shall assist non-profit land trusts that are established in Orange County 
for the purpose of receiving and managing public park and recreation lands through the 
provision of information and technical assistance. 
 
 
 

RecreaƟon Element  
 
R‐5 
OBJ R1.4 
Orange County shall continue to pursue public access to existing and  future 
Orange County parks by developing programs consistent with the Parks and 
Recreation and Trails Master Plans and implementation of the Land 
Development Code. (Amended 11/13, Ord. 2013-22) 
POLICIES 
R1.4.1 
Orange County public parks shall be designed and constructed with access ways that are 
compatible with the natural features and character of the individual park area. 
R1.4.2 
Orange County shall ensure that sidewalks and/or bikeways are provided to link 
residential areas to park sites where feasible. 
R1.4.3 
Orange County shall continue to promote the development of all-purpose trails, including 
biking, hiking, and equestrian trails, and to provide non-motorized vehicular linkage 
between park sites, as illustrated in the Trails Master Plan. (Amended 11/13, Ord. 2013-
22) 
 
R1.4.4 
The Parks and Recreation Master Plan shall look for appropriate sites for development of 
boat ramps/launches on and adjacent to public waterways and lakes and shall contain 
programs to promote the development of these sites. (Amended 11/13, Ord. 2013-22) 
 
R1.4.5 
Orange County shall ensure the provision of parking areas and bicycle racks, where 
appropriate, at recreation sites. 
R1.4.6 
Orange County shall continue to ensure the provision of parking spaces, barrier free 
access, and park programs are accessible to and accommodate patrons with special 
needs. 
R1.4.7 
Orange County shall continue to coordinate with local transit providers for the provision 
of mass transit routes to public activity-based parks and facilities. (Added 12/00, Ord. 00-
25) 
R1.4.8 
The Orange County Parks and Recreation Division shall continue to distribute information 
to inform and educate the residents of Orange County about the public park and 
recreation system. 
R1.4.9 
Orange County shall continue to pursue a Countywide multi-use trails system through 
implementation of the Trails Master Plan. 
R1.4.10 
Orange County shall continue to pursue the acquisition of abandoned railroad rights-of-
way for use as recreational and wildlife corridors.   
 
 
 

RecreaƟon Element  
 
R‐6 
OBJ R1.5 
To avoid duplication of services and promote efficient use of land and funding, 
Orange County shall continue to coordinate efforts with other local 
governments, agencies, and private development entities.

ol activities. (Added 12/00, Ord. 00-25; Amended 6/10, 
Ord. 10-07) 
C1.4.8  
Orange County shall continue to seek out innovative partnerships and opportunities to 
preserve and conserve its natural resources in a balanced approach that ensures multiple 
and compatible uses of those lands while providing just compensation to the landowner. 
(Added 12/00, Ord. 00-25) 
C1.4.9  
An upland buffer of a minimum of 25 feet is recommended, unless otherwise stated 
elsewhere in Orange County Code or in the Orange County Comprehensive Plan for all 
wetland systems unless scientific data dictate a larger or smaller buffer based on wetland 
function or local conditions. This shall be incorporated into Chapter 15 of the Orange 
County Code. (Amended 6/10, Ord. 10-07, Amended 10/10, Ord. 2010-13) 
 
 

ConservaƟon Element 
 
C‐7 
OBJ C1.5  
Orange County shall require proper soil management practices, appropriate 
best management practices, and use of technology be implemented to prevent 
pollution from impacting the County’s Municipal Separate Storm Sewer (MS4) 
and Surface Waters as outlined in the County’s MS4 National Pollutant 
Discharge Elimination System (NPDES) permit. 
POLICIES 
C1.5.1  
RESERVED  
C1.5.2  
Orange County shall implement policies and practice that minimize soil erosion and 
sedimentation. (Added 12/00, Ord. 00-25; Amended 10/10, 2010-13) 
C1.5.3  
RESERVED 
C1.5.4  
Orange County shall incorporate regulations into the Land Development Code concerning 
soils and their suitability for future development. These regulations shall include 
restricting development in areas with hydric soils, preservation of groundwater recharge 
areas, and controlling the location of individual on-site sewage disposal systems. 
(Amended 6/10, Ord. 10-07) 
C1.5.5  
Orange County shall continue to require and enforce State required minimum Best 
Management Practices to protect soils during development activities. (Added 12/00, Ord. 
00-25) 
C1.5.6  
Orange County shall provide information regarding training opportunities that instruct 
private entities and County Staff on erosion control and best management practices as 
required by the National Pollutant Discharge Elimination System (NPDES) permit. 
C1.5.7 
Orange County shall require proposed development in, on, or near contaminated soils to 
properly address the contamination prior to any approvals allowing disturbance of the 
contaminated soils with land clearing, mass grading, and/or construction. (Added 6/10, 
Ord. 10-07) 
C1.5.8 
Development on any soils in which buried waste is found shall comply with the guidelines 
established in the most recent version of the “Guidance for Disturbance and Use of Old 
Closed Landfills or Waste Disposal Areas in Florida,’’ published by the Florida Department 
of Environmental Protection. (Added 6/10, Ord. 10-07)  
 
 
 

ConservaƟon Element 
 
C‐8 
OBJ C1.6  
Orange County shall require that mining be regulated to prevent adverse 
impacts to air, groundwater, surface water, and other natural resources. 
(Added 12/00, Ord. 00-25) 
POLICIES 
C1.6.1  
Orange County shall regulate any proposed mining activities to ensure such uses are 
compatible with their surroundings and are environmentally acceptable.","Based on the provided excerpts, I will compare the open space or conservation area requirements in Orange County and Pasco County.

**Pasco County:**

Pasco County has a comprehensive plan that includes several policies related to conservation and environmental protection. The plan aims to permanently protect environmentally sensitive lands through the Environmental Lands Acquisition and Management Program (ELAMP) [Pasco County, pp. 534-536]. The ELAMP seeks to protect natural communities, including uplands and wetlands, and conserve viable populations of native plants and animals [Pasco County, pp. 534-536].

Pasco County shall continue to purchase environmentally sensitive lands through the ELAMP, which is designed to protect natural communities, conserve native plants and animals, and protect water resources and wetland systems [Pasco County, pp. 534-536]. The county shall also ensure the protection and proper use of environmentally sensitive lands acquired through the ELAMP by developing environmental management plans [Pasco County, pp. 534-536].

In addition, Pasco County has implemented a reclaimed-water system, known as the Pasco County Master Reuse System (PCMRS), which provides irrigation to over 12,000 residential properties, golf courses, schools, and other industrial and commercial properties [Pasco County, pp. 760-762]. The county has also established an extensive network of environmental monitoring stations to monitor water levels and wetland health near major production facilities [Pasco County, pp. 754-756].

**Orange County:**

Orange County's comprehensive plan includes policies related to conservation and environmental protection, but they are less specific than those in Pasco County. The plan encourages the acquisition of public resource-based parkland through the Conservation Trust Fund (CTF) [Orange County, pp. 339-341]. However, there is no specific policy requiring the purchase of environmentally sensitive lands or the development of environmental management plans.

Orange County shall preserve and maintain existing public parks and recreation facilities through adequate operating budgets and proper management techniques [Orange County, pp. 339-341]. The county shall also ensure that sidewalks and/or bikeways are provided to link residential areas to park sites where feasible [Orange County, pp. 339-341].

In terms of open space or conservation area requirements, Orange County recommends an upland buffer of a minimum of 25 feet for all wetland systems, unless scientific data dictate a larger or smaller buffer [Orange County, pp. 319-321]. However, this is a recommendation rather than a requirement.

**Comparison:**

Based on the provided excerpts, Pasco County has more specific and enforceable policies related to conservation and environmental protection than Orange County. Pasco County has a comprehensive plan that includes policies requiring the purchase of environmentally sensitive lands, the development of environmental management plans, and the protection of natural communities. In contrast, Orange County's policies are more general and encouraging, with fewer specific requirements.

In terms of open space or conservation area requirements, Pasco County has more stringent requirements, including the protection of environmentally sensitive lands and the development of environmental management plans. Orange County's requirements are less specific, with a recommended upland buffer of 25 feet for wetland systems.

**Sources:**

* Pasco County: [Pasco County, pp. 534-536], [Pasco County, pp. 760-762], [Pasco County, pp. 754-756]
* Orange County: [Orange County, pp. 339-341], [Orange County, pp. 319-321]"
Which counties provide the clearest evidence of land acquisition or conservation easement tools for environmental protection?,"ignated for flood control, protection of quality or quantity of groundwater or surface water, 
floodplain management, or protection of vegetative communities, wildlife habitats or similar. 
The Future Land Use Plan addresses conservation future land use as defined above.  There are lands 
which have been designated “conservation” for the purpose of protecting natural resources or 
environmental quality. 
The Future Land Use Plan Map series may identify flood prone areas, wetlands, existing and planned 
waterwells, rivers, bays, lakes, minerals and soils, which are land cover features but are not land uses.  
Therefore, although these natural resources are identified within the Future Land Use Plan Map 
series, they are not designated on the Future Land Use Plan Map as conservation areas.  However, 
the constraints on future land uses of these natural resources are addressed in the following goal, 
objectives and policy statements. 
CONSERVATION GOAL, OBJECTIVES AND POLICIES 
GOAL V - CONSERVE, THROUGH APPROPRIATE USE AND PROTECTION, THE RESOURCES 
OF THE COUNTY TO MAINTAIN THE INTEGRITY OF NATURAL FUNCTIONS. 
OBJECTIVE V.1 
The County shall continue to enforce provisions within the site plan review 
process to protect air quality by requiring the appropriate siting of development 
and associated public facilities. 
Policy V.1.1 
The County shall require that all appropriate air quality permits necessary for the 
activity to be identified prior to the issuance of the development order, so that 
minimum air quality levels established by the Florida Department of 
Environmental Protection are maintained in the County. 
OBJECTIVE V.2  The County, in order to protect the quality and quantity of current and projected 
water sources, shall continue to require a 500-foot wellfield protection area 
around community water system wells.  In addition, the County in order to 
protect high groundwater aquifer recharge areas as designated by the Water 
Management Districts and depicted in Appendix A of this Comprehensive Plan, 
shall continue to limit development in these areas as specified in the groundwater 
aquifer recharge protection policy contained within the Sanitary Sewer, 
Drainage, Potable Water and Natural Groundwater Aquifer Recharge Element of 
this Comprehensive Plan. 
Policy V.2.1 
The County as part of the development review process shall require the coordination 
of development plans with the Florida Department of Environmental Protection and 
the Water Management District to assist in the monitoring uses which may impact the 
current and projected water sources of the County. 
 
 

 
 
 
V - 2 
Policy V.2.2 
The County shall protect the present water quality classification established by 
the Florida Department of Environmental Protection by prohibiting industrial 
uses, commercial uses and intensive agricultural uses, such as milking barns and 
chicken houses, to be located immediately adjacent to the County’s surface water 
bodies.  For the purpose of this Comprehensive Plan “surface water” means 
water above the surface of the ground whether or not flowing through definite 
channels, and including:  
1. 
A natural or artificial pond, lake, reservoir, or other area which ordinarily 
or intermittently contains water and which has a discernible shoreline; or  
2.

s defined above.  The 
conservation future land use category shown on the Future Land Use Plan map identifies public lands 
which have been designated ""conservation"" for the purpose of protecting natural resources or 
environmental quality. 
The Future Land Use Plan map series includes the identification of flood prone areas, wetlands, 
existing and planned waterwells, rivers, bays, lakes, minerals and soils, which are land cover features, 
but are not land uses.  Therefore, although these natural resources are identified within the Future 
Land Use Plan map series, they are not designated on the Future Land Use Plan map as conservation 
areas.  However, the constraints on future land uses of these natural resources are addressed in the 
following goal, objective and policy statements. 
 
CONSERVATION GOAL, OBJECTIVES AND POLICIES 
GOAL V - CONSERVE, THROUGH APPROPRIATE USE AND PROTECTION, THE RESOURCES 
OF THE COUNTY TO MAINTAIN THE INTEGRITY OF NATURAL FUNCTIONS. 
OBJECTIVE V.1 
The County shall establish provisions within the site plan review process to 
protect air quality by requiring the appropriate siting of development and 
associated public facilities. 
Policy V.1.1 
The County shall require that all appropriate air quality permits are obtained 
prior to the issuance of development orders, so that minimum air quality levels 
established by the Florida Department of Environmental Protection are 
maintained in the County. 
OBJECTIVE V.2  
The County, in order to protect the quality and quantity of current and projected 
water sources, hereby establishes a 300-foot wellfield protection area around 
community water system wells.  Following the future determination of cones of 
influence around community water system wells, the County shall amend this 
Comprehensive Plan based upon such determination.  In order to calculate and 
establish cones of influence for community potable water wells within the 
unincorporated areas, the County shall work with the Water Management District 
to prepare data and analysis for the calculation of the cones of influence. 
 
 

 
 
 
V - 2 
Policy V.2.1 
The County, as part of the development review process, shall require the 
coordination of development plans with the Florida Department of Environmental 
Protection and the Water Management District to assist in the monitoring uses 
which may impact the County's current and projected water sources. 
Policy V.2.2     
The County shall protect the present water quality classification established by 
the Florida Department of Environmental Protection by prohibiting industrial 
uses, commercial uses (other than neighborhood commercial uses) and intensive 
agricultural uses, (the term intensive agriculture means those agricultural uses 
requiring an industrial waste permit from the Florida Department of 
Environmental Protection) to be located within 300 feet of the County's surface 
water bodies, as shown on Illustration A-IV, entitled Rivers and Lakes. 
Policy V.2.3     
The County shall identify and make recommendations, where appropriate, for 
the purchase of environmentally sensitive lands, for the restoration of water 
quality, natural hydrology, aquatic vegetation (weed control and restoration of 
aquatic grass beds and shoreline) and the floodplains of Falling Creek, Deep 
Creek, Rose Sink  and Robinson Branch, by the state of Florida, Water 
Management District, or U.S.

onstruction shall demonstrate
conservation strategies for natural resources, opti-
mize the use of renewable energy sources, and the use
of sustainable building materials.
F.S. Intent:
Protect wildlife and natural areas
Achieve a cleaner, healthier environment
Assure the efficient use of land and other re-
sources
Related Planning Principle:
Create sustainable development patterns that al-
low efficient and flexible growth opportunities as
the market and population change over time
Adjacent Policies: LUD 4.15, LUD 4.16, TP 5.15 and
PF 7.4
# POLICY NRC 6.3.
Enact Land Development Code Regulations that en-
courage Low-Impact Development Techniques for
Stormwater Management
An effective stormwater management system is essen-
tial for protecting communities from runoff and flood-
ing impacts. The County should regularly consider
improvements to its Best Management Practices and
standards. Low-Impact Development (LID) tech-
niques utilize the project area's natural features to
address stormwater management, which may pro-
duce benefits such as reduced land area needed for
ponds, less hardscape/conveyance infrastructure, and
potential improved water quality.
The Land Development Code regulations for Con-
nected City shall incorporate incentives for LID tech-
niques consistent with SWFWMD standards as part
of the overall Stormwater Management strategy. The
County should measure the water quality differential
(primarily focusing on Nitrogen levels) between LID
and non-LID techniques utilized, to assess the benefit
of the differing stormwater management methods.
F.S. Intent:
Protect wildlife and natural areas
Wetland Protection Example (Heidt Design)
LID Example (Stock Image)
§ 6
PASCO COUNTY COMPREHENSIVE PLAN
CH14:72
e 
e 

Achieve a cleaner, healthier environment
Assure the efficient use of land and other re-
sources
Related Planning Principle:
Create sustainable development patterns that al-
low efficient and flexible growth opportunities as
the market and population change over time
Adjacent Policy: LUD 4.16
# POLICY NRC 6.4.
The Connected City Overlay shall enhance the Coun-
ty's current water conservation strategy
MEASURE:
Annual Average Daily Water Consumption per
ERU
BASELINE:
215 GPD Potable Water
GOAL:
SWFWMD standards for Potable Water
Water conservation is essential to establish an econom-
ically and environmentally sustainable and resilient
community. The Land Development Code shall ad-
dress water conservation techniques in addition to
those identified within the 10 year Water Supply Plan
to reduce annual average daily water consumption to
150 GDP for water per ERU. The LDC shall consider
the following techniques to reduce water consump-
tion:
# 100% of new construction within Connected City
to meet Waterstar program or similar program con-
servation standards, which include: water efficient
appliances, plumbing fixtures, irrigation systems and
landscapes, as well as water quality benefits from
best management practices in landscapes.
# Alternative conservation methods shall be consid-
ered as new techniques become available that can be
supported by available advanced technology.
# New construction to utilize reclaimed water for
irrigation, and other future potential uses (such as
toilets), where it is available consistent with Pasco
County Utilities Department policy.

te the Conservation Element providing for the 
promotion of the conservation, use and protection of the County's natural resources.  The data 
collected for this plan element and analysis of this data, contained in the County's Data and Analysis 
document, are not part of this plan element, but serve to provide a foundation and basis for the 
formulation of this portion of the Comprehensive Plan. 
Conservation uses are defined as activities within land areas designated for the purpose of conserving 
or protecting natural resources or environmental quality and within this plan includes areas designated 
for such purposes as flood control, protection of quality or quantity of groundwater or surface water, 
floodplain management, or protection of vegetative communities or wildlife habitats. 
The Future Land Use Plan map addresses conservation future land use as defined above.  The 
conservation future land use category shown on the Future Land Use Plan map identifies public lands 
which have been designated ""conservation"" for the purpose of protecting natural resources or 
environmental quality. 
The Future Land Use Plan map series includes the identification of flood prone areas, wetlands, 
existing and planned waterwells, rivers, bays, lakes, minerals and soils, which are land cover features, 
but are not land uses.  Therefore, although these natural resources are identified within the Future 
Land Use Plan map series, they are not designated on the Future Land Use Plan map as conservation 
areas.  However, the constraints on future land uses of these natural resources are addressed in the 
following goal, objective and policy statements. 
CONSERVATION GOAL, OBJECTIVES AND POLICIES 
GOAL V - CONSERVE, THROUGH APPROPRIATE USE AND PROTECTION, THE RESOURCES 
OF THE COUNTY TO MAINTAIN THE INTEGRITY OF NATURAL FUNCTIONS. 
OBJECTIVE V.1     
The County shall maintain provisions within the site plan review process to 
protect air quality by requiring the appropriate siting of development and 
associated public facilities. 
Policy V.1.1     
The County shall require that all appropriate air quality permits are obtained 
prior to the issuance of development orders, so that minimum air quality 
levels established by the Florida Department of Environmental Protection are 
maintained in the County. 
OBJECTIVE V.2     
The County, in order to protect the quality and quantity of current and 
projected water sources, shall continue to require a 500 foot wellfield 
protection area around community water system wells.  In addition, the 
County in order to protect high groundwater aquifer recharge areas as 
designated by the Water Management District and depicted in Appendix A of 
this Comprehensive Plan, shall continue to limit development in these areas 
as specified in the goundwater aquifer recharge protection policy contained 
within the Sanitary Sewer, Drainage, Potable Water and Natural 
Groundwater Aquifer Recharge Element of this Comprehensive Plan. 
 
 

 
 
V - 2 
Policy V.2.1     
The County as part of the development review process shall require the 
coordination of development plans with the Florida Department of 
Environmental Protection and the Water Management District to assist in 
monitoring uses which may impact the current and projected water sources of 
the County.

se as defined above.  The 
conservation future land use category shown on the Future Land Use Plan map identifies lands which 
have been designated ""conservation"" for the purposes of protecting natural resources or 
environmental quality.   
The Future Land Use Plan map series includes the identification of flood prone areas, wetlands, 
existing and planned waterwells, rivers, bays, lakes, minerals and soils, which are land cover features, 
but are not land uses.  Therefore, although these natural resources are identified within the Future 
Land Use Plan map series, they are not designated on the Future Land Use Plan map as conservation 
areas.  However, the constraints on future land uses of these natural resources are addressed in the 
following goal, objective and policy statements. 
 
CONSERVATION GOAL, OBJECTIVES AND POLICIES 
GOAL V - CONSERVE, THROUGH APPROPRIATE USE AND PROTECTION, THE RESOURCES 
OF THE COUNTY TO MAINTAIN THE INTEGRITY OF NATURAL FUNCTIONS. 
OBJECTIVE V.1     
The County shall establish provisions within the site plan review process to 
protect air quality by requiring the appropriate siting of development and 
associated public facilities. 
Policy V.1.1     
The County shall require that all appropriate air quality permits are obtained 
prior to the issuance of development orders, so that minimum air quality levels 
established by the Florida Department of Environmental Protection are 
maintained in the County. 
OBJECTIVE V.2  
The County, in order to protect the quality and quantity of current and 
projected water sources, hereby establishes a 300 foot wellfield protection 
area around community water system wells.  In addition, the County in order 
to protect high groundwater aquifer recharge areas as designated by the 
Water Management District and depicted in Appendix A of this 
Comprehensive Plan shall limit development in these areas as specified in the 
high groundwater aquifer recharge protection policy of the Sanitary Sewer, 
Solid Waste, Drainage, Potable Water and Natural Groundwater Aquifer 
Recharge Element of this Comprehensive Plan. 
Policy V.2.1     
The County as part of the development review process shall require the 
coordination of development plans with the Florida Department of Environmental 
Protection and the Water Management District to assist in the monitoring uses 
which may impact the County's current and projected water sources. 

 
 
 
V - 2 
December 2016 
Policy V.2.2     
The County shall protect the present water quality classification established by 
the Florida Department of Environmental Protection by prohibiting industrial 
uses, commercial uses and intensive agricultural uses, such as milking barns 
and chickenhouses, to be located adjacent to the County's surface water 
bodies.  
Policy V.2.3     
The County shall identify and make recommendations, where appropriate, 
for the purchase of environmentally sensitive lands by the State of Florida, 
Water Management District, or U.S. Government, under the programs 
administered by the U.S. Department of Interior, Florida Department of 
Natural Resources or the land acquisition programs of the Water 
Management District. 
Policy V.2.4 
The County shall require a 35-foot natural buffer around all wetlands, unless 
said wetlands are subject to a dredge and fill permit issued by the U.S.","Based on the provided excerpts, the counties that provide the clearest evidence of land acquisition or conservation easement tools for environmental protection are:

1. Pasco County: Pasco County's Comprehensive Plan includes Policy NRC 6.3, which encourages Low-Impact Development (LID) techniques for stormwater management, and Policy NRC 6.4, which enhances the County's current water conservation strategy by reducing annual average daily water consumption to 150 GPD for water per ERU. Additionally, Pasco County's Comprehensive Plan includes a policy that requires the purchase of environmentally sensitive lands, but this policy is not as specific as the ones in the other counties. [Pasco County, pp. 949-951]

2. Suwannee County: Suwannee County's Comprehensive Plan includes Policy V.2.3, which requires the County to identify and make recommendations for the purchase of environmentally sensitive lands by the State of Florida, Water Management District, or U.S. Government. This policy is more specific than Pasco County's policy on land acquisition. [Suwannee County, pp. 65-67]

3. Bradford County: Bradford County's Comprehensive Plan does not explicitly mention land acquisition or conservation easement tools, but it does include policies that protect natural resources and environmental quality, such as requiring a 500-foot wellfield protection area around community water system wells. [Bradford County, pp. 75-77]

The other counties (Columbia County, Dixie County, and Suwannee County) have similar policies to Bradford County, but they do not provide as clear evidence of land acquisition or conservation easement tools for environmental protection.

It is worth noting that the policies in these counties are generally focused on protecting natural resources and environmental quality, but they do not always provide specific language on land acquisition or conservation easement tools."
"Across the corpus, what examples distinguish mandatory wildlife survey requirements from general habitat protection goals?","may exist on-site or may be expected to occur on-site. In addition, 
the applicant must discuss the wildlife habitat characteristics of 
the site and list any wildlife species observed through field survey. 
State and Federal requirements will give guidance until local 
management guidelines are developed. 
Policy 1.2.3: [HC] (EFF. 7/1/94; REV. EFF. 4/10/09) 
To further the purposes of affordable housing, the County will 
continue to survey all publicly owned land to determine what 
parcels are not needed for public purposes. After these parcels are 
evaluated for environmental and other constraints, the County 
will donate or sell appropriate parcels to non-profit providers of 
affordable housing and encourage other public agencies to donate 
or sell properties for the same purpose. 
 
Open Space Planning 
4. As an alternative to large-lot developments, Conservation 
Subdivisions shall be permitted within the Lake Protection land 
use category and shall include the following: 
a. Contain a minimum of 60% open space preserved in 
perpetuity through a conservation easement and 
comprised of such things as preservation and 
conservation features, Special Development Zones, 
undeveloped uplands, passive recreation areas, and 
storm water facilities designed as a community 
amenity; and 
b. Be developed at a maximum gross density of two 
dwelling units per acre or a maximum gross density of 
four dwelling units per acre when served by central 
water and sewer systems. 
To promote a mix of residential areas and perpetually 
protected open space and agricultural lands, Conservation 
Subdivisions are allowed and encouraged. Conservation 
Subdivision design in the Rural Residential land use may 
be permitted at a gross density of up to one unit per three 
acres with units clustered on no more than 50% of the site. 
Conservation Subdivisions must also permanently set 
aside at least 50% of the total site as open space and 
restrict development to the least environmentally sensitive 
and otherwise significant portions of the land. Residential 
lot size shall be a minimum of 0.5 acre.

y shall be conducted by an ecologist, biologist, or similar professional, and shall include 

 
21
an inventory of wildlife, as well as state and federally listed endangered and threatened plant and 
animal species, and species of special concern.  Site surveys shall address the following: 
 
1. 
The size and distribution of the native habitat.  
 
2. 
Wildlife and listed species populations within the proposed development site.  
 
3. 
The feasibility of and viability of on-site protection and management.  
 
4. 
Whether the proposed development site includes a wildlife corridor and the feasibility of 
maintaining the wildlife corridor.  
 
Policy 6-1.A:  Upland and wetland/aquatic habitat shall be connected wherever possible to create a 
mosaic of upland and wetland/aquatic habitat.  
 
Policy 6-1.B:  Clearing of native habitat shall be prohibited prior to development, meaning that 
clearing for uses other than legitimate agricultural and silvicultural uses shall be defined to be 
clearing as an adjunct to construction, and shall be subject to all provisions in the plan that apply to 
development.  
 
Policy 6-2:  Encourage the establishment of conservation easements and preservation areas for new 
development containing endangered, threatened or species of special concern on-site for the purposes 
of protecting significant wildlife habitat consistent with state and federal law. 
 
Policy 6-3:  If state and/or federally-listed endangered and threatened wildlife is found on 
developable sites, coordination will be initiated by the County with appropriate agencies to assure 
adequate protection of these wildlife populations consistent with state and federal law. 
 
Policy 6-4:  Enforce regulations which restrict disturbance of wetlands by development activity, 
including setbacks, prohibitions on dredge and fill, and vegetation clearing.  
 
Policy 6-5:  Encourage property owners, through public awareness programs, to enter into a 
voluntary agreement with the County to preserve environmentally sensitive habitat through a 
conservation easement, or with the Nature Conservancy, under the Florida Natural Areas Registry.  
 
Policy 6-6:  Cooperate and coordinate with the land management plans of the Department of 
Environmental Protection,  the U.S. Forestry Service, the U.S. Fish and Wildlife Service, and 
Northwest Florida Water Management District to ensure those agencies preservation goals are met, 
and ensure existing natural reservations are protected.  
 
Policy 6-7:  Cooperate and coordinate with Wakulla, Leon, Calhoun, Gulf, Franklin and Jackson 
Counties to ensure vegetative communities and environmentally sensitive habitats which overlap the 
County's jurisdiction are protected.  
 
Policy 6-8:  Wetlands, water bodies, rivers and creeks, sinkholes, caves and habitat of endangered, 
threatened and species of special concern are valuable resources which need protection, and are 
therefore designated as environmentally sensitive lands.  While the Future Land Use Map depicts 

 
22
that 89 percent of the County is in agricultural, resource-management and resource-protection uses, 
the County and City shall nevertheless ensure environmentally sensitive lands are protected by:

uded in the Habitat Study, many of which have been implemented or are currently under review.
These recommendations suggested a multifaceted, regional approach to conservation and wildlife habitat
protection that includes mechanisms associated with comprehensive planning, land acquisition, partnerships
with other resource agencies, and developer/landowner incentives. Some of these recommendations included:
a.
Establish a committee to assess land acquisition options.
b.
Consider a voter referendum for funding a land acquisition program.
c.
Establish priorities for land acquisition.
d.
Focus wetland and wildlife mitigation efforts into critical linkages and Ecological Planning Units.
e.
Encourage the development of a mitigation bank within critical linkages and Ecological Planning Units.
f.
Establish frequent communication with partner resource agencies.
g.
Establish a program for the protection of critical linkages and Ecological Planning Units through Compre-
hensive Plan policies and land development regulations.
h.
Develop a program for the protection of wildlife habitats in wellfields.
i.
Require resource management plans for developments greater than 40 acres in size.
j.
Sustain the agricultural land use in large contiguous blocks.
Since the acceptance of the Habitat Study by the Pasco County Board of County Commissioners in March 2002,
many of these recommendations have been implemented. Multiagency efforts to implement these measures have
included various aspects of the priorities identified by the Habitat Study. Overall, these resource protection
measures are comprehensive and regional in nature, guided by a study based on scientific investigations,
supported by input from the public, and carefully reviewed by the Board of County Commissioners.
The Conservation Element includes consideration of these recommendations and creates a comprehensive
regional strategy for the protection of natural resources. This includes aspects that are implemented through
regulations, acquisition, coordination of mitigation activities, and through land use strategies and developer
incentives. An introduction to set forth the intent and rationale for these various aspects is provided below.
CONSERVATION ELEMENT
CH3:5

REGULATORY FRAMEWORK
Critical Linkages
The Habitat Study commissioned by the Board of County Commissioners required the identification of
conservation areas that would connect existing tracts of public land throughout the County. The Habitat Study
identified seven critical linkages between tracts of publicly owned parcels that are, to varying degrees, set aside for
conservation purposes. The critical linkages varied in width depending on the distance between the tracts of
public land that they connect, the extent of alteration of natural linkages, and the nature of the riparian corridor.
In many instances, the critical linkages followed riverine systems, such as Fivemile Creek, South Branch, or the
headwaters of the Pithlachascotee River. In other instances, the critical linkages are comprised of an extensive
network of wetlands such as those that dominate the landscape between the Crossbar Wellfield and the
Connerton tract, and between the Connerton tract and the Cypress Creek Wellfield.

5. An applicant may accept the database without conducting a 
survey and comply with the protection measures of Paragraph 
E of this Policy. 
6. For purposes of this Policy, the results of a properly conducted 
survey are considered more conclusive than the database if 
conducted by the provisions of Paragraph 1 of this Policy. 
The City reserves the right to verify any information submitted 
by an applicant. 
D. The land encompassed in the listed species survey shall be as follows: 
1. For proposed developments or land clearing, not otherwise exempt, 
containing 50 acres or more, the entire area to be developed or cleared 
shall be surveyed. 
2. For proposed developments or land clearing, not otherwise exempt, 
containing less than 50 acres, which are part of a parcel or contiguous 
parcels of land containing 50 acres or more which was under common 
ownership on the effective date of the 2010 Comprehensive Plan, a 
minimum of 50 acres shall be surveyed inclusive of the proposed 
development area to be cleared. However, no landowner will be required 
to survey land they do not own. 
E. When a site proposed for development or land clearing is determined to contain 
listed species, those listed species and their habitat shall be protected in a manner 
which ensures the achievement of Objectives 3.3 and 3.5 and related policies, 
unless the proposed development or land clearing is otherwise exempt from the 
provisions hereof. The method of protection required by the City shall be 
determined on a case by case basis and shall be directly related to: the number 
and types of listed species present or presumed to be present on the site as 
determined by Paragraph C of this Policy; the size, type, quality and location of 
habitat; the life cycle needs supplied by the habitat, i.e., nesting, roosting, 
breeding, foraging, etc.; the size of the habitat in relation to the size of the site 
proposed for development or land clearing; the location of the site and the habitat 
in relation to existing or proposed wildlife corridors, Special Management Areas, 
Conservation land use designated properties; lands upon which a conservation 
easement already exists. 
1. The City shall require a habitat management plan which demonstrates how 
the listed species will be protected from the impacts of the proposed 
development or land clearing. The plan must be prepared by a qualified 
professional, reviewed by the FFWCC or USFWS and approved by the City 
City of Jacksonville 2045 Comprehensive Plan 
Conservation/Coastal Management Element 
21

Wildlife Corridors 
 
Policy I-1.3E: Development proposals that include priority conservation areas for wildlife 
corridors or other environmentally sensitive lands shall provide detailed environmental surveys 
in order to determine overall gross density. 
 
Policy I-2.3A: Map A establishes a future Muse Transportation Network that will support the 
Muse Study area and the surrounding area. This map establishes the future public arterial and 
major collector road corridors and their general alignment. This map will serve as the guide to 
establish needed corridors and the financial program to ensure that an acceptable level of 
service will be provided in the long-term future. The roadway alignments may be modified as 
more detailed development plans and environmental assessments are undertaken; however, 
the general number of corridors, their functional classification, and connections to adjacent 
lands will be preserved. Glades County shall continue to review and update, every six years, at 
a minimum, the future transportation needs of the Muse Study Area and will continue to amend 
the transportation needs plan to provide for needed arterial and collector roadway corridors. 
 
 
 
Land Acquisition 
 
No 
 
 
 
Wildlife Crossings  
 
Policy II-1.2B: Prevent conflicts in land use between roadway and railroad intersections. 1. The 
Road Department, in coordination with FDOT, shall identify critical roadway/railroad 
intersections for special treatment in traffic control and DRAFT Glades County 2050 
Comprehensive Plan Transportation Element Page 5 of 9 management. 2. The Road 
Department will restrict unnecessary crossing of railroads by roadways through its review of 
zoning and subdivision requests. 
 

 
Wildlife Surveys 
 
Policy I-1.3E: Development proposals that include priority conservation areas for wildlife 
corridors or other environmentally sensitive lands shall provide detailed environmental surveys 
in order to determine overall gross density. 
 
By the end of 2011, The County’s Land Development Code and/or Regulations will shall be 
revised to require major development proposals (projects over ten acres in size and more than 
two acres of impervious surfaces) to conduct a critical habitat survey. Development proposed in 
areas known as habitat for threatened, endangered and species of special concern shall be 
required to conduct a critical habitat survey regardless of size. Habitat areas shall be identified 
on the site plan for the proposed development. If listed species are found on the site and would 
be adversely impacted by the development, a specific mitigation/management plan must be 
prepared by the developer, including any necessary modifications to the proposed development, 
to DRAFT Amendments: Glades County 2050 Comprehensive Plan Conservation Element 
Page V-7 of V-12 ensure the preservation and maximum protection of the listed species and 
their habitats. 
 
 
Open Space Planning 
 
Agricultural/Open: Land areas intended for agricultural uses and to preserve for agricultural 
uses those lands with productive agricultural potential. Open spaces, park lands, water sheds 
and water recharge areas are also included in these areas. Densities shall be up to 1 residential 
unit per 20 acres. 
 
OBJECTIVE I-1.10: Glades County will promote and preserve existing agricultural uses and the 
rural setting by developing flexible density and clustering provisions in a Future Land Use 
Category that realigns density without diminishing prime rural and open space areas. Policy 
I-1.10A: Glades County will encourage the clustering of new residential units near commercial 
uses, whether existing or planned. Policy I-1.10B: Lower densities will be preserved around 
existing agricultural uses while minimizing density increases on vital rural sites.","Based on the provided excerpts, the following examples distinguish mandatory wildlife survey requirements from general habitat protection goals:

1. **Mandatory wildlife survey requirements:**
   - Liberty County requires a wildlife survey to be conducted by an ecologist, biologist, or similar professional, and shall include an inventory of wildlife, as well as state and federally listed endangered and threatened plant and animal species, and species of special concern. [Liberty County, pp. 20-22]
   - Duval County requires a listed species survey for proposed developments or land clearing containing 50 acres or more, and a minimum of 50 acres shall be surveyed inclusive of the proposed development area to be cleared. [Duval County, pp. 20-22]
   - Glades County requires a critical habitat survey for major development proposals (projects over ten acres in size and more than two acres of impervious surfaces) and for development proposed in areas known as habitat for threatened, endangered, and species of special concern. [Glades County, pp. 1-2]

2. **General habitat protection goals:**
   - Pasco County encourages the establishment of conservation easements and preservation areas for new development containing endangered, threatened, or species of special concern on-site for the purposes of protecting significant wildlife habitat consistent with state and federal law. [Pasco County, pp. 521-524]
   - Leon County encourages the donation or sale of parcels to non-profit providers of affordable housing, but does not require a wildlife survey. [Leon County, pp. 1-2]

3. **Enforceable policies vs. recommendations:**
   - Liberty County's Policy 6-4 states that ""Enforce regulations which restrict disturbance of wetlands by development activity, including setbacks, prohibitions on dredge and fill, and vegetation clearing."" [Liberty County, pp. 20-22]
   - Pasco County's Conservation Element includes regulatory frameworks, but the language is more general and does not specify enforceable policies. [Pasco County, pp. 521-524]

In summary, the provided excerpts indicate that mandatory wildlife survey requirements are typically found in counties that require a detailed survey to be conducted by a professional, such as an ecologist or biologist, and that the results of the survey are considered conclusive. In contrast, general habitat protection goals are often found in counties that encourage the establishment of conservation easements and preservation areas, but do not require a wildlife survey."
"Compare wildlife corridor or habitat connectivity language in Palm Beach County, Marion County, and Polk County.","The County recognizes the 
importance of connecting, protecting, andrestoring Florida’s Wildlife Corridor 
to preserve native habitats and ensure the health of local populations.In 
accordancewithThe Florida Wildlife Corridor Act, the County shall support 

efforts to reconnect the landscapetoprovide contiguous wilderness and 
working lands which are crucial to the survival of Florida’s species.The County 
shall continue to implement policies in support of vulnerable lands and 
enhance efforts to reduce habitat fragmentation. Habitat 
fragmentationoccurs when human activityencroaches on wildlife, altering the 
ecosystem and isolating species,which increasestheir 
vulnerability.Maintaining healthy habitats is critical to maintaining species’ 
health and ensuring proper ecosystem functions. Efforts to support the 
protection of wildlife habitats shall include the following: 
-​
AIdentification of opportunity areas whichshouldbe preserved 
toconnect existing habitats. 
-​
BContinuation ofthe County’s Natural/EnvironmentalLands 
Acquisitionand Management programwhich manages and 
preservessignificantnatural habitats,greenways, and open space areas. 
-​
CEnforcement of theUrbanBear Management Ordinance.  
-​
DCoordination with state and localagencies to access funding 
associatedwiththe Florida Wildlife Corridor Act 
-​
The County shall support structural modifications to State Road 46 
thatprovide permeability and allow for wildlife movement on appropriate 
roadsegments adjacent totheLower Wekiva River State Preserve. 
-​
As a condition for development approval, applicants shall be requiredto 
complete a survey of plants and wildlife including endangered,threatened, or 
species of special concern pursuant to Rules 39-27.003, 39-27.004 and 
39-27.00, Florida Administrative Code,utilizing the most current wildlife 
methodology guidelines publishedby the Florida Fish and Wildlife 
Conservation Commission andcurrent information from the Florida Natural 
Areas Inventory.Protection of listed species shall be accomplished either 
through on-site preservation or through relocation within the Protection 
Areathrough completion of a plan acceptable to, and permitted by, theFlorida 
Fish and Wildlife Conservation Commission. Incidental takingof listed species 
shall not be accepted unless the Florida Fish andWildlife Conservation 
Commission determines that a particular groupof animals on the site cannot 
be relocated or benefited by on-sitepreservation due to disease. 
 
-​
Taylor: 
-​
The County shall conserve and protect soils, native vegetative communities, 
wildlife,and wildlife habitats from adverse effects, with an emphasis on rare 
and endangeredspecies 

-​
The County shall require the use of best management practices for the 
conservation,appropriate use and protection of fisheries, wildlife and wildlife 
habitats, identify andprotect native wildlife and their habitats, including state 
and federally protected plantand animal species (endangered, threatened 
and species of special concern), withinproposed development sites and 
protection of these natural resources from theimpacts of development by the 
use of the Florida Fishand Wildlife ConservationCommission Strategic Habitat 
Conservation Areas maps, Florida Natural AreasInventory, and North Central 
Florida Strategic Regional Policy Plan RegionallySignificant Natural Resources 
map series to identify habitats which potentiallycontain endangered, 
threatened or species of special concern, and rare or uniquevegetative 
communities prior to granting development approval.Where adverse impacts 
cannot be avoided through site design or other means, theapplicant shall be 
required to develop a mitigation plan which will allow no netloss of individuals 
of designated species, in coordination and compliance with theFlorida 
Fishand Wildlife ConservationCommission.Policy V.4.3The County shall 
protectsnative vegetation and provides for the extensive use ofnative 
vegetation, thereby promoting the regeneration of natural habitats.The 
developer of any proposed development which is equal to or greater than 
20acres and located within areas identified by the Florida Fish and

may affect their property.  
The Board may authorize and/or request prescribed burning by the Division of Forestry, in accordance 
with the State of Florida’s Silvicultural Best Management Practices guidelines and rules.  
 
 
Objective 5 
Endangered and Threatened Wildlife  
 

 Levy County Comprehensive Plan                                                            Goals, Objectives & Policies       
 
 
 
 
 
Conservation Element                                                                               
                        8 of 14 
 
The County, in cooperation with the Florida Fish and Wildlife Conservation Commission (FWC) 
and the Florida Department of Environmental Protection, shall identify the locations of, and protect 
endangered and threatened wildlife species.     
 
 
Policy 5.1 The County shall regulate development and prohibit activities known to adversely 
affect the survival of endangered and threatened wildlife.   
 
Wildlife Habitat Management 
 
 
Policy 5.2 The habitat of any threatened or endangered species shall be managed to ensure 
survival of that species, with a population equal to or greater than existed prior to development.  
Mitigation activities shall sustain or increase the carrying capacity of that habitat in accordance with a 
State approved management plan (i.e., FDEP and FWC). 
 
 
 
Policy 5.3 A portion of the land area in each subdivision or planned unit development that 
includes habitat for any listed, threatened or endangered species will preserve or restore native wildlife 
habitat.  An adequate amount of land will be provided to support viable population of plant and animal 
species, including endangered and threatened species.  
 
Wildlife Assessment and Management Plan 
 
 
Policy 5.4 A wildlife assessment and protection plan, when applicable, will be required for 
proposed subdivisions and planned unit developments.  Proposed development requests shall be referred 
to the appropriate regulatory agency to identify and ensure protection of threatened and endangered 
species and habitats. 
 
 
Policy 5.5 The County shall request assistance from the Florida Department of Environmental 
Protection (FDEP) and Florida Fish and Wildlife Conservation Commission (FWC) in the development of 
wildlife management plans to protect and preserve identified endangered wildlife and species of special 
concern.  
 
Objective 6 
Protect the Quality and Quantity of Current and Projected Water Sources   
 
 
Protect, appropriately use and conserve the quality and quantity of current and projected water 
sources within the County including surface water, springs, groundwater and waters that flow into the 
Gulf of Mexico.  
 
 
Policy 6.1 Any activities known to adversely affect the quality and quantity of water sources will 
be prohibited by the County through adopted local ordinances and rules. 
 
 
Policy 6.2 The County will coordinate plans for growth and development with the Suwannee 
River Water Management District (SRWMD) and the Southwest Florida Water Management District 
(SWFWMD) to protect the hydrological characteristics of the area. A development review process shall 
be developed to enhance the coordination and use of technical assistance services available to the County 
from the Water Management Districts.

Palm Beach County Comprehensive Plan 
Wildlife Corridors: 
• Mentioned first by name as a definition: “Wildlife corridor- widespread, continuous or 
near-continuous system of wildlife habitat that is established by linking wildlife 
preserves, sanctuaries, refuges, parks or open space areas to provide a pathway for 
wildlife movement.” 
• Policy 1.8-b: “[For West of the L-7 Canal] Specific Uses: Existing uses; Mining, 
excavation and other related uses consistent with the Overlay, and for Everglades 
restoration and water management purposes; Conservation, including wildlife corridors; 
Florida Power and Light (FPL) Power Plant and related cooling areas; and Employment 
Center 
• Objective 5.6 Greenways and the Linked Open Space System (GLOSS) 
o Three types of open space links or greenways are included in the Greenways 
andLinked Open Space Program. These are: ""Ecological/Conservation 
Greenways"" or ""Wildlife Corridors"", which connect conservation areas to allow 
animal migration (and primitive hiking where feasible); ""Small Ecological 
Greenways"" which allow connection of upland areas to preserve high quality 
native vegetation within urban areas; ""Passive Recreational Greenways ""which 
connect residential areas to parks, beaches, urban preserves and other open space 
features and which may use drainage canal maintenance areas and/or right-of-
way, and road rights-of-way for these connection.” 
• Policy 2.1-b: “The County shall continue to protect native plant and animal populations 
through all available methods including the mapped inventory and the requirements 
within the Unified Land Development Code by establishing preserves, buffers, 
greenways, wildlife corridors, and open spaces.” 
• Mentioned several more times in “Goal 5: Linked Open Space Network – Conservation 
Greenways/ Wildlife Corridors.” 
Land Acquisition: 
• Objective 1.5 (Three possible development scenarios). ""At the completion of Phase I, the 
BCC selected the Bond Alternative with direction for a bond referendum on land 
acquisition and for the Consultants to prepare Phase II.” 
• Policy 1.5-c:” The Board of County Commissioners shall develop and implement a land 
acquisition and/or development rights acquisition program, utilizing the Conservation 
Land Acquisition Selection Committee with staffing from County departments.” 
• Policy 5.6-e: “The County shall continue to implement the strategies contained within the 
Comprehensive Plan to achieve a GLOSS components and identify possible funding 

sources for land acquisition to link conservation areas, and to encourage the creation of 
environmental systems, and recreational areas.” 
Wildlife crossing: 
• There were several mentioning's of “railway crossings” for pedestrians, but none for the 
purpose of wildlife. 
Wildlife Surveys: 
• Policy 2.4-d: “The County shall continue to require listed species surveys for all sites 
known to or likely to contain listed species. The surveys shall be required prior to 
development approval or commencement of agricultural activities and shall include, but 
not be limited to, species type, location, and quantity.” 
• All other types of surveys mentioned were employer, health, or other user surveys that 
were not related to wildlife. 
Open Space Planning: 
• As mentioned earlier, the “Linked Open Space Program” specifically addresses open 
space planning. 
• From before: Policy 2.1-b: “The County shall continue to protect native plant and animal 
populations through all available methods including the mapped inventory and the 
requirements within the Unified Land Development Code by establishing preserves, 
buffers, greenways, wildlife corridors, and open spaces.” 
• Policy 1.1-c: “The recommendations of Citizen Advisory Groups and/or Review 
Committees as may be established or sanctioned from time to time by the Board of 
County Commissioners will be considered in the appropriate stages of the recreation and 
open space planning process.”

basis.  
32 
OBJECTIVE VI-1.4  COORDINATION WITH LOCAL, REGIONAL, STATE AND FEDERAL 
33 
AGENCIES FOR PROTECTION OF WILDLIFE AND HABITAT 
34 
Lake County shall coordinate with the plans and programs of local, regional, state and federal agencies in 
35 
order to more effectively and efficiently protect and manage the wildlife and habitat resources of the 
36 
County including, but not limited to, listed species, wetlands and freshwater habitats, environmentally 
37 
sensitive areas, and wildlife corridors. 
38 
Policy VI-1.4.1  Habitat and Wildlife Preservation 
39 
The County shall cooperate with federal, state, and local agencies to protect and maintain viable habitat 
40 
for species designated as endangered, threatened, or species of special concern.  Lake County shall conserve 
41 

2030 Comprehensive Plan 
Updated October 7, 2025 
286 
habitat and wildlife populations in order to maintain the health of natural ecosystems and maintain 
1 
biodiversity.  
2 
Policy VI-1.4.2  Freshwater Habitat and Wildlife 
3 
The County shall seek and utilize management plans developed by the Florida Fish and Wildlife 
4 
Conservation Commission, Lake County Water Authority, Florida Department of Environmental Protection, 
5 
and U. S. Fish and Wildlife Service, and other relevant agencies in developing strategies for the protection 
6 
and restoration of significant aquatic habitat and aquatic species, including but not limited to species listed 
7 
as endangered, threatened, or species of special concern. 
8 
Policy VI-1.4.3  Identification and Protection of Wildlife and Habitat Corridors 
9 
Lake County shall cooperate with federal, state and local agencies and conservation organizations to 
10 
identify wildlife and habitat corridors that serve as biological connections between natural areas, and shall 
11 
implement programs that protect the viability of these corridors. These programs shall include focused land 
12 
acquisition initiatives, conservation easements, and appropriate regulatory measures.  
13 
Policy VI-1.4.4  Identify and Protect Designated Species and Critical Habitat 
14 
The County shall cooperate with state and federal agencies to determine the presence and habitat 
15 
distribution of designated species.  The County shall cooperate with these agencies to prevent further 
16 
reductions in designated species populations.  
17 
Policy VI-1.4.5  Predevelopment Survey for Designated Species and Protection from 
18 
Development 
19 
Activities that require the alteration or clearing of habitat of designated species shall be surveyed for 
20 
occurrences of designated species by a qualified biologist prior to the issuance of a development permit.    
21 
Where viable habitat for designated species occurs on a site, and evidence of individuals are present, a 
22 
management plan protecting these species shall be submitted by the applicant.  The plan must be approved 
23 
by the County in consultation with Florida Fish and Wildlife Conservation Commission before development is 
24 
authorized.  
25 
Policy VI-1.4.6  Designated Species Management Plans 
26 
The County shall adopt agreements with local governments and state and federal agencies as necessary, 
27 
pertaining to the protection and enhancement of designated species.

Okaloosa County 
Wildlife corridors: 
• The county goals focus on protecting natural resources, including wildlife habitats, and 
estuarine and riverine systems that act as corridors. 
• Planning strategies prioritize connectivity to the Florida Wildlife Corridor, which 
includes Priority 1, 2, and 3 areas of the Florida Ecological Greenways Network (FEGN). 
• Policy C-1.2.4 emphasizes establishing inter-local agreements with adjacent local 
governments to protect unique vegetative communities and river systems that cross 
jurisdictional boundaries. 
Land acquisition: 
• The county utilizes state programs like Florida Forever and the Rural and Family Lands 
Protection Program for the acquisition of conservation lands or easements. 
• Recent efforts include expanding protected areas near military installations, such as 
Naval Air Station Whiting Field, to protect both the natural resources and the military 
mission. 
• Preference is given to land acquisitions that preserve or enhance wildlife habitats, 
corridors, and linkages to agricultural and rural lands. 
Wildlife crossings: 
• The plan recognizes wildlife underpasses as critical tools for reducing vehicle-animal 
collisions and mitigating habitat fragmentation. 
• Guidelines suggest incorporating wildlife crossings or natural banks for threatened and 
endangered species when new bridge or culvert projects would cause habitat 
fragmentation. 
• Funding is often sought for projects that reduce wildlife-vehicle collisions, particularly 
when paired with fencing that guides animals toward safe underpasses. 
Wildlife surveys: 
• Before specific types of development occur, particularly in sensitive areas like wetlands, 
exact boundaries must be surveyed and clearly identified to protect the habitat (Policy 
2.1A). 
• The plan mandates ongoing inventory and mapping projects for sensitive ecological 
features, including steephead ravines, karst springs, and habitats for endangered or 
threatened species. 

• Local planning utilizes data from the University of Florida Center for Landscape 
Conservation Planning and the Florida Natural Areas Inventory (FNAI) to identify 
priority conservation areas. 
 
Open space planning: 
• Chapter 2.11 of the Comprehensive Plan addresses Recreation and Open Space, focusing 
on maintaining high quality of life and meeting population needs through public and 
private development. 
• The Agricultural (AG) District is used for the preservation of green spaces, conservation 
uses, and outdoor recreation. 
• Policy 2.1A allows for the transfer of development density from protected wetlands to 
other areas of a site to ensure natural areas remain open and undisturbed.","Based on the provided excerpts, here is a comparison of wildlife corridor or habitat connectivity language in Palm Beach County, Marion County, and Polk County:

**Wildlife Corridors:**

* Palm Beach County: The County shall continue to protect native plant and animal populations through all available methods, including the mapped inventory and the requirements within the Unified Land Development Code by establishing preserves, buffers, greenways, wildlife corridors, and open spaces. [Palm Beach County, p.2]
* Marion County (Levy County): The County shall regulate development and prohibit activities known to adversely affect the survival of endangered and threatened wildlife. [Levy County, p.8]
* Polk County: Not explicitly mentioned in the provided excerpts.

**Habitat Connectivity:**

* Palm Beach County: The County shall continue to implement the strategies contained within the Comprehensive Plan to achieve a GLOSS (Greenways and Linked Open Space) component and identify possible funding sources for land acquisition to link conservation areas, and to encourage the creation of environmental systems, and recreational areas. [Palm Beach County, p.2]
* Marion County (Levy County): The County shall regulate development and prohibit activities known to adversely affect the survival of endangered and threatened wildlife. [Levy County, p.8]
* Polk County: Not explicitly mentioned in the provided excerpts.

**Wildlife Surveys:**

* Palm Beach County: The County shall continue to require listed species surveys for all sites known to or likely to contain listed species. [Palm Beach County, p.2]
* Marion County (Levy County): A wildlife assessment and protection plan, when applicable, will be required for proposed subdivisions and planned unit developments. [Levy County, p.9]
* Polk County: Before specific types of development occur, particularly in sensitive areas like wetlands, exact boundaries must be surveyed and clearly identified to protect the habitat. [Okaloosa County, p.1]

**Land Acquisition:**

* Palm Beach County: The Board of County Commissioners shall develop and implement a land acquisition and/or development rights acquisition program, utilizing the Conservation Land Acquisition Selection Committee with staffing from County departments. [Palm Beach County, p.2]
* Marion County (Levy County): Not explicitly mentioned in the provided excerpts.
* Polk County: The county utilizes state programs like Florida Forever and the Rural and Family Lands Protection Program for the acquisition of conservation lands or easements. [Okaloosa County, p.1]

**Wildlife Crossings:**

* Palm Beach County: Not explicitly mentioned in the provided excerpts.
* Marion County (Levy County): Not explicitly mentioned in the provided excerpts.
* Polk County: The plan recognizes wildlife underpasses as critical tools for reducing vehicle-animal collisions and mitigating habitat fragmentation. [Okaloosa County, p.1]

**Open Space Planning:**

* Palm Beach County: The County shall continue to protect native plant and animal populations through all available methods, including the mapped inventory and the requirements within the Unified Land Development Code by establishing preserves, buffers, greenways, wildlife corridors, and open spaces. [Palm Beach County, p.2]
* Marion County (Levy County): Not explicitly mentioned in the provided excerpts.
* Polk County: Chapter 2.11 of the Comprehensive Plan addresses Recreation and Open Space, focusing on maintaining high quality of life and meeting population needs through public and private development. [Okaloosa County, p.1]

In summary, while all three counties have some language related to wildlife corridors or habitat connectivity, Palm Beach County has the most comprehensive language, including specific policies and objectives related to wildlife corridors, habitat connectivity, and open space planning. Marion County (Levy County) has some language related to regulating development and prohibiting activities that adversely affect endangered and threatened wildlife, but it is not as comprehensive as Palm Beach County's language. Polk County does not have any explicit language related to wildlife corridors or habitat connectivity in the provided excerpts."
"Which retrieved policies discuss wildlife movement across roads, underpasses, overpasses, or comparable mitigation?","Wildlife Corridors:  
Explicit Plan Language: 
●​ The plan does recognize planned and existing wildlife corridors as a consideration in 
transportation and infrastructure planning. 
●​ Policy B.1.6.14 states that the County shall consider Significant Natural Communities, 
Listed Species, wildlife habitat, planned and existing wildlife corridors, and 
environmentally sensitive areas in planning new roadway corridors to minimize impacts 
from construction, traffic flow, and maintenance.  
 
Land acquisition:  
While the Comprehensive Plan text itself includes some direction on environmental protection 
and open space, the detailed land acquisition program operates through a separate county 
initiative: 
Related County Program — LAMP: 
●​ St. Johns County runs a Land Acquisition and Management Program (LAMP), which 
evaluates and recommends properties for acquisition for conservation, ecological 
protection, green space, and passive recreation. These priorities include protecting listed 
species, habitats, and natural corridors consistent with conservation goals.  
Comprehensive Plan Alignment: 
●​ Policy A.1.1.3 in the plan calls for the County to research and apply for state and federal 
grants to purchase natural resources for conservation. 
●​ Policy A.1.10.4 notes the County may consider Transfer of Development Rights (TDR), 
Rural Land Stewardship, or similar land preservation programs to protect and preserve 
natural areas. 
 
Wildlife crossings: 
The plan directly addresses wildlife movement infrastructure: 
●​ Policy B.1.6.13 says the County shall require the use, where feasible, of wildlife 
crossings or underpasses designed to permit and encourage wildlife movement 
wherever a road, path, or bridge impacts movement, especially over streams, ravines, 
wetlands, preservation areas, and buffers. These structures should allow room for 
wildlife to pass safely without being interfered with or threatened by vehicles or 
pedestrians. 

Wildlife surveys:  
The Comprehensive Plan text itself does not explicitly include requirements for wildlife surveys 
 
 
Open space planning:  
Within the Plan Text: 
●​ The County has open space considerations embedded in several policy areas: 
○​ Policy A.1.7.3 says the County shall protect environmentally sensitive land 
through Land Development Code implementation.  
○​ Mixed Use policy requires at least 10% open space and parks/recreation where 
residential uses are included, and allows wetland areas to count toward open 
space.  
○​ The Natural Resource Protection objective includes density bonuses for 
protection of open space and uplands adjacent to wetlands.

Wildlife Corridors:  
Plan Text 
●​ The Santa Rosa County plan does not use the phrase “wildlife corridor” literally (I did not 
find this in the searchable text). Instead, its environmental protection policies focus 
broadly on conserving natural resources and avoiding sensitive areas.  
Relevant Policy Intent 
●​ Policy 1.1.D.1 directs that development in sensitive natural areas shall be avoided to the 
maximum extent feasible and, where development must occur, impacts must be 
mitigated under applicable state/federal rules. This supports habitat continuity, which is a 
core component of wildlife corridors.  
●​ The plan includes a Garcon Point Protection Area and other overlays that imply a special 
land use focus on protecting natural systems (which often function as movement 
corridors for wildlife). 
 
Land acquisition:  
Policy 1.1.B.5 states that Santa Rosa County will continue to implement its program of 
purchasing agriculture and conservation easements to preserve farmland and limit incompatible 
development. 
 
Wildlife crossings: 
The 2040 Plan text does not include any policy that explicitly requires or references engineered 
wildlife crossing structures (e.g., underpasses/overpasses). There is no search hit for “crossing” 
or similar infrastructure in the PDF.  
 
Wildlife surveys:  
The plan does not contain a specific policy requiring pre-development wildlife surveys or 
species inventories in the comprehensive plan text itself; such technical requirements are 
normally implemented through separate ordinances and the Land Development Code. 
Open space planning:  
Santa Rosa County’s plan includes a Recreation and Open Space Element (page ~277 
onwards) that sets goals for acquiring and managing open space and recreational lands, 

including natural areas—though I was not able to extract detailed policy language in this 
browsing session, the structure confirms its inclusion in the plan.

Wildlife Corridors 
 
Policy I-1.3E: Development proposals that include priority conservation areas for wildlife 
corridors or other environmentally sensitive lands shall provide detailed environmental surveys 
in order to determine overall gross density. 
 
Policy I-2.3A: Map A establishes a future Muse Transportation Network that will support the 
Muse Study area and the surrounding area. This map establishes the future public arterial and 
major collector road corridors and their general alignment. This map will serve as the guide to 
establish needed corridors and the financial program to ensure that an acceptable level of 
service will be provided in the long-term future. The roadway alignments may be modified as 
more detailed development plans and environmental assessments are undertaken; however, 
the general number of corridors, their functional classification, and connections to adjacent 
lands will be preserved. Glades County shall continue to review and update, every six years, at 
a minimum, the future transportation needs of the Muse Study Area and will continue to amend 
the transportation needs plan to provide for needed arterial and collector roadway corridors. 
 
 
 
Land Acquisition 
 
No 
 
 
 
Wildlife Crossings  
 
Policy II-1.2B: Prevent conflicts in land use between roadway and railroad intersections. 1. The 
Road Department, in coordination with FDOT, shall identify critical roadway/railroad 
intersections for special treatment in traffic control and DRAFT Glades County 2050 
Comprehensive Plan Transportation Element Page 5 of 9 management. 2. The Road 
Department will restrict unnecessary crossing of railroads by roadways through its review of 
zoning and subdivision requests. 
 

 
Wildlife Surveys 
 
Policy I-1.3E: Development proposals that include priority conservation areas for wildlife 
corridors or other environmentally sensitive lands shall provide detailed environmental surveys 
in order to determine overall gross density. 
 
By the end of 2011, The County’s Land Development Code and/or Regulations will shall be 
revised to require major development proposals (projects over ten acres in size and more than 
two acres of impervious surfaces) to conduct a critical habitat survey. Development proposed in 
areas known as habitat for threatened, endangered and species of special concern shall be 
required to conduct a critical habitat survey regardless of size. Habitat areas shall be identified 
on the site plan for the proposed development. If listed species are found on the site and would 
be adversely impacted by the development, a specific mitigation/management plan must be 
prepared by the developer, including any necessary modifications to the proposed development, 
to DRAFT Amendments: Glades County 2050 Comprehensive Plan Conservation Element 
Page V-7 of V-12 ensure the preservation and maximum protection of the listed species and 
their habitats. 
 
 
Open Space Planning 
 
Agricultural/Open: Land areas intended for agricultural uses and to preserve for agricultural 
uses those lands with productive agricultural potential. Open spaces, park lands, water sheds 
and water recharge areas are also included in these areas. Densities shall be up to 1 residential 
unit per 20 acres. 
 
OBJECTIVE I-1.10: Glades County will promote and preserve existing agricultural uses and the 
rural setting by developing flexible density and clustering provisions in a Future Land Use 
Category that realigns density without diminishing prime rural and open space areas. Policy 
I-1.10A: Glades County will encourage the clustering of new residential units near commercial 
uses, whether existing or planned. Policy I-1.10B: Lower densities will be preserved around 
existing agricultural uses while minimizing density increases on vital rural sites.

dors for lands that are currently in public ownership to protect and conserve native
vegetative communities, endangered and threatened species, and natural functions of wildlife habitats, including
wetlands.
POLICY TRA 3.5.1
TRANSPORTATION ELEMENT
CH7:61

POLICY TRA 3.5.2: PERMITTED USES/DEVELOPMENT STANDARDS (CONSISTENT WITH POL-
ICY CON 1.2.2)
Pasco County shall amend the Land Development Code by 2010 to adopt implementation measures for proposed
density or intensity increases in critical linkages. The implementation measures in the Land Development Code
shall include, but not be limited to, the following:
a.
Prohibit local roadway crossings of all designated critical linkages unless this crossing is necessary and
required as the only reasonable means of access to the uplands on a site. Any such crossing that is permitted
for local roadways shall be required to provide a wildlife under crossing that is designed to accommodate the
expected species of wildlife and the ecological conditions in the vicinity of the road and address the
following issues:
(1)
Size and location.
(2)
Type of crossing, including landscaping techniques (such as funneling).
(3)
Appropriate structural design.
(4)
Lighting.
(5)
Signage.
(6)
Fencing.
POLICY TRA 3.5.3: PUBLIC INFRASTRUCTURE AT CRITICAL LINKAGES (CONSISTENT WITH
POLICY CON 1.2.3)
Pasco County shall protect and enhance, as feasible, any existing wildlife crossings when future improvements to
the facilities are made. Any crossings of any designated critical linkages for collector or arterial roadways or for
utilities must be unavoidable and be minimized and shall be required to provide a wildlife under crossing that is
designed consistent with Policy TRA 3.5.2.a (Policy CON 1.2.2.d).
OBJECTIVE TRA 3.6: WETLANDS PROTECTION (CONSISTENT WITH OBJECTIVE CON 1.3)
Pasco County shall protect wetlands and the natural function of wetlands by implementing the following policy:
POLICY TRA 3.6.1: PUBLIC INFRASTRUCTURE (CONSISTENT WITH POLICY CON 1.3.14)
Pasco County shall, where feasible and practicable, locate and design roadway improvements to minimize the
acreage of adversely altered, jurisdictional wetland areas; minimize direct and indirect impacts on rivers, lakes,
and streams; and minimize impacts on endangered and threatened species and species of special concern.
OBJECTIVE TRA 3.7: CORRIDOR DESIGN STANDARDS (CONSISTENT WITH OBJECTIVE FLU
4.6)
In recognition that public streets serve a recreational purpose, the County shall evaluate the development of
design standards to establish a vision for the street network and enhance its visual quality, protect its scenic and
environmental resources, provide a framework of ideal standards and classification for its roadways, and promote
interconnectivity of its neighborhoods, parks, schools, and other civic uses.
POLICY TRA 3.5.2
PASCO COUNTY COMPREHENSIVE PLAN
CH7:62

POLICY TRA 3.7.1: DESIGN PRINCIPLES (CONSISTENT WITH POLICY FLU 4.6.1)
The visual and functional characteristics of streets are important in the design of the community. The design
principles are:
a.
Streets should be designed as a part of the public realm with amenities.
b.
Streets should be designed to accommodate a mix of travel modes, including vehicles, bikes, transit, and
pedestrians.
c.

No Specific Section dedicated to the Wildlife Corridor, but it is mention in a few parts:  
 
Policy I-1.2.7 Interpretation of Density and Intensity Allocations 
 
The maximum density or intensity provided within a Future Land Use Category shall not be construed as a 
guaranteed right or entitlement. The application of the goals, objectives, and policies within the Comprehensive 
Plan and zoning, subdivision, and site plan review criteria and procedures contained within the Land Development 
Regulations shall assure that the specific density or intensity assigned to a development project or parcel of land 
is compatible with established development patterns and protects natural resources. Criteria to be considered 
in allocating the specific density and intensity through zoning shall include, but not be limited to, the following: 
• Presence of onsite and adjacent natural resources or environmentally sensitive features such as surface 
waters, wetlands, tree canopy, upland habitat, listed species, wildlife corridors, and karst features; 
• Floodplain and flood hazards; 
• Neighborhood compatibility, cohesiveness and stability of established community character; 
• Compatibility to abutting land uses such as residential development or public conservation land; 
• Availability of infrastructure and services; and 
• Zoning overlay policies or special criteria contained within the Comprehensive Plan or Land Development 
Regulations specific to the area. 
 
Policy I-1.3.1.6 Open Space within Traditional Neighborhood Developments 
 
Open space shall be provided consistent with the applicable Future Land Use Category or Categories in which 
the Traditional Neighborhood Development is located. Open space within Traditional Neighborhoods shall be 
designed to enhance community aesthetics, provide common areas for passive recreation, and promote 
community trails and pedestrian connections. The following criteria for open space design within Traditional 
Neighborhoods apply: 
○​
﻿Where feasible, the internal open space system shall be connected to open space within adjacent 
properties and the County-wide system of public lands; 
○​
﻿Open space buffers and landscaping shall be used to maximize compatibility between existing and 
proposed land uses based on the intensity of proposed uses; 
○​
﻿Open space shall be planned to ensure the protection of natural resources including but not limited to 
wildlife and habitat, wildlife corridors, wetland buffers, karst features, and aquifer recharge areas.​
 Wetland impacts shall be limited to the greatest extent possible. Where impacts cannot be avoided, 
mitigation shall be required. All wetlands, wetland buffers, and open space shall be protected by 
Conservation Easement or similar recorded and legally binding instrument, to the extent allowed by 
law. 
Policy 1-1.4.3 Purpose of the Rural Future Land Use Series The Rural Future Land Use Series is intended 
to accomplish the following: 
 
• Maintain the rural character by permitting new single-family homes at a rural density and intensity, by 
encouraging large areas to remain in a natural or open state, by reducing road congestion, and by limiting 
commercial and civic uses to the needs of a rural community;","Based on the provided excerpts, the following policies discuss wildlife movement across roads, underpasses, overpasses, or comparable mitigation:

1. **St. Johns County**: Policy B.1.6.13 requires the use of wildlife crossings or underpasses where feasible, to permit and encourage wildlife movement. [St. Johns County, p.2]
2. **Glades County**: Policy II-1.2B requires the Road Department to identify critical roadway/railroad intersections for special treatment in traffic control and management, and to restrict unnecessary crossing of railroads by roadways. [Glades County, p.5]
3. **Pasco County**: Policy TRA 3.5.2 requires the provision of wildlife under crossings that are designed to accommodate the expected species of wildlife and the ecological conditions in the vicinity of the road. [Pasco County, p.663]
4. **Pasco County**: Policy TRA 3.5.3 requires the protection and enhancement of existing wildlife crossings when future improvements to the facilities are made. [Pasco County, p.663]

These policies are enforceable, as they use the word ""shall"" to indicate a mandatory requirement.

The following policies discuss wildlife movement, but do not specifically require underpasses or overpasses:

1. **St. Johns County**: Policy B.1.6.14 considers Significant Natural Communities, Listed Species, wildlife habitat, planned and existing wildlife corridors, and environmentally sensitive areas in planning new roadway corridors. [St. Johns County, p.2]
2. **Santa Rosa County**: Policy 1.1.D.1 directs that development in sensitive natural areas shall be avoided to the maximum extent feasible, and impacts must be mitigated under applicable state/federal rules. [Santa Rosa County, p.2]
3. **Glades County**: Policy I-1.3E requires development proposals that include priority conservation areas for wildlife corridors or other environmentally sensitive lands to provide detailed environmental surveys. [Glades County, p.2]
4. **Lake County**: Policy I-1.2.7 considers the presence of wildlife corridors in allocating density and intensity, and Policy I-1.3.1.6 requires open space to be planned to ensure the protection of natural resources, including wildlife and habitat. [Lake County, p.1]

These policies are either goals or recommendations, as they use the word ""shall"" to indicate a requirement, but also include language that is more general or advisory."
"Across Florida county comprehensive plans, what policy mechanisms most commonly support conservation open space?","velopment, 
21 
subject to County approval. The management plan shall establish conservation objectives, outline procedures, 
22 
and define the roles and responsibilities for managing open space, including establishment of a Qualified 
23 
Management Entity as appropriate. The management plan will also address wildlife mitigation requirements to 
24 
include vegetation management practices to prevent hazardous fuel buildup and possible wildfire threat within 
25 
the community. If not properly maintained, the County may enforce maintenance. Designated open space shall 
26 
be clearly delineated on project site plans, including recorded plats, and marked in the field.  
27 
A conservation or open space easement may be required by the County to ensure that the open space is 
28 
protected. If required, a conservation or open space easement shall run in favor of a:  
29 
• 
Conservation agency such as the Florida Department of Environmental Protection or water 
30 
management district; 
31 
• 
Non-profit conservation organization or land trust; or 
32 
• 
Lake County, subject to County approval. 
33 
Open space within a Rural Conservation Subdivision shall be clustered. Clustering shall mean that the built area 
34 
of the development site is well defined and compact, thereby enabling the creation of contiguous expanses of 
35 
open space and the protection of environmentally sensitive areas. At least 50% of required open space shall 
36 
be configured in a single contiguous tract. Open space shall be contiguous with protected open space on adjacent 
37 
parcels and public conservation lands to the maximum extent feasible and configured to ensure compatibility 
38 
with adjacent rural properties.  
39 
(Ord. No. 2023-08, § 2, 1-24-2023)  
40 
Policy I-1.4.6.1  Density Bonus in Rural Conservation Subdivisions 
41 
The maximum number of building lots or dwelling units in a rural conservation subdivision shall not exceed the 
42 
number that could otherwise be developed by the application of the minimum lot size requirement and/or density 
43 
standard of the future land use category in which the parcel is located, unless the Board of County Commissioners 
44 
determines that the applicant has met one of the bonus criteria. Such discretionary bonuses shall not exceed, in 
45 

2030 Comprehensive Plan 
Updated October 7, 2025 
70 
total, more than a twenty-five (25) percent increase in the density allowed under the applicable future land use 
1 
category.  
2 
Density Bonus Category 1: To Encourage Additional Open Space. A density increase is permitted where more 
3 
than the minimum required open space is provided. The amount of the density bonus shall be based on the 
4 
following standards: 
5 
• 
For each additional acre of protected, unconstrained (buildable), open space land provided in the 
6 
subdivision, two (2) additional building lots or dwelling units are permitted.  
7 
• 
In lieu of providing such additional open space within the proposed development, additional 
8 
property may be purchased in fee simple or less than fee (e.g. development rights) land separate 
9 
from the subdivision which is comprised of buildable land. Land purchased for conservation purposes 
10 
in fee may be dedicated to a unit of local government, the State of Florida, or a private nonprofit 
11 
land conservancy.  
12 
• 
For land purchased in less than fee, a conservation easement shall be recorded which restricts the 
13 
development potential of the land.

en space areas. The County shall coordinate with federal, state, 
regional, and local governments in the development of management plans of open spaces, 
preserves, and reserves. The County shall coordinate with the Florida Department of 
Environmental Protection (FDEP) and the Office of Greenways and Trails in the development of 
plans, agreements, and the usage of Cross Florida Greenway properties for recreation sites and 
facilities. The County shall coordinate with the appropriate agencies for canoe trails of the 
Chassahowitzka River, Crystal River, Homosassa River, Coastal Estuarine, and the Tsala 
Apopka Chain of Lakes. Private/Public Sector Objective 2.3 Policy 2.3.1 Policy 2.3.2 Policy 
2.3.3 Policy 2.3.4 The County shall require, during the development planning stage, adequate 

park, recreational, and open space facilities to meet the needs of the particular development 
and to promote active living. The County will assure that all residential development dedicate or 
provide active recreation and open space areas with operable facilities at the point of 
subdivision to promote active living as important to success. The calculation of recreation and 
open space areas by a development shall not include drainage retention areas, buffer areas, or 
related utilitarian facilities that do not provide active recreation, unless otherwise approved in a 
Planned Unit Development, as outlined in the Future Land Use Element. The County shall 
require that recreation and open space areas retained in private ownership be adequately 
operated and maintained. The County will provide impact fee credits for park facilities in 
accordance with the County Impact Fee Ordinance. 2- 29 Objective 2.4 Recreation and Open 
Space Element The County will continue to coordinate with all levels of government and the 
private sector to provide and improve recreational opportunities for all residents. Policy 2.4.1 
The Citrus County Board of County Commissioners shall maintain a working agreement with the 
Citrus County School Board for the general public's use of recreational facilities at County 
schools. Commitment to Access Objective 2.5 Policy 2.5.1 Policy 2.5.2 Policy 2.5.3 Policy 2.5.4 
Policy 2.5.5 Policy 2.5.6 Policy 2.5.7 Policy 2.5.8 The County shall provide access at public 
recreational sites, facilities, beaches, and shorelines for all. All new public and private parks and 
recreational facilities shall be designed and constructed with appropriate access-ways. The 
County shall maintain or improve public access to beaches and shores. The Parks and 
Recreation Division will continue to update its information and awareness program and 
disseminate information to all segments of the County's population. The Parks and Recreation 
Division will continue to implement a comprehensive signage design for all County operated 
recreation facilities. The Parks and Recreation Division shall provide handicapped access and 
facilities at all County maintained recreation sites. The County shall develop procedures to 
facilitate the acquisitions of properties which contain special features and/or shoreline and 
water- use access and establish criteria for selection and funding.

redevelopment towards lands designated for 
Mixed Use Development and clustering future development to reduce 
habitat fragmentation.  
Policy FLU 2.1.3 Green Print Coordination 
The County shall continue to coordinate with the State of Florida, the St. 
Johns River Water Management District, the Nature Conservancy, the Trust 
for Public Lands, the Congress of Regional Leaders of myregion.org, and all 
and other agencies involved in preservation of environmental assets to create 
a Countywide linked open space and Greenways/Trails/Blueways system that 
assists in permanent preservation of County and regional environmental 
assets, for the purpose of protecting local populations by connecting habitats, 
reducing habitat fragmentation, and supporting the 2021 Florida Wildlife 
Corridor Act. As a part of this effort, the County shall continue to support 
efforts by the State Legislature to maintain funding for the Florida Forever 
grant program that assists with local efforts to acquire environmentally 
significant features, and any successor program.  
Policy FLU 2.1.4 Conservation Easements 
The County shall continue to require conservation easements in accordance 
with Section 704.06, Florida Statutes, or dedication of post-development 
floodprone and wetland areas as a limitation to any future encroachment or 
development of these environmentally sensitive areas.  
Policy FLU 2.1.5 Natural/Environmental Lands Acquisition and Management Program 
The County shall continue to manage more than 6,500 acres of Natural Lands 
acquired through the 1990 “Natural Lands Bond Referendum” and November 
2000 “Natural Lands–Completing the Connection Bond Referendum” for the 
acquisition of significant natural habitats, open space areas and greenways. 
These environmental assets, which include eight Wilderness Areas and One 
Preserve, are open to the public for environmental education and passive 
recreation. The lands were designated as “Preservation/Managed Lands” on 
the Future Land Use Plan Map in 2008 in response to the 2006 Evaluation 
and Appraisal Report (EAR) Major Issue finding of a need to ensure that the 
County Comprehensive Plan is more accessible and understandable. The 
Seminole County Natural Lands Program is consistent with and supports the 
implementation of the 2021 Florida Wildlife Corridor Act and the Central 
Florida Regional Growth Vision. 
Policy FLU 2.1.6 Performance Standards for State Designated Environmental 
Protection Areas 
The County will continue to enact and enforce performance standards 
intended to preserve and enhance the natural features of the Wekiva River 
Protection Area, the Wekiva River Study Area, and the Econ Protection Area, 

 
 
 
 
WILDLIFE, NATURAL RESOURCES, & SUSTAINABILITY | FLU-18
as required by State Law, the Seminole County Comprehensive Plan, Land 
Development Code, and agreements with affected parties. 
OBJECTIVE FLU 2.2 PROTECTION OF WATER RESOURCES 
The County shall continue to protect its water resources by regulating development in sensitive 
areas, including floodplains, wetlands, and tributaries, and by encouraging water-efficient 
practices for all developed land. Water quality and quantity shall be preserved through 
conservation efforts and nature-based solutions.

3 
 
 
The County shall ensure the provision of open space as required in the County's Comprehensive 
Plan.  
    
 
Policy ROS.03.01 
 
 
The County shall adopt ,in the Land Development Code, specific standards for the provision and 
protection of open space.  
    
 
Policy ROS.03.02 
 
 
The County shall regularly review the Land Development Code to maximize the preservation of 
open space consistent with the goals ,objectives, and policies of this element and the future 
recommendations of the Parks and Recreation Master Plan. 
    
    
Policy ROS.03.03 
 
 
PUD and other mixed use developments shall be encouraged to provide large areas of open space 
and to provide recreation facilities beyond those necessary to be concurrent with the additional 
community needs they create. 
    
 
Policy ROS.03.04 
 
 
Conservation areas, including wetlands shall be reviewed for inclusion in a greenway system if they 
would provide a link to nature reserves, parks, cultural or historic sites or extensive floodplains, 
wetlands, lakes or waterways. Any area designated as a greenway shall count towards the 
development’s open space requirement. 
 
 
 
 
 
 
 
 
 
 
 
 
 
 
 
 
 
 
 
 
 
 
 

Effective on: 01/16/2022: Ord. 2021-28  
 
Nassau County 2030 Comprehensive Plan 
Recreation and Open Space Element 
Goals, Objectives and Policies 
Page 12  
 
OBJECTIVE ROS.04 
 
 
The County shall support and encourage appropriate and effective participation and partnership 
with non-governmental organizations in meeting Level of Service for parks and recreational 
facilities  
 
 
Policy ROS.04.01 
 
 
The county shall maintain partnerships with organizations such as Florida Communities Trust, the 
Trust for Public Land (TPL), The Nature Conservancy, The North Florida Land Trust, and other 
organizations to assist in providing the necessary funds to implement a long-range, financially 
feasible plan for the identification and acquisition of environmental resources, including lands for 
parks and recreation facilities of all types. 
 
 
Policy ROS.04.02 
 
 
The County shall encourage the creation of appropriate public-private partnerships as a model for 
structuring, funding and operating certain parks and recreation facilities, when it is beneficial to 
the citizens of the County.

n spaces, 
preserves, and reserves. 
 
Policy  2.2.3 
The County  shall coordinate with the Florida  Department of 
Environmental Protection (FDEP)  and the Office of Greenways and 
Trails in the development of plans,  agreements, and the usage of Cross 
Florida  Greenway properties for recreation sites and facilities. 
 
Policy  2.2.4              The County  shall coordinate with the appropriate agencies  for canoe 
trails of the Chassahowitzka River,  Crystal  River, Homosassa River, 
Coastal  Estuarine, and the Tsala Apopka Chain of Lakes. 
 
Private/Public Sector 
 
Objective 2.3 
The County  shall require,  during the development planning stage, 
adequate  park, recreational, and open space facilities  to meet the needs 
of the particular development and to promote active living. 
 
Policy  2.3.1 
The County will assure that all residential development dedicate or 
provide  active recreation and open space areas with operable facilities 
at the point of subdivision to promote active living as important to 
success. 
 
Policy  2.3.2  
 The calculation of recreation and open space areas by a development 
shall not include  drainage retention areas, buffer areas, or related 
utilitarian facilities  that do not provide active recreation, unless 
otherwise approved in a Planned Unit Development, as outlined in the 
Future  Land Use Element. 
 
Policy  2.3.3 
The County  shall require  that recreation and open space areas retained 
in private  ownership be adequately operated and maintained. 
 
Policy  2.3.4  
The County  will provide impact  fee credits  for park facilities  in 
accordance with the County  Impact  Fee Ordinance. 
 
 

 
 
Recreation and Open Space Element 
 
2- 30  
 
Objective 2.4 
The County  will continue  to coordinate with all levels  of government 
and the private  sector to provide and improve  recreational 
opportunities for all residents. 
 
Policy  2.4.1 
The Citrus  County Board  of County  Commissioners shall maintain a 
working  agreement with the Citrus  County  School Board  for the 
general public's  use of recreational facilities  at County  schools. 
 
Commitment to Access 
 
Objective 2.5 
The County  shall provide  access  at public  recreational sites, facilities, 
beaches,  and shorelines  for all. 
 
Policy 2.5.1 
All new public  and private parks  and recreational facilities  shall be 
designed  and constructed with appropriate access-ways. 
 
Policy 2.5.2 
The County  shall maintain  or improve  public access to beaches  and 
shores. 
 
Policy 2.5.3 
The Parks and Recreation Division will continue to update  its 
information and awareness  program and disseminate information to all 
segments  of the County's population. 
 
Policy 2.5.4               The Parks and Recreation Division will continue to implement a 
comprehensive signage 
design 
for 
all 
County 
operated  
recreation facilities. 
 
Policy 2.5.5 
The Parks and Recreation Division shall provide handicapped access 
and facilities  at all County maintained recreation  sites. 
 
Policy 2.5.6                The County  shall develop procedures to facilitate the acquisitions of 
properties which contain  special features  and/or shoreline  and water- 
use access and establish  criteria  for selection  and funding.","Based on the provided excerpts from Florida county comprehensive plans, the policy mechanisms most commonly supporting conservation open space are:

1. **Conservation Easements**: Required by the County to ensure that open space is protected. [Lake County, pp. 27-28]
2. **Open Space Easements**: May be required by the County to ensure that open space is protected. [Lake County, pp. 27-28]
3. **Density Bonus**: Permitted where more than the minimum required open space is provided, allowing for a density increase. [Lake County, pp. 42-45]
4. **Clustering**: Required in Rural Conservation Subdivisions to create contiguous expanses of open space and protect environmentally sensitive areas. [Lake County, pp. 34-36]
5. **Greenways/Trails/Blueways System**: The County shall create a Countywide linked open space and Greenways/Trails/Blueways system to assist in permanent preservation of County and regional environmental assets. [Seminole County, pp. 17-19]
6. **Conservation Areas**: Shall be reviewed for inclusion in a greenway system if they would provide a link to nature reserves, parks, cultural or historic sites, or extensive floodplains, wetlands, lakes, or waterways. [Nassau County, pp. 11-12]
7. **Partnerships with Non-Governmental Organizations**: The County shall maintain partnerships with organizations such as Florida Communities Trust, the Trust for Public Land (TPL), The Nature Conservancy, The North Florida Land Trust, and other organizations to assist in providing the necessary funds to implement a long-range, financially feasible plan for the identification and acquisition of environmental resources, including lands for parks and recreation facilities of all types. [Nassau County, pp. 11-12]

These policy mechanisms are designed to promote conservation open space, protect environmentally sensitive areas, and provide recreational opportunities for residents.

Note: The evidence is based on the provided excerpts and may not be exhaustive."
